video_id,content_theme,published_date,like_count,view_count,comment_count,tags_count,duration_minutes,video_length_bucket,title_length,weekday,comment_rate,like_rate
KQ2a4uawQBo,Other,2024-12-20,7111.0,52864,394.0,19,1.18,Short,81,Friday,0.75,13.45
bOR7S0j_wq8,Other,2024-12-19,642.0,44300,30.0,23,3.03,Short,90,Thursday,0.07,1.45
GRM8Q-1fVJ0,Teaser,2024-12-19,3300.0,201087,101.0,30,1.25,Short,96,Thursday,0.05,1.64
b0b8WBglCHo,Teaser,2024-12-18,354.0,19642,25.0,20,1.73,Short,53,Wednesday,0.13,1.8
QCPOl_7cdnQ,Teaser,2024-12-18,3455.0,117292,130.0,20,1.68,Short,61,Wednesday,0.11,2.95
fnW94seS5Z8,Action,2024-12-18,3414.0,196599,195.0,37,10.2,Long,85,Wednesday,0.1,1.74
xoS6bREFwzI,Other,2024-12-18,202.0,8612,9.0,25,2.38,Short,90,Wednesday,0.1,2.35
OEKlIWfjgxs,Other,2024-12-17,12031.0,407963,324.0,26,8.2,Short,93,Tuesday,0.08,2.95
YvDYWdRE1QE,Other,2024-12-17,1983.0,120608,25.0,23,5.03,Short,91,Tuesday,0.02,1.64
5cWxe6yMIKE,Other,2024-12-16,2798.0,125361,94.0,28,2.02,Short,88,Monday,0.07,2.23
rtPNAdvb0vc,Other,2024-12-16,356.0,11541,13.0,13,0.52,Short,62,Monday,0.11,3.08
IsQOfF7Hft0,Other,2024-12-16,121455.0,16376809,2173.0,5,3.23,Short,85,Monday,0.01,0.74
GRQLgMJIgls,Other,2024-12-15,444.0,27703,27.0,24,1.63,Short,72,Sunday,0.1,1.6
e17KNxmDK-s,Comedy,2024-12-15,2365.0,237928,66.0,16,2.57,Short,91,Sunday,0.03,0.99
86HQHDZLs7Y,Other,2024-12-14,119509.0,2555476,578.0,11,0.85,Short,71,Saturday,0.02,4.68
nODPA-8vc_w,Comedy,2024-12-14,26761.0,2050569,417.0,16,2.3,Short,56,Saturday,0.02,1.31
UzlOXq_B_vo,Other,2024-12-14,8282.0,376138,119.0,29,7.77,Short,94,Saturday,0.03,2.2
8_ilZmLtIBo,Romance,2024-12-14,3728.0,208496,115.0,24,2.75,Short,93,Saturday,0.06,1.79
aw7aOjvGbdc,Interview,2024-12-13,6897.0,307116,364.0,13,12.08,Long,86,Friday,0.12,2.25
r_wF3dh8JTo,Other,2024-12-13,8175.0,142299,46.0,29,0.25,Short,82,Friday,0.03,5.74
O90_Em-Tcn0,Other,2024-12-13,47887.0,3160377,813.0,20,9.85,Short,90,Friday,0.03,1.52
Y011of6b57E,Other,2024-12-12,13221.0,433176,205.0,29,12.18,Long,76,Thursday,0.05,3.05
kBeO6r2Q6eA,Other,2024-12-12,571.0,37387,32.0,24,1.32,Short,93,Thursday,0.09,1.53
31ZPeROlnq4,Other,2024-12-12,2910.0,199975,292.0,24,2.38,Short,90,Thursday,0.15,1.46
LBcoOZipqjY,Other,2024-12-11,367.0,21942,35.0,22,1.5,Short,96,Wednesday,0.16,1.67
kKY7uL56loo,Action,2024-12-11,16649.0,1036043,361.0,14,1.73,Short,91,Wednesday,0.03,1.61
gAdPoPSUi-8,Other,2024-12-11,18658.0,522511,38.0,16,0.63,Short,81,Wednesday,0.01,3.57
fYPG1KH2Si4,Other,2024-12-11,1850.0,79826,122.0,14,0.98,Short,62,Wednesday,0.15,2.32
eMuhMVqtmsI,Other,2024-12-10,16248.0,381397,576.0,37,8.55,Short,54,Tuesday,0.15,4.26
OFtWhDeTmCQ,Other,2024-12-10,19245.0,2524001,309.0,22,6.92,Short,94,Tuesday,0.01,0.76
UQjJViWXzIc,Other,2024-12-10,39684.0,774358,84.0,23,0.98,Short,78,Tuesday,0.01,5.12
4fFK1LU0U3c,Teaser,2024-12-10,256212.0,4260418,16279.0,19,2.27,Short,60,Tuesday,0.38,6.01
QbNv1LMPdPI,Comedy,2024-12-09,115622.0,6803890,1085.0,19,21.08,Long,97,Monday,0.02,1.7
dLPu7j82oHg,Other,2024-12-09,1141.0,82997,21.0,16,2.43,Short,99,Monday,0.03,1.37
3sTsUEW3X8o,Other,2024-12-09,588.0,34427,28.0,23,1.75,Short,72,Monday,0.08,1.71
jzJT89Y0x9w,Other,2024-12-08,4841.0,320162,125.0,11,1.63,Short,83,Sunday,0.04,1.51
WHM3SSCi9fY,Other,2024-12-08,12921.0,157635,864.0,16,1.15,Short,87,Sunday,0.55,8.2
ArrZ59gVJqU,Other,2024-12-08,2634.0,252267,122.0,14,1.97,Short,87,Sunday,0.05,1.04
67WsJLAKJng,Other,2024-12-07,1904.0,102115,60.0,23,2.72,Short,90,Saturday,0.06,1.86
yW1PoJ8GFVE,Other,2024-12-07,10143.0,1159854,461.0,24,3.5,Short,85,Saturday,0.04,0.87
O7-wY0J8N5I,Other,2024-12-07,630.0,26308,37.0,14,1.18,Short,98,Saturday,0.14,2.39
X8r_O9pUric,Interview,2024-12-06,4701.0,252618,177.0,24,10.57,Long,95,Friday,0.07,1.86
4liP09haI9g,Teaser,2024-12-06,8008.0,783798,281.0,14,3.72,Short,95,Friday,0.04,1.02
PiwXva7-d8o,Romance,2024-12-05,1070.0,31907,33.0,29,2.43,Short,92,Thursday,0.1,3.35
s5Y4HDjrLT4,Comedy,2024-12-05,12918.0,1395308,259.0,23,11.1,Long,92,Thursday,0.02,0.93
JmEy8uid_Hk,Teaser,2024-12-05,3937.0,336628,203.0,2,3.3,Short,58,Thursday,0.06,1.17
2zIGp0S9WEk,Romance,2024-12-04,2690.0,292062,111.0,17,2.6,Short,95,Wednesday,0.04,0.92
duMpH-KlrqA,Other,2024-12-04,1744.0,192879,47.0,17,3.6,Short,91,Wednesday,0.02,0.9
hU-I7frymcA,Other,2024-12-04,9035.0,671530,275.0,11,1.8,Short,79,Wednesday,0.04,1.35
IUsnelFWVNM,Comedy,2024-12-03,82773.0,6838028,1320.0,23,10.37,Long,92,Tuesday,0.02,1.21
lJxQ7KLXx2M,Other,2024-12-03,4539.0,327696,40.0,27,3.48,Short,87,Tuesday,0.01,1.39
ufDz0PUW5xI,Other,2024-12-03,921.0,39593,65.0,21,1.55,Short,74,Tuesday,0.16,2.33
e4YB_HPsams,Teaser,2024-12-02,74869.0,16556606,1588.0,29,2.67,Short,97,Monday,0.01,0.45
9tHSW80pNkU,Other,2024-12-02,529.0,21382,22.0,25,2.42,Short,99,Monday,0.1,2.47
H7FT-d4YA74,Teaser,2024-12-02,16664.0,945158,459.0,26,2.6,Short,63,Monday,0.05,1.76
Chah3-PfmKs,Other,2024-12-01,50045.0,3060122,868.0,18,2.72,Short,83,Sunday,0.03,1.64
x9THNQpUyEs,Other,2024-11-30,4521.0,256900,75.0,23,2.98,Short,100,Saturday,0.03,1.76
2jm0K7M5baI,Other,2024-11-30,2055.0,219441,82.0,17,2.08,Short,85,Saturday,0.04,0.94
F4nttsZ78x0,Other,2024-11-29,301.0,17225,24.0,28,0.68,Short,33,Friday,0.14,1.75
jUTnngop3Do,Other,2024-11-29,1682.0,30988,15.0,28,0.98,Short,87,Friday,0.05,5.43
Boq9HIO5J04,Other,2024-11-29,1405.0,90748,45.0,18,3.67,Short,90,Friday,0.05,1.55
sqoBgJiLQck,Other,2024-11-29,776.0,99027,45.0,25,0.88,Short,83,Friday,0.05,0.78
-32yhx4DAQc,Other,2024-11-29,8369.0,140382,56.0,22,0.8,Short,95,Friday,0.04,5.96
AD6DyYbR4SA,Other,2024-11-28,11320.0,220831,350.0,28,10.83,Long,64,Thursday,0.16,5.13
vWFBVpYEJBY,Other,2024-11-28,284.0,18104,30.0,19,1.47,Short,97,Thursday,0.17,1.57
wJjmgkb7Tug,Comedy,2024-11-28,10959.0,738737,269.0,16,1.37,Short,92,Thursday,0.04,1.48
QdnOKWn6OWI,Other,2024-11-27,656.0,35104,12.0,19,0.5,Short,67,Wednesday,0.03,1.87
SF6kPR9a9Nk,Other,2024-11-27,5576.0,6295041,176.0,33,1.82,Short,18,Wednesday,0.0,0.09
7vqyNHCAmjg,Other,2024-11-27,10112.0,7411165,240.0,33,1.82,Short,28,Wednesday,0.0,0.14
fg8lCbXgP4U,Teaser,2024-11-27,67631.0,55917059,1521.0,33,1.78,Short,57,Wednesday,0.0,0.12
y35ZD2rpizs,Teaser,2024-11-26,6083.0,216829,177.0,33,1.82,Short,55,Tuesday,0.08,2.81
bz-Z9EvB_q0,Action,2024-11-26,349.0,26436,12.0,23,3.63,Short,71,Tuesday,0.05,1.32
Kv5RKsqVe-Y,Teaser,2024-11-26,18770.0,1817318,506.0,17,2.8,Short,87,Tuesday,0.03,1.03
rs5JUwu3Cx4,Action,2024-11-25,3174.0,158029,213.0,23,20.67,Long,96,Monday,0.13,2.01
2rl0tlLG2kI,Other,2024-11-25,2118.0,172288,86.0,21,3.8,Short,74,Monday,0.05,1.23
agi0E2OGgpU,Other,2024-11-24,365.0,21918,32.0,19,2.25,Short,82,Sunday,0.15,1.67
jj-ZQ8sGL6s,Other,2024-11-24,3947.0,409336,138.0,21,2.87,Short,70,Sunday,0.03,0.96
BxYM7ZLbcL4,Other,2024-11-24,16642.0,1145455,661.0,17,3.48,Short,79,Sunday,0.06,1.45
ADVWPQ_QWBE,Other,2024-11-23,542.0,42770,11.0,21,0.3,Short,89,Saturday,0.03,1.27
z5FDwlG7qQY,Clip,2024-11-23,3561.0,78290,196.0,21,2.57,Short,92,Saturday,0.25,4.55
qM_nHVAxMLk,Other,2024-11-23,368.0,23311,22.0,19,0.97,Short,92,Saturday,0.09,1.58
zjgLabMy_fs,Other,2024-11-23,1832.0,31955,36.0,21,0.52,Short,35,Saturday,0.11,5.73
kXbJ3sfdCzU,Other,2024-11-22,639.0,18624,7.0,21,0.58,Short,80,Friday,0.04,3.43
hgrMT9EzDFc,Comedy,2024-11-22,1857.0,128383,43.0,22,4.33,Short,76,Friday,0.03,1.45
FLwu2XnulrA,Other,2024-11-22,1186.0,83366,97.0,20,1.17,Short,94,Friday,0.12,1.42
Lbl_eUTrehA,Teaser,2024-11-22,128.0,15923,4.0,10,1.23,Short,43,Friday,0.03,0.8
z6_7tCgpDog,Other,2024-11-21,2037.0,40334,224.0,27,0.68,Short,49,Thursday,0.56,5.05
0LFaAu_XUOg,Song,2024-11-21,3367.0,154601,197.0,21,4.25,Short,96,Thursday,0.13,2.18
1Xzwsf6o4mk,Other,2024-11-21,1155.0,39431,15.0,21,0.3,Short,37,Thursday,0.04,2.93
fRsj7KPNaqU,Other,2024-11-21,790.0,65770,66.0,20,1.85,Short,93,Thursday,0.1,1.2
EmfEfxnQalk,Romance,2024-11-21,1960.0,180077,197.0,17,1.72,Short,82,Thursday,0.11,1.09
bCU5MKl7fJg,Announcement,2024-11-21,22980.0,393810,157.0,9,1.0,Short,62,Thursday,0.04,5.84
Z_j5MiTnGLY,Other,2024-11-20,2599.0,54615,28.0,20,0.63,Short,62,Wednesday,0.05,4.76
3Yxz80tndZM,Other,2024-11-20,613.0,34056,40.0,20,1.43,Short,87,Wednesday,0.12,1.8
P1CRseszXSI,Other,2024-11-20,4517.0,383792,160.0,13,1.63,Short,94,Wednesday,0.04,1.18
4PitpZ9-yZA,Other,2024-11-19,340.0,20416,13.0,18,0.85,Short,86,Tuesday,0.06,1.67
lWnxjEDnxyM,Other,2024-11-19,3771.0,413874,127.0,20,4.77,Short,100,Tuesday,0.03,0.91
Z0rfeh1B5vQ,Teaser,2024-11-18,531.0,29034,24.0,11,1.22,Short,47,Monday,0.08,1.83
7KVOgKUd-y4,Other,2024-11-18,310.0,14992,22.0,18,1.15,Short,75,Monday,0.15,2.07
qOAQPvq1cGE,Other,2024-11-18,2817.0,169674,417.0,17,1.1,Short,80,Monday,0.25,1.66
pJsgL-hjgIQ,Other,2024-11-17,59712.0,4682512,921.0,21,2.95,Short,92,Sunday,0.02,1.28
Kqya9ql7hM0,Interview,2024-11-17,8860.0,486110,497.0,20,27.72,Long,94,Sunday,0.1,1.82
2nogqX-idpY,Other,2024-11-17,302.0,16781,16.0,23,2.0,Short,71,Sunday,0.1,1.8
SJezVEP--1E,Other,2024-11-16,780.0,51962,30.0,13,0.4,Short,95,Saturday,0.06,1.5
eE61ZuQ5vUI,Other,2024-11-16,245.0,17474,21.0,23,2.55,Short,89,Saturday,0.12,1.4
RASSqBYFZM8,Romance,2024-11-15,7497.0,733480,593.0,17,1.62,Short,95,Friday,0.08,1.02
cVUHeGuU2p8,Other,2024-11-15,226.0,16363,15.0,15,1.75,Short,92,Friday,0.09,1.38
TNe43xnL0z8,Action,2024-11-14,492.0,30848,28.0,18,1.58,Short,42,Thursday,0.09,1.59
psKH68ZC5qY,Interview,2024-11-14,8952.0,607651,144.0,22,8.53,Short,89,Thursday,0.02,1.47
mrD1hACPdmY,Other,2024-11-14,12725.0,708415,330.0,13,1.78,Short,91,Thursday,0.05,1.8
fbBIZWvzA6Y,Teaser,2024-11-13,953.0,46794,45.0,30,0.73,Short,53,Wednesday,0.1,2.04
Ry14-o6OypI,Action,2024-11-13,2539.0,62128,115.0,21,1.92,Short,79,Wednesday,0.19,4.09
mkF51ryTkck,Teaser,2024-11-13,22887.0,14462258,979.0,14,2.13,Short,96,Wednesday,0.01,0.16
_cC8TVQhzlg,Teaser,2024-11-12,4007.0,123682,55.0,20,0.48,Short,56,Tuesday,0.04,3.24
SnSKZW4I3H8,Other,2024-11-12,313.0,23819,26.0,24,26.87,Long,95,Tuesday,0.11,1.31
2iaqK0pk2wI,Other,2024-11-12,1883.0,177832,144.0,17,1.48,Short,97,Tuesday,0.08,1.06
X-AVPuQy7QU,Other,2024-11-11,1708.0,96587,37.0,29,4.42,Short,91,Monday,0.04,1.77
incbkkV-6vA,Teaser,2024-11-11,47457.0,47439958,1318.0,16,2.48,Short,90,Monday,0.0,0.1
1HSsBwAU3KQ,Other,2024-11-10,3031.0,224239,117.0,16,1.98,Short,85,Sunday,0.05,1.35
IC9lCgR6Wrk,Other,2024-11-10,266.0,19431,27.0,15,1.68,Short,81,Sunday,0.14,1.37
NTHOOeFfwWE,Other,2024-11-09,15670.0,690358,276.0,16,2.63,Short,88,Saturday,0.04,2.27
GvfCCm0ap3Y,Teaser,2024-11-09,2845.0,361508,183.0,15,2.8,Short,63,Saturday,0.05,0.79
KwTAGoleHAY,Teaser,2024-11-09,52010.0,3076395,2496.0,14,2.43,Short,68,Saturday,0.08,1.69
eSN9YnoQu5Y,Action,2024-11-08,293.0,18184,12.0,11,1.4,Short,76,Friday,0.07,1.61
xvcNskZWkks,Other,2024-11-08,716.0,96079,38.0,23,2.22,Short,78,Friday,0.04,0.75
F5gP3AlAZb4,Comedy,2024-11-07,12956.0,1030576,203.0,23,2.2,Short,91,Thursday,0.02,1.26
izT-_m0ZYAA,Teaser,2024-11-07,389.0,20283,48.0,20,2.92,Short,80,Thursday,0.24,1.92
QqRqxt9psW8,Teaser,2024-11-07,576.0,18712,29.0,20,2.92,Short,82,Thursday,0.15,3.08
RGQbgiL_f2o,Teaser,2024-11-07,1480.0,77770,69.0,20,2.92,Short,78,Thursday,0.09,1.9
qSEeQXzFspk,Teaser,2024-11-06,53142.0,877783,1208.0,29,1.05,Short,48,Wednesday,0.14,6.05
nB2ldeVAX9U,Teaser,2024-11-06,12594.0,536596,476.0,21,2.92,Short,81,Wednesday,0.09,2.35
O9VQFMiWTL4,Other,2024-11-06,6821.0,573388,226.0,16,1.4,Short,95,Wednesday,0.04,1.19
9D0PdDRX4gI,Other,2024-11-05,20820.0,690032,492.0,27,23.45,Long,69,Tuesday,0.07,3.02
5rfvs8LMFYo,Other,2024-11-05,24083.0,1636832,505.0,23,3.77,Short,92,Tuesday,0.03,1.47
fqB9MuC3M4M,Other,2024-11-04,2572.0,65194,24.0,27,0.93,Short,84,Monday,0.04,3.95
Tp5mw1dWEtM,Other,2024-11-04,2238.0,173170,85.0,19,39.45,Long,97,Monday,0.05,1.29
osJhCbK215k,Other,2024-11-04,4196.0,325010,143.0,12,41.8,Long,95,Monday,0.04,1.29
HMv_Q6wzf7Q,Clip,2024-11-03,19058.0,1076474,454.0,19,6.18,Short,90,Sunday,0.04,1.77
8nNnFgXa-b0,Other,2024-11-03,7382.0,980898,177.0,20,3.23,Short,74,Sunday,0.02,0.75
q7ogv59InF4,Horror,2024-11-02,1182.0,78871,20.0,23,0.37,Short,87,Saturday,0.03,1.5
nfYH0VUn8Ao,Other,2024-11-02,3488.0,343621,1236.0,26,31.33,Long,95,Saturday,0.36,1.02
94KbUsqDmEE,Romance,2024-11-02,1672.0,28045,21.0,27,0.5,Short,80,Saturday,0.07,5.96
5Z6OUIRpASg,Other,2024-11-02,1411.0,34683,24.0,28,0.27,Short,76,Saturday,0.07,4.07
l5_G5GXfm54,Other,2024-11-02,9384.0,158830,505.0,28,4.47,Short,75,Saturday,0.32,5.91
n_POSFJ54rE,Other,2024-11-01,386.0,9296,5.0,14,0.85,Short,50,Friday,0.05,4.15
XV9nANftKZ0,Other,2024-11-01,651.0,29280,32.0,26,1.5,Short,95,Friday,0.11,2.22
OQMFyZQ1cns,Teaser,2024-10-31,8279.0,305600,202.0,31,1.88,Short,63,Thursday,0.07,2.71
VCxj0aKAyUY,Teaser,2024-10-31,16168.0,433923,385.0,31,1.88,Short,62,Thursday,0.09,3.73
ZyvT8we4504,Teaser,2024-10-31,3745.0,164651,137.0,33,1.88,Short,48,Thursday,0.08,2.27
bYC8tkdzwsw,Teaser,2024-10-31,60747.0,1817327,1514.0,33,1.88,Short,62,Thursday,0.08,3.34
xZgNvBKmQuM,Other,2024-10-31,746.0,24634,9.0,27,0.68,Short,79,Thursday,0.04,3.03
gGZJhqpcYqY,Other,2024-10-31,2152.0,69952,29.0,25,0.45,Short,89,Thursday,0.04,3.08
VfmVt_ZmQGI,Other,2024-10-31,1237.0,43505,56.0,22,4.17,Short,72,Thursday,0.13,2.84
XK4MIVNqZCw,Other,2024-10-31,9183.0,265127,65.0,23,0.78,Short,91,Thursday,0.02,3.46
3MkxcTYj3Q0,Drama,2024-10-31,2775.0,228170,145.0,26,1.82,Short,90,Thursday,0.06,1.22
LHFj89ls-Qw,Romance,2024-10-31,1650.0,92989,54.0,20,1.37,Short,75,Thursday,0.06,1.77
DwXZkVkoPtE,Teaser,2024-10-30,253.0,19592,12.0,11,2.52,Short,40,Wednesday,0.06,1.29
1Ul0ymjjLr8,Other,2024-10-30,1979.0,131659,157.0,25,14.42,Long,99,Wednesday,0.12,1.5
6Z4jQ39ZRkE,Other,2024-10-30,20382.0,1130777,583.0,16,3.5,Short,97,Wednesday,0.05,1.8
xQ9i_h5M7lY,Other,2024-10-30,8523.0,581460,177.0,23,1.2,Short,89,Wednesday,0.03,1.47
w_M2oc1DAYQ,Teaser,2024-10-29,838.0,29281,42.0,28,2.5,Short,34,Tuesday,0.14,2.86
aguTc29IGhk,Teaser,2024-10-29,669.0,21689,19.0,29,2.32,Short,39,Tuesday,0.09,3.08
72LxV6ydjcg,Teaser,2024-10-29,34973.0,15477695,1208.0,23,2.33,Short,69,Tuesday,0.01,0.23
DLomgbaM328,Drama,2024-10-28,14921.0,764491,361.0,27,21.65,Long,99,Monday,0.05,1.95
tnEsBAPvJ9o,Other,2024-10-28,10177.0,92975205,268.0,3,1.9,Short,43,Monday,0.0,0.01
D6q0nzKqcBY,Comedy,2024-10-27,15737.0,1207031,327.0,21,3.53,Short,92,Sunday,0.03,1.3
H6xNIjXG4yw,Action,2024-10-27,1735.0,239738,200.0,26,2.85,Short,89,Sunday,0.08,0.72
wsfxIpYELrQ,Other,2024-10-27,2185.0,262553,122.0,19,2.85,Short,95,Sunday,0.05,0.83
aWKZmDDhxFg,Other,2024-10-26,1173.0,81830,77.0,21,0.38,Short,94,Saturday,0.09,1.43
DF1TRiuzEFY,Clip,2024-10-26,1544.0,49003,64.0,23,1.57,Short,65,Saturday,0.13,3.15
jvNE-O6LnO4,Clip,2024-10-26,617.0,65888,34.0,25,1.68,Short,93,Saturday,0.05,0.94
pZIq64tvnaU,Interview,2024-10-25,17171.0,1034241,871.0,26,11.98,Long,93,Friday,0.08,1.66
i4uHAM1BF6M,Other,2024-10-25,4158.0,610441,251.0,20,0.93,Short,73,Friday,0.04,0.68
fXMaR2VQf5E,Comedy,2024-10-24,2192.0,324952,57.0,19,5.4,Short,92,Thursday,0.02,0.67
XTAv6MH9TQU,Other,2024-10-24,5257.0,178946,26.0,21,0.28,Short,88,Thursday,0.01,2.94
YGJOcMtnG1Q,Teaser,2024-10-24,10383.0,967507,390.0,19,2.47,Short,69,Thursday,0.04,1.07
qkNbhLeTdBE,Other,2024-10-23,17336.0,785464,187.0,25,0.63,Short,85,Wednesday,0.02,2.21
hJhZL1O5s0w,Drama,2024-10-23,11099.0,914656,741.0,25,20.65,Long,93,Wednesday,0.08,1.21
FljbG6z3ZLw,Other,2024-10-23,7086.0,494513,282.0,21,1.48,Short,93,Wednesday,0.06,1.43
QwAqQny5Fgg,Other,2024-10-23,3947.0,250788,155.0,4,1.05,Short,85,Wednesday,0.06,1.57
VacEHEAX9L8,Other,2024-10-22,3526.0,279504,158.0,23,16.48,Long,97,Tuesday,0.06,1.26
IMHmKdHLAZM,Other,2024-10-22,28963.0,594941,389.0,20,1.0,Short,28,Tuesday,0.07,4.87
gdGddgiEbos,Comedy,2024-10-22,602.0,30015,26.0,26,3.8,Short,94,Tuesday,0.09,2.01
ZbczpvpV3K0,Comedy,2024-10-21,511.0,22237,31.0,21,2.07,Short,92,Monday,0.14,2.3
gfMONuCJ3MY,Other,2024-10-20,2551.0,214972,72.0,19,1.95,Short,89,Sunday,0.03,1.19
f1723RIQXx8,Other,2024-10-20,131.0,7886,2.0,14,0.73,Short,39,Sunday,0.03,1.66
yJPJqJWpUig,Other,2024-10-20,1027.0,118127,26.0,23,3.72,Short,81,Sunday,0.02,0.87
BA_IBD22gAE,Other,2024-10-20,3611.0,627304,221.0,27,2.0,Short,95,Sunday,0.04,0.58
KQrulvpj0VU,Other,2024-10-19,406.0,35976,14.0,19,0.32,Short,95,Saturday,0.04,1.13
nSpZ_p4Ial0,Interview,2024-10-19,8027.0,410486,446.0,20,12.53,Long,95,Saturday,0.11,1.96
ZQQE7RQedME,Comedy,2024-10-18,9779.0,896539,164.0,22,2.5,Short,94,Friday,0.02,1.09
HEsCKH2NuXk,Other,2024-10-18,263.0,56012,75.0,27,0.82,Short,70,Friday,0.13,0.47
Z5umA_tvloQ,Teaser,2024-10-17,880.0,35771,54.0,20,2.35,Short,46,Thursday,0.15,2.46
WIfVWHi9-Uo,Other,2024-10-17,1127.0,58456,21.0,27,0.22,Short,66,Thursday,0.04,1.93
nW6TL-ZJsZE,Teaser,2024-10-17,7041.0,252997,301.0,20,2.35,Short,54,Thursday,0.12,2.78
2wsljrOAdiU,Romance,2024-10-17,572.0,36052,39.0,28,4.97,Short,96,Thursday,0.11,1.59
6f_14Znb0VA,Comedy,2024-10-17,1547.0,62556,10.0,19,0.55,Short,72,Thursday,0.02,2.47
dMTYS0c8G3I,Comedy,2024-10-17,2297.0,122622,50.0,22,4.1,Short,95,Thursday,0.04,1.87
rMLPafNh-Io,Other,2024-10-16,11420.0,379400,338.0,26,11.03,Long,89,Wednesday,0.09,3.01
QKYk0TNcAJs,Other,2024-10-16,2854.0,343404,128.0,19,1.5,Short,70,Wednesday,0.04,0.83
2yDbYE5UVcw,Other,2024-10-15,9452.0,275299,93.0,22,0.48,Short,78,Tuesday,0.03,3.43
JU_gdMLexhY,Teaser,2024-10-15,12453.0,355713,497.0,16,1.4,Short,53,Tuesday,0.14,3.5
ZAgUpKh-QEw,Interview,2024-10-15,2760.0,168455,96.0,24,8.08,Short,99,Tuesday,0.06,1.64
qKJN5i6aedg,Other,2024-10-14,3461.0,311941,104.0,23,1.52,Short,92,Monday,0.03,1.11
b6Z_RYC8IAQ,Teaser,2024-10-14,122135.0,62127293,3458.0,20,2.62,Short,89,Monday,0.01,0.2
8AEwohq56h8,Other,2024-10-13,525.0,35903,38.0,29,3.32,Short,86,Sunday,0.11,1.46
Y1pWqnwPyc0,Other,2024-10-13,11946.0,602530,418.0,14,2.85,Short,98,Sunday,0.07,1.98
BsptCcBZ55s,Other,2024-10-13,10105.0,1054227,189.0,21,2.0,Short,73,Sunday,0.02,0.96
Cc4HoDLZJnQ,Other,2024-10-12,1107.0,121962,22.0,21,0.6,Short,78,Saturday,0.02,0.91
hvv6UVlQ5RY,Other,2024-10-12,4074.0,304244,73.0,23,5.95,Short,96,Saturday,0.02,1.34
xkMdXwk4aKo,Other,2024-10-12,4492.0,136440,28.0,23,0.77,Short,42,Saturday,0.02,3.29
xHGX7C6-0_8,Other,2024-10-11,9094.0,483112,269.0,28,25.73,Long,92,Friday,0.06,1.88
Kv-2scqGe8I,Comedy,2024-10-11,3747.0,358178,113.0,23,2.12,Short,69,Friday,0.03,1.05
EuxQww5tm-M,Other,2024-10-11,10790.0,361213,107.0,21,0.43,Short,69,Friday,0.03,2.99
5KVMnCV7l-c,Action,2024-10-10,5437.0,148835,40.0,21,0.97,Short,84,Thursday,0.03,3.65
smKbMgAQvfc,Comedy,2024-10-10,3081.0,316489,59.0,23,2.17,Short,77,Thursday,0.02,0.97
IExHsmFaanE,Other,2024-10-10,697.0,37651,33.0,28,1.95,Short,84,Thursday,0.09,1.85
iP-l9zQEL3U,Teaser,2024-10-09,13429.0,1486744,573.0,23,3.35,Short,93,Wednesday,0.04,0.9
z0SmmIsIkNs,Teaser,2024-10-09,5763.0,14531593,492.0,27,3.02,Short,78,Wednesday,0.0,0.04
rAx8dAgLnjU,Other,2024-10-09,9751.0,883185,217.0,15,1.33,Short,89,Wednesday,0.02,1.1
J7Q7BarVUkg,Teaser,2024-10-08,885.0,85865,34.0,28,1.92,Short,51,Tuesday,0.04,1.03
xtXJ22gVlEo,Teaser,2024-10-08,6537.0,301578,116.0,27,0.52,Short,55,Tuesday,0.04,2.17
FbhNhzEEHBA,Other,2024-10-08,6539.0,290623,295.0,35,3.82,Short,50,Tuesday,0.1,2.25
P0EjP6mBOVA,Other,2024-10-08,182.0,8492,5.0,27,3.82,Short,51,Tuesday,0.06,2.14
doQmqaahHLs,Other,2024-10-07,329.0,9079,13.0,28,3.82,Short,50,Monday,0.14,3.62
PBDJj8l_I6Y,Other,2024-10-07,673.0,33567,37.0,27,3.85,Short,43,Monday,0.11,2.0
JZt73N0US9M,Other,2024-10-07,840.0,55127,41.0,28,3.9,Short,87,Monday,0.07,1.52
FT5nCaw6A_I,Other,2024-10-07,35118.0,1979176,585.0,23,2.63,Short,82,Monday,0.03,1.77
VwAT2PmJd2c,Drama,2024-10-07,1444.0,198571,85.0,27,1.68,Short,77,Monday,0.04,0.73
0LJKln6oUQM,Other,2024-10-06,1649.0,285881,33.0,21,4.97,Short,86,Sunday,0.01,0.58
5yYDMqMdrjA,Other,2024-10-06,1222.0,114981,38.0,29,2.0,Short,86,Sunday,0.03,1.06
s_Dpj1AnTjQ,Other,2024-10-06,1707.0,38523,15.0,20,0.63,Short,49,Sunday,0.04,4.43
6uElFl_Tz6g,Other,2024-10-05,3538.0,199867,119.0,20,0.62,Short,94,Saturday,0.06,1.77
qmwBxNhQw7s,Other,2024-10-05,264.0,17674,14.0,24,1.22,Short,92,Saturday,0.08,1.49
mxFmgEV5aWk,Action,2024-10-05,19179.0,1657025,516.0,14,2.77,Short,93,Saturday,0.03,1.16
HENzQ3IbW3A,Action,2024-10-04,2420.0,116290,72.0,16,2.5,Short,93,Friday,0.06,2.08
Q0jN2yBA80U,Other,2024-10-04,623.0,107093,44.0,29,1.1,Short,84,Friday,0.04,0.58
ozoQruLqCtI,Other,2024-10-03,1089.0,46605,48.0,31,5.32,Short,45,Thursday,0.1,2.34
XsrR-lmKgic,Other,2024-10-03,21257.0,1105903,508.0,17,33.18,Long,93,Thursday,0.05,1.92
9kWesZwG0xI,Other,2024-10-03,1434.0,153165,111.0,27,1.88,Short,99,Thursday,0.07,0.94
JWKTa9yfuqw,Other,2024-10-03,183819.0,2569215,574.0,20,0.55,Short,90,Thursday,0.02,7.15
LCw7RCtipYE,Teaser,2024-10-02,2172.0,59204,101.0,14,3.1,Short,92,Wednesday,0.17,3.67
qXy93dqcZMU,Teaser,2024-10-02,4476.0,117434,246.0,14,3.1,Short,94,Wednesday,0.21,3.81
tb37SwBvRoQ,Teaser,2024-10-02,12966.0,804477,575.0,14,3.08,Short,99,Wednesday,0.07,1.61
tl88lS74Uq4,Teaser,2024-10-02,2131.0,149360,128.0,14,3.08,Short,100,Wednesday,0.09,1.43
B5GAjuSnNuQ,Teaser,2024-10-02,41156.0,988044,956.0,14,3.1,Short,99,Wednesday,0.1,4.17
hXzdbTtOmcc,Other,2024-10-02,31984.0,1207624,1039.0,20,1.5,Short,100,Wednesday,0.09,2.65
DddfWA3LDvg,Other,2024-10-01,6942.0,321045,203.0,17,7.08,Short,83,Tuesday,0.06,2.16
5qMcPwImv58,Other,2024-10-01,651.0,21174,48.0,20,1.2,Short,61,Tuesday,0.23,3.07
qJ6jCcaThYs,Other,2024-10-01,874.0,21284,44.0,20,1.2,Short,60,Tuesday,0.21,4.11
d5DKjU03tRU,Other,2024-10-01,4637.0,108899,184.0,20,1.25,Short,52,Tuesday,0.17,4.26
N_EZLD-vKDc,Other,2024-10-01,34011.0,867927,1475.0,20,1.2,Short,60,Tuesday,0.17,3.92
mSrN4-rOLT4,Other,2024-09-30,2603.0,92590,10.0,23,0.52,Short,67,Monday,0.01,2.81
qmrSmcx4OWU,Other,2024-09-30,2084.0,319535,33.0,24,3.92,Short,80,Monday,0.01,0.65
A0uqcdL80GY,Announcement,2024-09-30,12849.0,955856,401.0,16,1.72,Short,78,Monday,0.04,1.34
6KowjSxf-D0,Comedy,2024-09-29,8687.0,700863,100.0,16,2.77,Short,79,Sunday,0.01,1.24
SRVDGNtOsEY,Other,2024-09-29,428.0,29870,33.0,24,2.12,Short,88,Sunday,0.11,1.43
tlaUlekzPN0,Other,2024-09-28,3701.0,215530,121.0,23,0.93,Short,100,Saturday,0.06,1.72
pCMf4IvUfTc,Other,2024-09-28,5378.0,619032,120.0,19,2.32,Short,91,Saturday,0.02,0.87
ELyUZmyZumg,Other,2024-09-28,4327.0,356171,149.0,16,2.5,Short,97,Saturday,0.04,1.21
WfcuYGsuvwY,Clip,2024-09-27,1065.0,74429,30.0,21,4.85,Short,41,Friday,0.04,1.43
MMbeAgx6H4k,Other,2024-09-27,39005.0,785798,91.0,16,0.65,Short,85,Friday,0.01,4.96
Tk1EQD7vGiY,Teaser,2024-09-27,8428.0,1069110,462.0,24,2.83,Short,88,Friday,0.04,0.79
sRIdItEGhNI,Other,2024-09-26,22132.0,834875,229.0,29,12.82,Long,56,Thursday,0.03,2.65
fS8SjwHwJyU,Comedy,2024-09-26,1260.0,75381,67.0,23,2.0,Short,89,Thursday,0.09,1.67
XSgPKfS4Krs,Teaser,2024-09-25,2213.0,62754,101.0,34,1.45,Short,52,Wednesday,0.16,3.53
P5yEQt0-mcU,Teaser,2024-09-25,375.0,36873,32.0,23,2.33,Short,62,Wednesday,0.09,1.02
x4vitovt7ps,Other,2024-09-25,28079.0,1580096,583.0,16,1.65,Short,92,Wednesday,0.04,1.78
KEfeMPGj-Dw,Teaser,2024-09-25,45052.0,16077364,2074.0,17,2.07,Short,87,Wednesday,0.01,0.28
HQXVbS-xbcU,Other,2024-09-24,10734.0,782335,228.0,22,1.92,Short,65,Tuesday,0.03,1.37
K3AtVImP96E,Teaser,2024-09-24,3612.0,227912,60.0,11,3.32,Short,73,Tuesday,0.03,1.58
aXqgoG1JFkM,Teaser,2024-09-24,35623.0,1975036,642.0,11,3.32,Short,73,Tuesday,0.03,1.8
0_f1LzYjFI4,Teaser,2024-09-24,6221.0,394232,137.0,11,3.32,Short,76,Tuesday,0.03,1.58
26ATCID_nKA,Comedy,2024-09-23,13492.0,995901,116.0,22,1.77,Short,91,Monday,0.01,1.35
lrEhFeB4Ef0,Action,2024-09-23,665.0,109822,0.0,20,3.23,Short,69,Monday,0.0,0.61
mkpJiDI0Sqo,Other,2024-09-22,24725.0,1788098,533.0,22,1.98,Short,58,Sunday,0.03,1.38
LK-ndTI2x48,Other,2024-09-22,489.0,38962,12.0,24,1.75,Short,79,Sunday,0.03,1.26
7yT97Go21iQ,Other,2024-09-21,941.0,63276,40.0,22,0.27,Short,93,Saturday,0.06,1.49
3ndiV-T2lvg,Other,2024-09-21,4159.0,399323,178.0,18,1.82,Short,93,Saturday,0.04,1.04
cvGUhDCtcv4,Other,2024-09-21,378.0,21311,20.0,20,3.42,Short,93,Saturday,0.09,1.77
9GBydDR4D2k,Other,2024-09-20,108735.0,6803857,989.0,23,10.15,Long,91,Friday,0.01,1.6
NufQefUNRvQ,Other,2024-09-20,571.0,28160,28.0,3,139.43,Long,82,Friday,0.1,2.03
A5_OCuXZaao,Teaser,2024-09-20,46160.0,1087648,829.0,25,1.0,Short,47,Friday,0.08,4.24
tCI1uCqtY1k,Clip,2024-09-20,5711.0,146330,125.0,8,1.0,Short,69,Friday,0.09,3.9
XZ1vzpSnqC8,Teaser,2024-09-20,297.0,9395,11.0,6,2.55,Short,66,Friday,0.12,3.16
30FYdDa-ve4,Announcement,2024-09-20,1211.0,25082,54.0,35,1.03,Short,48,Friday,0.22,4.83
7htgmXS7aPU,Other,2024-09-20,141.0,6474,3.0,5,3.03,Short,75,Friday,0.05,2.18
1KoJKMY8jg8,Clip,2024-09-20,219.0,5911,31.0,41,2.6,Short,73,Friday,0.52,3.7
I4Akaw1Rxvw,Teaser,2024-09-20,78.0,4187,4.0,4,1.12,Short,71,Friday,0.1,1.86
MkSWMBmwbtM,Teaser,2024-09-20,424.0,7565,42.0,23,1.27,Short,41,Friday,0.56,5.6
_1WsyzNLWhE,Behind the Scenes,2024-09-20,1529.0,34127,33.0,20,0.98,Short,66,Friday,0.1,4.48
LznHir3-yVI,Clip,2024-09-19,2346.0,89216,130.0,18,5.77,Short,64,Thursday,0.15,2.63
agtSAid8yiU,Comedy,2024-09-19,6001.0,167969,41.0,23,0.78,Short,72,Thursday,0.02,3.57
lbsFXrVhfmM,Comedy,2024-09-19,10830.0,957300,90.0,19,3.5,Short,60,Thursday,0.01,1.13
Y8hJmkPbo74,Other,2024-09-18,788.0,23009,37.0,24,4.05,Short,62,Wednesday,0.16,3.42
XqRC_2MCDG0,Other,2024-09-18,295.0,19662,25.0,18,3.38,Short,83,Wednesday,0.13,1.5
9ak3UTdTGts,Other,2024-09-18,6121.0,527310,146.0,22,1.37,Short,81,Wednesday,0.03,1.16
PmnlGhBjRus,Clip,2024-09-17,350.0,15960,20.0,23,2.9,Short,57,Tuesday,0.13,2.19
Z2M2T1KUSbw,Other,2024-09-17,57110.0,5611846,834.0,21,9.0,Short,91,Tuesday,0.01,1.02
bAekY886Re8,Comedy,2024-09-17,3414.0,356848,40.0,24,3.98,Short,93,Tuesday,0.01,0.96
DQognsN3Z-U,Clip,2024-09-16,101.0,8679,4.0,4,4.73,Short,56,Monday,0.05,1.16
N7Y-ULNkZT4,Announcement,2024-09-16,363.0,10911,22.0,21,1.08,Short,62,Monday,0.2,3.33
Adm6J5siovc,Interview,2024-09-16,2194.0,133427,163.0,18,13.37,Long,89,Monday,0.12,1.64
5ldyl7uFysE,Drama,2024-09-16,1625.0,143531,71.0,17,2.13,Short,89,Monday,0.05,1.13
bSXCkm_nmRc,Other,2024-09-15,4597.0,159697,36.0,21,0.87,Short,70,Sunday,0.02,2.88
AVTV4bLOdBw,Clip,2024-09-15,673.0,26448,34.0,12,1.5,Short,88,Sunday,0.13,2.54
DWHpnm1Qy4o,Other,2024-09-15,840.0,90300,40.0,18,1.95,Short,92,Sunday,0.04,0.93
xzeyeSH0Nuw,Other,2024-09-14,1915.0,120592,110.0,26,16.18,Long,77,Saturday,0.09,1.59
T4NU_FXU5ro,Teaser,2024-09-14,61811.0,21806814,2344.0,23,1.88,Short,93,Saturday,0.01,0.28
yeL6N7DHbdE,Comedy,2024-09-13,56310.0,5735201,746.0,19,7.75,Short,90,Friday,0.01,0.98
5FHtMSC1pyw,Teaser,2024-09-13,1280.0,38468,22.0,18,0.52,Short,94,Friday,0.06,3.33
qsusBPLKuA4,Other,2024-09-13,405.0,19279,17.0,22,1.88,Short,75,Friday,0.09,2.1
HkecVOuBZSE,Other,2024-09-13,679.0,68827,47.0,18,0.67,Short,71,Friday,0.07,0.99
ShjmKs7Cc5Y,Clip,2024-09-12,411.0,33071,31.0,18,2.07,Short,87,Thursday,0.09,1.24
3RfQW2s53HQ,Other,2024-09-12,1421.0,50943,12.0,23,0.67,Short,49,Thursday,0.02,2.79
VAMmHvDoQFM,Clip,2024-09-12,1009.0,104372,19.0,28,3.48,Short,90,Thursday,0.02,0.97
jbDOKn2Oibw,Action,2024-09-11,1011.0,125209,60.0,23,2.03,Short,95,Wednesday,0.05,0.81
Whn-gnakSOI,Announcement,2024-09-11,14718.0,4435730,754.0,15,1.27,Short,100,Wednesday,0.02,0.33
0RvSRJW1ipo,Other,2024-09-10,12209.0,494822,465.0,32,20.07,Long,83,Tuesday,0.09,2.47
Ov1GTxLbINs,Announcement,2024-09-10,3830.0,190836,140.0,8,0.9,Short,72,Tuesday,0.07,2.01
6T1ZbjuvYB4,Other,2024-09-09,7511.0,302225,33.0,21,0.32,Short,72,Monday,0.01,2.49
8oQn2sLQHAc,Comedy,2024-09-09,11612.0,430232,278.0,25,1.87,Short,99,Monday,0.06,2.7
yRroKcqPIWw,Other,2024-09-09,336.0,17979,15.0,18,2.38,Short,58,Monday,0.08,1.87
jku0xDS6b8k,Clip,2024-09-08,963.0,62958,47.0,21,2.9,Short,96,Sunday,0.07,1.53
vpGfgLMSugI,Other,2024-09-08,1168.0,86846,67.0,18,3.25,Short,66,Sunday,0.08,1.34
loYc9G5BYnE,Other,2024-09-07,71099.0,5530509,1476.0,21,8.87,Short,72,Saturday,0.03,1.29
R7oJq9lrbZw,Action,2024-09-07,9870.0,183317,250.0,17,2.72,Short,75,Saturday,0.14,5.38
YRP5Nkel1Bc,Other,2024-09-06,604.0,55577,99.0,26,4.1,Short,85,Friday,0.18,1.09
EEbEVN26n80,Teaser,2024-09-05,189.0,14995,9.0,28,0.9,Short,50,Thursday,0.06,1.26
kFnEjMJFcv8,Action,2024-09-05,597.0,25505,26.0,19,1.62,Short,62,Thursday,0.1,2.34
kBJlVWx38og,Other,2024-09-05,3647.0,54711,11.0,24,0.98,Short,91,Thursday,0.02,6.67
eES65pr2POM,Teaser,2024-09-05,96637.0,16025637,3129.0,21,2.57,Short,92,Thursday,0.02,0.6
hDiBL2e-5EU,Other,2024-09-05,195.0,10539,8.0,9,1.43,Short,62,Thursday,0.08,1.85
fU-cDhfNcVY,Teaser,2024-09-04,1020.0,77847,86.0,20,2.73,Short,74,Wednesday,0.11,1.31
yPFMWYgWpB0,Comedy,2024-09-04,262554.0,21585794,6411.0,18,10.55,Long,81,Wednesday,0.03,1.22
9xux05-kj5w,Action,2024-09-04,302.0,16623,8.0,20,2.27,Short,84,Wednesday,0.05,1.82
kkL3ILaj2EM,Teaser,2024-09-03,386.0,18565,25.0,17,1.9,Short,45,Tuesday,0.13,2.08
FqaeoFOBXWo,Teaser,2024-09-03,1014.0,88887,51.0,23,2.28,Short,47,Tuesday,0.06,1.14
Qxrhop2ipfk,Other,2024-09-03,1947.0,52213,102.0,22,1.32,Short,88,Tuesday,0.2,3.73
Cm-cB4RH1F0,Other,2024-09-03,530.0,61501,85.0,3,1.28,Short,97,Tuesday,0.14,0.86
CbcOBMM5QRk,Other,2024-09-02,703.0,58532,121.0,26,5.78,Short,74,Monday,0.21,1.2
Kzj4gndKZh4,Other,2024-09-02,480.0,25386,31.0,19,4.22,Short,52,Monday,0.12,1.89
sKB_Ac0gvuI,Other,2024-09-02,3551.0,184712,305.0,22,2.3,Short,92,Monday,0.17,1.92
n9fdvFJ39iY,Clip,2024-09-01,55416.0,6698556,1029.0,22,4.43,Short,76,Sunday,0.02,0.83
UAkC7IOMHG4,Other,2024-09-01,1840.0,183783,375.0,25,3.68,Short,89,Sunday,0.2,1.0
XZNbgN3LfWM,Action,2024-08-31,2819.0,171391,142.0,22,1.4,Short,85,Saturday,0.08,1.64
BhI6shtmq0Q,Other,2024-08-31,1013.0,47873,61.0,25,0.87,Short,50,Saturday,0.13,2.12
eKGFMZ7KFtg,Comedy,2024-08-31,35743.0,2386868,520.0,18,3.5,Short,86,Saturday,0.02,1.5
1Vzb-lcLbec,Romance,2024-08-30,4763.0,162276,20.0,19,0.77,Short,88,Friday,0.01,2.94
XO-sPQmfAa8,Clip,2024-08-30,845.0,109368,106.0,25,2.98,Short,88,Friday,0.1,0.77
I7Q-PL2-ZJk,Other,2024-08-30,6439.0,1035082,525.0,20,3.38,Short,91,Friday,0.05,0.62
YNZeySRSQC0,Interview,2024-08-29,2609.0,72128,34.0,25,1.0,Short,80,Thursday,0.05,3.62
OiwasuQEOD4,Other,2024-08-29,1813.0,99407,160.0,22,2.13,Short,77,Thursday,0.16,1.82
Oi7hJgH0sKw,Other,2024-08-29,778.0,71851,43.0,25,1.35,Short,85,Thursday,0.06,1.08
SCpG9UrN2rA,Other,2024-08-28,14543.0,1234692,987.0,28,27.12,Long,95,Wednesday,0.08,1.18
LkEmW--Ggl8,Other,2024-08-28,11154.0,1083114,664.0,26,2.87,Short,73,Wednesday,0.06,1.03
t4IwDVvl4fs,Other,2024-08-28,105568.0,10448497,1453.0,22,9.63,Short,93,Wednesday,0.01,1.01
ccno-7E_PqE,Teaser,2024-08-27,377.0,22263,42.0,20,1.13,Short,70,Tuesday,0.19,1.69
QK1TZQPD1OM,Clip,2024-08-27,2974.0,88227,109.0,22,0.93,Short,83,Tuesday,0.12,3.37
dediJCihA_Y,Teaser,2024-08-27,707.0,84169,51.0,14,1.77,Short,57,Tuesday,0.06,0.84
sQ_apJVP-vI,Other,2024-08-26,6343.0,258287,30.0,17,0.12,Short,39,Monday,0.01,2.46
wc5Izij7wv4,Teaser,2024-08-26,2128.0,190275,105.0,33,2.5,Short,60,Monday,0.06,1.12
CIJ-tnYikDM,Other,2024-08-26,7563.0,473543,623.0,25,1.45,Short,72,Monday,0.13,1.6
VPvFqWKoVkQ,Other,2024-08-25,2161.0,79057,15.0,23,0.62,Short,60,Sunday,0.02,2.73
uf4_oPZFdKY,Interview,2024-08-25,5880.0,453331,95.0,22,1.77,Short,74,Sunday,0.02,1.3
BTsC4tATFHo,Action,2024-08-25,10030.0,579354,572.0,23,2.17,Short,94,Sunday,0.1,1.73
0eBqdJsUye8,Other,2024-08-25,758.0,50659,4.0,24,2.33,Short,89,Sunday,0.01,1.5
S7dvl74lODI,Other,2024-08-24,932.0,27078,5.0,21,0.38,Short,65,Saturday,0.02,3.44
VWYrXGdzHJE,Other,2024-08-24,52103.0,4204541,467.0,22,5.57,Short,96,Saturday,0.01,1.24
OtOA7VwnIkI,Other,2024-08-23,5469.0,80327,562.0,20,1.65,Short,70,Friday,0.7,6.81
yzHOxoeb9lw,Other,2024-08-23,8480.0,291764,528.0,21,13.72,Long,87,Friday,0.18,2.91
P0a6xplPX7Q,Other,2024-08-23,1534.0,79242,62.0,20,4.12,Short,88,Friday,0.08,1.94
QgUdvR_HOqs,Teaser,2024-08-22,5506.0,185482,774.0,15,6.32,Short,62,Thursday,0.42,2.97
VsdAiD7etwY,Other,2024-08-22,18984.0,1709165,168.0,19,10.08,Long,94,Thursday,0.01,1.11
M3IQOJw3620,Other,2024-08-22,2676.0,60301,145.0,25,1.0,Short,92,Thursday,0.24,4.44
k5Bvcll3Fys,Other,2024-08-21,3050.0,80321,193.0,22,0.52,Short,91,Wednesday,0.24,3.8
ARJ4yj4ZNYU,Other,2024-08-21,894.0,32090,10.0,20,0.98,Short,69,Wednesday,0.03,2.79
ZY6Xe6IYgf0,Other,2024-08-21,350.0,19452,21.0,20,1.55,Short,86,Wednesday,0.11,1.8
a_L4irD4cgE,Announcement,2024-08-21,10027.0,441607,468.0,15,0.95,Short,66,Wednesday,0.11,2.27
ru9MraI1hlQ,Teaser,2024-08-21,1845.0,46807,83.0,5,1.28,Short,69,Wednesday,0.18,3.94
KLzBKDNh1XE,Other,2024-08-20,1350.0,37885,12.0,15,0.37,Short,59,Tuesday,0.03,3.56
3YiCX5ZUFFM,Other,2024-08-20,906.0,35374,48.0,21,3.0,Short,93,Tuesday,0.14,2.56
AfYdWjZcKMA,Other,2024-08-20,419.0,20898,25.0,17,1.58,Short,85,Tuesday,0.12,2.0
9aPAs1hbMMQ,Clip,2024-08-19,1346.0,185332,16.0,26,3.28,Short,97,Monday,0.01,0.73
ZkwH3VfqZfc,Other,2024-08-19,3100.0,94277,13.0,24,0.87,Short,92,Monday,0.01,3.29
5Dmr5rktfGY,Teaser,2024-08-19,53404.0,45363974,2866.0,27,2.95,Short,92,Monday,0.01,0.12
KH4dmp9m5Lw,Other,2024-08-18,1477.0,60056,5.0,23,0.37,Short,55,Sunday,0.01,2.46
jAwoXiwyg7c,Song,2024-08-18,9640.0,311146,157.0,17,2.4,Short,76,Sunday,0.05,3.1
KyZ8tHbf6iI,Comedy,2024-08-18,514.0,18321,29.0,20,4.58,Short,86,Sunday,0.16,2.81
2h48cKfPL6Q,Comedy,2024-08-17,1483.0,65078,12.0,23,0.82,Short,62,Saturday,0.02,2.28
aninoDcPWo4,Teaser,2024-08-17,45350.0,2991436,1873.0,22,3.08,Short,93,Saturday,0.06,1.52
crRuRxxfIjg,Other,2024-08-17,4348.0,302985,139.0,26,3.98,Short,84,Saturday,0.05,1.44
LQ0Obge281c,Announcement,2024-08-17,16763.0,466729,550.0,22,0.62,Short,78,Saturday,0.12,3.59
TXPnkYczxvQ,Other,2024-08-16,13057.0,303569,17.0,19,0.47,Short,93,Friday,0.01,4.3
nYOc_vE8ok8,Other,2024-08-16,2813.0,78223,25.0,29,0.42,Short,86,Friday,0.03,3.6
RBtZpw5ioaM,Action,2024-08-16,20029.0,1191997,568.0,24,2.93,Short,40,Friday,0.05,1.68
uVNEEFCRvZs,Other,2024-08-16,872.0,42647,29.0,26,2.98,Short,92,Friday,0.07,2.04
zY4cB5ZQVx4,Other,2024-08-15,620.0,50075,27.0,19,1.65,Short,87,Thursday,0.05,1.24
NFnQrFX7HRQ,Other,2024-08-15,1120.0,44382,3.0,14,0.48,Short,44,Thursday,0.01,2.52
i_7jStq7LLQ,Other,2024-08-15,1795.0,26404,28.0,29,0.58,Short,69,Thursday,0.11,6.8
IdGjB5WXsCI,Other,2024-08-15,5319.0,105576,213.0,28,8.52,Short,49,Thursday,0.2,5.04
hVq_CWxu0hU,Other,2024-08-14,2148.0,96369,153.0,9,114.62,Long,87,Wednesday,0.16,2.23
7-DjxsSvbHY,Announcement,2024-08-14,4489.0,367927,367.0,12,1.22,Short,89,Wednesday,0.1,1.22
jYAnec-9Dco,Teaser,2024-08-14,5961.0,569195,206.0,18,2.8,Short,82,Wednesday,0.04,1.05
6-UW5H4riRA,Romance,2024-08-13,23441.0,1645791,544.0,21,26.1,Long,92,Tuesday,0.03,1.42
nTo5KFrIMPc,Other,2024-08-13,276.0,20449,15.0,21,4.65,Short,99,Tuesday,0.07,1.35
9JXTDuNI-sQ,Comedy,2024-08-12,3816.0,337809,58.0,21,2.17,Short,89,Monday,0.02,1.13
Th8bBJMa1Pg,Other,2024-08-12,4433.0,199540,134.0,29,1.82,Short,90,Monday,0.07,2.22
MGfYYHDlRk8,Other,2024-08-12,5011.0,133610,177.0,36,0.82,Short,54,Monday,0.13,3.75
s34c9SIneyI,Clip,2024-08-11,1446.0,39341,11.0,23,0.57,Short,59,Sunday,0.03,3.68
IS8VX5HFKLA,Other,2024-08-11,2683.0,139619,95.0,20,9.22,Short,61,Sunday,0.07,1.92
lgAFE2Nx0yA,Other,2024-08-11,715.0,26269,49.0,23,1.37,Short,73,Sunday,0.19,2.72
MGTxyvMkUME,Other,2024-08-11,629.0,46661,27.0,20,2.02,Short,91,Sunday,0.06,1.35
8v23qKa8BZY,Romance,2024-08-10,148619.0,3858612,183.0,19,1.0,Short,87,Saturday,0.0,3.85
DQMxf2banC8,Other,2024-08-10,836.0,30162,28.0,3,3.25,Short,43,Saturday,0.09,2.77
m4u9blHkoXI,Other,2024-08-10,3554.0,283840,551.0,18,2.47,Short,84,Saturday,0.19,1.25
4Iqy9Su-uiA,Romance,2024-08-10,1093.0,170585,106.0,20,3.38,Short,91,Saturday,0.06,0.64
fPIqvbtG4-A,Other,2024-08-09,1003.0,35185,3.0,22,0.5,Short,92,Friday,0.01,2.85
CVyBxzQ3LeQ,Other,2024-08-09,4404.0,499907,103.0,21,4.7,Short,91,Friday,0.02,0.88
fszL1fdPQ-o,Other,2024-08-09,753.0,41865,75.0,23,1.3,Short,96,Friday,0.18,1.8
dnQ7cF20rog,Other,2024-08-09,6324.0,185560,534.0,18,1.62,Short,51,Friday,0.29,3.41
RxQZXYI_uZQ,Other,2024-08-08,31884.0,1494699,459.0,23,34.65,Long,89,Thursday,0.03,2.13
yXlTrNqoPBw,Other,2024-08-08,1079.0,83542,18.0,24,2.25,Short,79,Thursday,0.02,1.29
B2Iy0JgA-VQ,Drama,2024-08-07,34551.0,1185693,1668.0,23,16.37,Long,51,Wednesday,0.14,2.91
F-8_tSZMeKU,Other,2024-08-07,569.0,51149,15.0,18,2.0,Short,83,Wednesday,0.03,1.11
dA2YyZ1t-Jw,Other,2024-08-06,5578.0,234988,26.0,18,0.45,Short,80,Tuesday,0.01,2.37
Y-mUmoPmyhU,Other,2024-08-06,4150.0,99146,36.0,21,0.92,Short,83,Tuesday,0.04,4.19
ddV9lkbEOos,Other,2024-08-06,17942.0,1122677,342.0,22,2.45,Short,67,Tuesday,0.03,1.6
jqHqblh2lBQ,Teaser,2024-08-06,1629.0,132083,60.0,17,2.8,Short,84,Tuesday,0.05,1.23
CFEK5RQI2zk,Other,2024-08-05,1628.0,31140,20.0,17,0.73,Short,44,Monday,0.06,5.23
SMjWvmjnsyg,Other,2024-08-05,4441.0,170163,106.0,12,0.9,Short,76,Monday,0.06,2.61
Vt4R3-zXksY,Teaser,2024-08-05,7683.0,792683,439.0,18,2.8,Short,91,Monday,0.06,0.97
IT3wV63WKCM,Other,2024-08-05,5142.0,209417,181.0,21,2.37,Short,94,Monday,0.09,2.46
xqdWV_fhuV4,Announcement,2024-08-05,1274.0,123008,171.0,14,0.82,Short,100,Monday,0.14,1.04
q8gfQpdMetU,Other,2024-08-04,1559.0,63558,11.0,17,0.17,Short,56,Sunday,0.02,2.45
GISNagsD2DM,Other,2024-08-04,1596.0,58497,112.0,22,2.63,Short,90,Sunday,0.19,2.73
7BOGgymGCgA,Other,2024-08-04,372.0,24812,24.0,23,2.57,Short,88,Sunday,0.1,1.5
pwuOr-vMnM4,Other,2024-08-04,1518.0,28048,5.0,26,1.0,Short,93,Sunday,0.02,5.41
1cIVsRYwFP4,Other,2024-08-04,6654.0,1206620,145.0,18,2.47,Short,91,Sunday,0.01,0.55
Hwu5NpF9vv8,Comedy,2024-08-03,1413.0,60141,5.0,13,0.58,Short,92,Saturday,0.01,2.35
m6JrtJeQ3Y8,Other,2024-08-03,688.0,21596,29.0,21,3.22,Short,80,Saturday,0.13,3.19
jx54w4_mZHM,Other,2024-08-03,625.0,33760,27.0,23,4.87,Short,86,Saturday,0.08,1.85
ZRchwhJn9Ew,Teaser,2024-08-03,24857.0,7482540,761.0,23,1.18,Short,91,Saturday,0.01,0.33
kTELaN7dJE8,Other,2024-08-02,1109.0,38781,7.0,22,0.48,Short,90,Friday,0.02,2.86
d0bs2b6CgYE,Other,2024-08-02,376.0,24478,16.0,18,2.98,Short,66,Friday,0.07,1.54
IWH4Bt2Q0bs,Other,2024-08-02,3603.0,154212,217.0,21,1.08,Short,59,Friday,0.14,2.34
-1A3Qyp9DPc,Other,2024-08-01,1890.0,47782,24.0,18,0.72,Short,57,Thursday,0.05,3.96
trvhligP5eA,Teaser,2024-08-01,812.0,24488,61.0,17,2.1,Short,50,Thursday,0.25,3.32
pQVWOeI9l8E,Comedy,2024-08-01,2486.0,182034,17.0,17,1.82,Short,92,Thursday,0.01,1.37
oogons7tCM8,Announcement,2024-08-01,14790.0,344433,521.0,26,0.95,Short,50,Thursday,0.15,4.29
MFpaK8kHIuc,Song,2024-07-31,4112.0,105771,30.0,17,0.5,Short,71,Wednesday,0.03,3.89
JFtPahHqmE0,Comedy,2024-07-31,3925.0,215423,75.0,21,3.28,Short,74,Wednesday,0.03,1.82
FSYdw3RdKtE,Romance,2024-07-31,399.0,23225,15.0,22,3.83,Short,90,Wednesday,0.06,1.72
R36vPZCY-qo,Other,2024-07-30,15837.0,280781,99.0,22,0.42,Short,33,Tuesday,0.04,5.64
1dZjTHT5qWk,Action,2024-07-30,543.0,14516,32.0,16,2.53,Short,89,Tuesday,0.22,3.74
A8NuCdFhuDs,Other,2024-07-30,463.0,54863,19.0,18,2.03,Short,78,Tuesday,0.03,0.84
sUkFsEn-eFw,Other,2024-07-30,313.0,29135,24.0,13,3.33,Short,77,Tuesday,0.08,1.07
XIuGnmZ3Q5g,Other,2024-07-29,151198.0,3877698,292.0,18,0.45,Short,59,Monday,0.01,3.9
ieZ6qgBdZDU,Other,2024-07-29,2829.0,141491,100.0,21,6.73,Short,82,Monday,0.07,2.0
Ri_Fbdw3U7Y,Other,2024-07-29,8743.0,910549,116.0,23,2.1,Short,93,Monday,0.01,0.96
QzCex_0YWvY,Comedy,2024-07-28,921.0,44941,5.0,26,0.75,Short,94,Sunday,0.01,2.05
TSG9fEEHVRo,Other,2024-07-28,253.0,27431,12.0,19,1.93,Short,81,Sunday,0.04,0.92
RBOsdfjGiVQ,Action,2024-07-28,651.0,58074,23.0,14,3.37,Short,83,Sunday,0.04,1.12
NQ7wGk8dUho,Clip,2024-07-28,3390.0,355329,69.0,13,3.83,Short,95,Sunday,0.02,0.95
OMeGNViHS2M,Other,2024-07-27,2631.0,62625,12.0,28,0.85,Short,90,Saturday,0.02,4.2
QYcSCDiZN5c,Other,2024-07-27,1971.0,201267,174.0,17,1.93,Short,82,Saturday,0.09,0.98
pi3r_jtBjE0,Other,2024-07-27,340.0,17782,26.0,18,1.98,Short,73,Saturday,0.15,1.91
EFTHTei0FxM,Other,2024-07-27,1751.0,44883,13.0,18,0.35,Short,38,Saturday,0.03,3.9
ZLm5Fpti1AM,Other,2024-07-27,639.0,174384,23.0,14,1.6,Short,66,Saturday,0.01,0.37
JswzsEyNPUg,Clip,2024-07-26,1000.0,26144,1.0,23,0.82,Short,72,Friday,0.0,3.82
c14W_8wiuiY,Teaser,2024-07-26,16719.0,551014,296.0,18,13.77,Long,88,Friday,0.05,3.03
rfXW2Sk67WE,Teaser,2024-07-26,9009.0,1217666,525.0,19,2.13,Short,76,Friday,0.04,0.74
n1kAK5bfkhI,Other,2024-07-26,6583.0,290445,67.0,18,0.65,Short,58,Friday,0.02,2.27
n9TtAfV3EFU,Comedy,2024-07-25,933.0,28552,5.0,20,0.98,Short,94,Thursday,0.02,3.27
vB7OiVfmEDM,Teaser,2024-07-25,9457.0,920346,179.0,18,3.18,Short,65,Thursday,0.02,1.03
ATGQdcN4UBs,Teaser,2024-07-25,184701.0,36602069,5062.0,15,2.7,Short,86,Thursday,0.01,0.5
hUgp6fGLlj4,Other,2024-07-24,2225.0,88269,19.0,16,0.53,Short,93,Wednesday,0.02,2.52
AEaR1Pc_Qek,Other,2024-07-24,592.0,37508,15.0,20,2.13,Short,82,Wednesday,0.04,1.58
quUDJwZQ72s,Other,2024-07-24,2780.0,335658,264.0,17,2.55,Short,68,Wednesday,0.08,0.83
KuTbnVUnsDo,Clip,2024-07-24,1705.0,105835,56.0,23,2.5,Short,91,Wednesday,0.05,1.61
mACAmlz8wro,Interview,2024-07-23,1210.0,116114,77.0,15,15.28,Long,78,Tuesday,0.07,1.04
4tIHKJiD5oc,Other,2024-07-23,3428.0,152345,131.0,18,0.42,Short,85,Tuesday,0.09,2.25
Ro-VlNSkd0w,Teaser,2024-07-22,2544.0,211027,103.0,30,2.35,Short,60,Monday,0.05,1.21
OTHKWEZilL4,Teaser,2024-07-22,10121.0,270225,460.0,24,2.2,Short,64,Monday,0.17,3.75
79XS4qpRw50,Teaser,2024-07-22,75121.0,2424009,1693.0,21,2.2,Short,66,Monday,0.07,3.1
qBQYItyOVzg,Other,2024-07-21,10664.0,158911,44.0,20,0.88,Short,64,Sunday,0.03,6.71
_rajysWN2tg,Other,2024-07-21,3205.0,201962,18.0,14,0.7,Short,65,Sunday,0.01,1.59
FBPbsxLex7Y,Clip,2024-07-21,548.0,20685,45.0,40,1.3,Short,60,Sunday,0.22,2.65
JwQZqZJXn5Y,Other,2024-07-21,1567.0,203270,92.0,13,2.03,Short,70,Sunday,0.05,0.77
5qPbIiQ0cZE,Comedy,2024-07-21,730.0,43681,20.0,20,1.63,Short,93,Sunday,0.05,1.67
OQJg0m9z9gE,Clip,2024-07-20,22007.0,718152,307.0,19,15.47,Long,88,Saturday,0.04,3.06
sVpogA2qol4,Other,2024-07-20,4910.0,599249,324.0,17,2.32,Short,75,Saturday,0.05,0.82
K-JWjLdWB04,Other,2024-07-19,3246.0,59078,16.0,19,0.38,Short,61,Friday,0.03,5.49
iHUp6wmXktQ,Other,2024-07-19,451.0,106783,19.0,14,1.4,Short,67,Friday,0.02,0.42
Uh6sp7CHsx8,Teaser,2024-07-19,1280.0,122775,61.0,18,2.1,Short,76,Friday,0.05,1.04
GfE3aIiY4PY,Other,2024-07-19,1130.0,45391,61.0,17,0.95,Short,41,Friday,0.13,2.49
duI8YBtMOUs,Interview,2024-07-18,81401.0,2043134,227.0,22,0.53,Short,80,Thursday,0.01,3.98
XP7LisBtnTI,Comedy,2024-07-18,784.0,56362,22.0,18,3.07,Short,87,Thursday,0.04,1.39
No0ALP5LkUk,Other,2024-07-18,1233.0,241209,50.0,14,0.87,Short,86,Thursday,0.02,0.51
0DnjxGAJqF4,Comedy,2024-07-17,3229.0,81181,15.0,24,0.85,Short,86,Wednesday,0.02,3.98
cPRQxqgiReo,Other,2024-07-17,3902.0,120309,26.0,20,0.32,Short,65,Wednesday,0.02,3.24
nA8rQReRVtY,Action,2024-07-17,2450.0,148405,77.0,14,2.12,Short,98,Wednesday,0.05,1.65
n3ttNeXKPHg,Teaser,2024-07-17,76710.0,6270904,3374.0,20,2.1,Short,75,Wednesday,0.05,1.22
qBlyZwdvWZM,Other,2024-07-17,1046.0,98925,36.0,21,3.78,Short,86,Wednesday,0.04,1.06
N_W0mxX58PI,Other,2024-07-16,7394.0,147844,38.0,19,0.47,Short,82,Tuesday,0.03,5.0
QNOpNEuOlFU,Other,2024-07-16,7618.0,647697,131.0,20,2.65,Short,77,Tuesday,0.02,1.18
xjQKvhEi7NI,Teaser,2024-07-16,31507.0,2820148,2037.0,16,1.8,Short,77,Tuesday,0.07,1.12
KKUHOZZuLCM,Clip,2024-07-15,13501.0,229005,570.0,29,1.97,Short,76,Monday,0.25,5.9
enSNy60740Q,Announcement,2024-07-15,8047.0,172234,87.0,21,0.57,Short,93,Monday,0.05,4.67
xk9GtQ-26Bw,Other,2024-07-15,3119.0,293670,173.0,13,3.5,Short,79,Monday,0.06,1.06
5jefb0FqlWE,Song,2024-07-15,475.0,45930,38.0,14,0.93,Short,66,Monday,0.08,1.03
ZKApPc5a8DY,Other,2024-07-14,4981.0,151164,45.0,13,0.42,Short,37,Sunday,0.03,3.3
a-qTFGXZVXw,Other,2024-07-14,4120.0,279401,165.0,21,2.82,Short,79,Sunday,0.06,1.47
kNNfaYCuLu4,Romance,2024-07-13,1454.0,44495,8.0,25,0.45,Short,74,Saturday,0.02,3.27
VhXLnwT-ytE,Romance,2024-07-13,56913.0,2151787,680.0,17,16.63,Long,75,Saturday,0.03,2.64
uPXDpTbMMRM,Drama,2024-07-13,435.0,18269,21.0,20,2.38,Short,56,Saturday,0.11,2.38
_5k329mB4IM,Other,2024-07-12,11323.0,214235,51.0,26,0.7,Short,71,Friday,0.02,5.29
1v7rKqZeo8M,Other,2024-07-12,489.0,25466,17.0,20,1.33,Short,83,Friday,0.07,1.92
hOu09YxlNBw,Other,2024-07-12,13832.0,186660,412.0,13,0.35,Short,57,Friday,0.22,7.41
gaTu1Bsn9MY,Drama,2024-07-12,2681.0,311492,55.0,22,2.32,Short,79,Friday,0.02,0.86
pOOsvdUtbGE,Comedy,2024-07-11,101881.0,4278951,2301.0,19,22.02,Long,98,Thursday,0.05,2.38
_8kwu6_DPyA,Other,2024-07-11,260.0,14820,23.0,13,2.82,Short,86,Thursday,0.16,1.75
trBrnSbUqp8,Other,2024-07-10,2694.0,116790,36.0,20,0.37,Short,58,Wednesday,0.03,2.31
AYNWzhuqJSw,Other,2024-07-10,1047.0,98059,34.0,14,3.4,Short,75,Wednesday,0.03,1.07
rWJngzTNXCM,Comedy,2024-07-10,11551.0,1043743,163.0,19,3.07,Short,85,Wednesday,0.02,1.11
muFwLccwr3o,Other,2024-07-10,2180.0,60686,8.0,14,0.4,Short,44,Wednesday,0.01,3.59
DdbPtTuVFPQ,Teaser,2024-07-09,1762.0,49210,105.0,18,2.5,Short,64,Tuesday,0.21,3.58
LQmzMalzWeA,Other,2024-07-09,1939.0,221010,68.0,23,3.18,Short,85,Tuesday,0.03,0.88
Jm109fPG4zI,Teaser,2024-07-09,23397.0,2733445,1677.0,14,2.1,Short,93,Tuesday,0.06,0.86
Zi8cAjxEaCQ,Other,2024-07-08,418.0,15315,18.0,21,1.92,Short,65,Monday,0.12,2.73
Otcr-vRuaQs,Teaser,2024-07-08,26249.0,3436954,1368.0,13,2.07,Short,78,Monday,0.04,0.76
Zfmf53coRMc,Clip,2024-07-07,46655.0,1273297,35.0,26,0.82,Short,80,Sunday,0.0,3.66
ET7DxOUrztU,Other,2024-07-07,374.0,16720,14.0,27,1.07,Short,93,Sunday,0.08,2.24
8aqEUujkCl0,Comedy,2024-07-07,770.0,35929,21.0,19,1.1,Short,94,Sunday,0.06,2.14
NQjiHbdWQOc,Other,2024-07-06,23205.0,1313840,658.0,22,1.4,Short,79,Saturday,0.05,1.77
QMxiWZ8-0Sw,Other,2024-07-06,803.0,20219,13.0,20,0.68,Short,40,Saturday,0.06,3.97
tDML0UHEvVQ,Other,2024-07-06,1128.0,72666,44.0,23,2.6,Short,94,Saturday,0.06,1.55
V9N-3AHFd-w,Other,2024-07-05,89215.0,2014427,144.0,23,0.8,Short,78,Friday,0.01,4.43
Ynf1m9UXfyA,Other,2024-07-05,249.0,12621,15.0,22,2.65,Short,36,Friday,0.12,1.97
0u9gwzX4ico,Other,2024-07-05,821.0,60514,31.0,20,2.92,Short,89,Friday,0.05,1.36
IYOneaKmpag,Other,2024-07-05,249.0,8142,11.0,20,2.22,Short,91,Friday,0.14,3.06
OrONn4FXkK0,Other,2024-07-04,968.0,27057,5.0,20,0.72,Short,91,Thursday,0.02,3.58
maq1YiNnGy8,Other,2024-07-04,219974.0,5841141,2861.0,19,4.32,Short,62,Thursday,0.05,3.77
7Zt2hvMKBBk,Teaser,2024-07-04,7112.0,479255,166.0,20,3.53,Short,77,Thursday,0.03,1.48
d_G46FzASmM,Other,2024-07-03,13595.0,177517,1142.0,26,15.98,Long,75,Wednesday,0.64,7.66
A383_wazkao,Other,2024-07-03,1363.0,62022,40.0,20,2.93,Short,55,Wednesday,0.06,2.2
qRop3l_FlMY,Other,2024-07-02,5412.0,227383,135.0,21,7.23,Short,86,Tuesday,0.06,2.38
BOrykV5FQU4,Teaser,2024-07-02,1894.0,79867,136.0,29,2.17,Short,55,Tuesday,0.17,2.37
MmcYe1tx6oo,Teaser,2024-07-01,10561.0,325234,259.0,20,13.3,Long,81,Monday,0.08,3.25
XD_JErp5Kyg,Clip,2024-07-01,11460.0,492009,278.0,20,6.02,Short,95,Monday,0.06,2.33
qQT1r0RHdUo,Comedy,2024-06-30,9099.0,165296,21.0,25,0.68,Short,76,Sunday,0.01,5.5
gnUhRDU6u-c,Other,2024-06-30,1877.0,63778,92.0,20,3.02,Short,90,Sunday,0.14,2.94
tR9G0RvS16E,Comedy,2024-06-30,42833.0,3523740,692.0,19,2.63,Short,89,Sunday,0.02,1.22
lxVJmBPL3iA,Other,2024-06-29,2784.0,168703,143.0,20,2.45,Short,91,Saturday,0.08,1.65
wi52lAUuCHA,Drama,2024-06-29,10124.0,366446,622.0,21,6.88,Short,57,Saturday,0.17,2.76
xjH6yWR1GQU,Other,2024-06-29,201.0,7121,8.0,15,2.28,Short,90,Saturday,0.11,2.82
kI0kFGTz0m8,Other,2024-06-28,2584.0,76891,27.0,20,0.38,Short,84,Friday,0.04,3.36
Vb-f0kh2FT8,Clip,2024-06-28,9307.0,530061,502.0,22,15.7,Long,77,Friday,0.09,1.76
iZoKiOn4lwE,Comedy,2024-06-28,8620.0,542099,130.0,26,5.25,Short,96,Friday,0.02,1.59
2BeNI9Qvvb4,Other,2024-06-27,12110.0,285898,52.0,23,0.48,Short,76,Thursday,0.02,4.24
tZwTzsRAkDI,Drama,2024-06-27,26753.0,1178124,1134.0,20,21.7,Long,77,Thursday,0.1,2.27
XOjbAoA6IS8,Other,2024-06-26,33692.0,789878,145.0,21,0.73,Short,80,Wednesday,0.02,4.27
2w2MMW22HgA,Other,2024-06-26,8046.0,543356,92.0,19,2.53,Short,83,Wednesday,0.02,1.48
SENHTntJnys,Other,2024-06-26,326.0,20863,16.0,24,3.5,Short,76,Wednesday,0.08,1.56
rTdyZPxvkS8,Other,2024-06-25,72100.0,2279688,1650.0,23,12.6,Long,74,Tuesday,0.07,3.16
s9bkrfQXqtc,Song,2024-06-25,30316.0,18371286,817.0,21,2.82,Short,76,Tuesday,0.0,0.17
AnrSxu84tNA,Other,2024-06-24,141810.0,3717856,371.0,24,0.5,Short,93,Monday,0.01,3.81
V7k9SzN7qCw,Song,2024-06-24,1994.0,42674,95.0,21,2.78,Short,78,Monday,0.22,4.67
CIrK-7VDkbU,Teaser,2024-06-24,52280.0,34551860,1238.0,14,2.9,Short,98,Monday,0.0,0.15
91E5P2B1gG0,Other,2024-06-23,8091.0,199520,33.0,21,0.8,Short,72,Sunday,0.02,4.06
1YMORXcE9vU,Other,2024-06-23,7646.0,535322,110.0,19,2.38,Short,74,Sunday,0.02,1.43
GPBChdAJ0RM,Interview,2024-06-23,15008.0,854800,359.0,21,15.3,Long,83,Sunday,0.04,1.76
OmiHObJbxe0,Comedy,2024-06-22,844.0,40557,9.0,26,0.97,Short,80,Saturday,0.02,2.08
4ERt6gA9rlo,Other,2024-06-22,2221.0,68397,26.0,24,0.85,Short,87,Saturday,0.04,3.25
JJTphQ_Hlo4,Other,2024-06-22,711.0,49250,24.0,19,0.28,Short,94,Saturday,0.05,1.44
Bh9pamJok0g,Other,2024-06-22,7295.0,239400,441.0,24,1.98,Short,88,Saturday,0.18,3.05
7lmEI53Z-xw,Other,2024-06-22,22418.0,31563784,1743.0,23,3.12,Short,90,Saturday,0.01,0.07
vIXywnN-CNc,Other,2024-06-21,88682.0,1760224,469.0,21,0.92,Short,65,Friday,0.03,5.04
K7uMVFj46AI,Other,2024-06-21,424.0,17465,33.0,17,2.98,Short,36,Friday,0.19,2.43
OvUsI-UV6Gw,Comedy,2024-06-21,1168.0,60846,23.0,26,2.0,Short,80,Friday,0.04,1.92
_ojpJblySH0,Other,2024-06-21,249.0,7771,12.0,10,2.32,Short,90,Friday,0.15,3.2
cwDGaTC29PY,Other,2024-06-20,698.0,26243,3.0,21,0.5,Short,78,Thursday,0.01,2.66
x7TLkIGi1Kg,Comedy,2024-06-20,3725.0,209077,75.0,21,1.77,Short,88,Thursday,0.04,1.78
pIkdfPpnThQ,Other,2024-06-20,15939.0,746403,1870.0,21,1.63,Short,71,Thursday,0.25,2.14
J04sXVt5Gt0,Other,2024-06-19,10088.0,240590,30.0,24,0.7,Short,88,Wednesday,0.01,4.19
rzOQ4_MRjoI,Other,2024-06-19,25391.0,1272296,409.0,22,3.52,Short,90,Wednesday,0.03,2.0
I-1pWrckgzU,Other,2024-06-19,8193.0,582915,180.0,19,1.63,Short,88,Wednesday,0.03,1.41
kxf9wCFjmw0,Comedy,2024-06-18,31591.0,613202,50.0,24,0.8,Short,91,Tuesday,0.01,5.15
bz6y4GLM9P4,Other,2024-06-18,76398.0,3212552,1403.0,23,26.63,Long,94,Tuesday,0.04,2.38
fJ1F3U02KmQ,Drama,2024-06-18,1129.0,252084,20.0,18,2.65,Short,87,Tuesday,0.01,0.45
lXC4_y4EcAQ,Comedy,2024-06-17,2729.0,121656,16.0,24,0.68,Short,62,Monday,0.01,2.24
sxq_QLjuySc,Other,2024-06-17,77987.0,1959583,2925.0,25,14.7,Long,69,Monday,0.15,3.98
wPcxCdjXdbc,Other,2024-06-17,10847.0,549772,211.0,21,1.93,Short,82,Monday,0.04,1.97
SiI4yqwFgM8,Announcement,2024-06-17,6255.0,159245,56.0,16,0.72,Short,51,Monday,0.04,3.93
KB3Ql2EsP2s,Other,2024-06-16,1787.0,54523,17.0,26,0.62,Short,63,Sunday,0.03,3.28
Ge1DycaRLXE,Other,2024-06-16,509.0,23214,28.0,23,5.7,Short,96,Sunday,0.12,2.19
UEZYSNugsBU,Other,2024-06-16,7612.0,291891,206.0,22,1.52,Short,95,Sunday,0.07,2.61
asRZoRv8nqU,Other,2024-06-15,1066.0,39861,11.0,20,0.95,Short,90,Saturday,0.03,2.67
kaMuUNTXyxg,Comedy,2024-06-15,1185.0,32053,67.0,21,0.37,Short,89,Saturday,0.21,3.7
Lp5Is0mfSgg,Other,2024-06-15,6292.0,258115,164.0,22,3.83,Short,87,Saturday,0.06,2.44
L_uDX0NRaac,Other,2024-06-15,2067.0,279059,73.0,21,1.95,Short,72,Saturday,0.03,0.74
MjNTgdGDxWc,Comedy,2024-06-14,375658.0,10755866,399.0,22,0.92,Short,87,Friday,0.0,3.49
H84XD_csCbk,Other,2024-06-14,18650.0,549713,471.0,21,5.38,Short,59,Friday,0.09,3.39
tvERI_Cslm4,Other,2024-06-13,1961.0,52873,102.0,24,1.97,Short,59,Thursday,0.19,3.71
dA2tcaKL304,Teaser,2024-06-13,6935.0,1199515,127.0,10,2.55,Short,90,Thursday,0.01,0.58
e3WAEBoo2ks,Other,2024-06-13,886.0,24708,11.0,24,0.38,Short,93,Thursday,0.04,3.59
nR6V3v0hlWg,Other,2024-06-13,857.0,57840,23.0,28,4.35,Short,95,Thursday,0.04,1.48
25aksaBM0xk,Other,2024-06-12,26961.0,942925,96.0,25,0.37,Short,82,Wednesday,0.01,2.86
qhmz-CEWAI0,Other,2024-06-12,8948.0,667378,177.0,21,2.07,Short,88,Wednesday,0.03,1.34
uu-juyiVqE8,Clip,2024-06-12,1254.0,96638,35.0,23,1.32,Short,64,Wednesday,0.04,1.3
le-PTxngJfo,Other,2024-06-12,17746.0,646392,1007.0,13,1.82,Short,91,Wednesday,0.16,2.75
3ijp1bjRJjE,Other,2024-06-11,681.0,21474,3.0,21,0.6,Short,87,Tuesday,0.01,3.17
GUogQnhb4Cw,Drama,2024-06-11,2130.0,138845,61.0,19,1.88,Short,87,Tuesday,0.04,1.53
rJEB-0yCjKw,Teaser,2024-06-11,236436.0,19403732,6047.0,24,2.88,Short,93,Tuesday,0.03,1.22
W6BpE4A8eA8,Other,2024-06-10,2854.0,100078,15.0,20,0.35,Short,65,Monday,0.01,2.85
kWU2AWwz1JY,Other,2024-06-10,793.0,23271,58.0,24,1.05,Short,79,Monday,0.25,3.41
NNHwmXzaGI8,Other,2024-06-10,2666.0,405990,124.0,20,2.62,Short,97,Monday,0.03,0.66
JqojnCbO5eY,Other,2024-06-09,201918.0,5635840,485.0,22,0.53,Short,77,Sunday,0.01,3.58
qQydAnzUh8M,Other,2024-06-09,720.0,26592,66.0,25,1.02,Short,92,Sunday,0.25,2.71
Gq9zJPRAYC4,Romance,2024-06-09,3331.0,294500,163.0,22,1.47,Short,77,Sunday,0.06,1.13
8fBw4f3mhhA,Other,2024-06-08,1078.0,161348,19.0,19,0.87,Short,83,Saturday,0.01,0.67
mOMCswAiqDU,Comedy,2024-06-08,374.0,21214,15.0,19,2.48,Short,92,Saturday,0.07,1.76
TD-NfUjZICY,Action,2024-06-08,701.0,51172,24.0,20,1.48,Short,76,Saturday,0.05,1.37
9VMcplrROUk,Other,2024-06-07,1434.0,35401,14.0,23,0.68,Short,50,Friday,0.04,4.05
hwTq4UyQT64,Comedy,2024-06-07,7642.0,442233,278.0,23,1.65,Short,94,Friday,0.06,1.73
ebNOWMogR68,Clip,2024-06-07,1351.0,46321,98.0,18,1.27,Short,39,Friday,0.21,2.92
50GSwIZKgyg,Other,2024-06-06,50373.0,2027693,592.0,15,15.03,Long,60,Thursday,0.03,2.48
rEkwnWkueWk,Other,2024-06-06,2082.0,222726,59.0,22,2.42,Short,49,Thursday,0.03,0.93
59vD76-x9KE,Other,2024-06-06,33625.0,559786,241.0,11,0.83,Short,94,Thursday,0.04,6.01
lS9EejB0PjU,Other,2024-06-05,453.0,35051,38.0,25,3.18,Short,88,Wednesday,0.11,1.29
pZbJOW5CwQM,Teaser,2024-06-05,7839.0,718536,519.0,18,3.57,Short,95,Wednesday,0.07,1.09
ngUB1-SUX4M,Comedy,2024-06-05,3034.0,296861,81.0,19,1.88,Short,71,Wednesday,0.03,1.02
aW2oassRy64,Other,2024-06-04,16495.0,528811,144.0,22,4.15,Short,54,Tuesday,0.03,3.12
qc1J2Y39NkA,Other,2024-06-04,4982.0,591570,128.0,22,3.53,Short,88,Tuesday,0.02,0.84
mCCQ_iWFoQ4,Other,2024-06-04,25466.0,2416908,509.0,20,4.25,Short,92,Tuesday,0.02,1.05
p7M7pI1iLXA,Teaser,2024-06-03,4451.0,240662,207.0,28,2.28,Short,55,Monday,0.09,1.85
5HEXuJ6bd_4,Other,2024-06-03,612.0,19054,8.0,21,0.42,Short,90,Monday,0.04,3.21
b903CiQvBHc,Other,2024-06-03,309.0,35188,28.0,18,1.72,Short,94,Monday,0.08,0.88
12IzE6Qkgtw,Announcement,2024-06-03,22605.0,1449240,1972.0,22,3.45,Short,74,Monday,0.14,1.56
1iebEwd8AWw,Other,2024-06-02,2193.0,187207,46.0,14,2.47,Short,81,Sunday,0.02,1.17
aiENo4M1__s,Other,2024-06-02,2702.0,419623,89.0,22,1.85,Short,59,Sunday,0.02,0.64
tjwaJiV1Z5c,Other,2024-06-01,640.0,42846,36.0,12,0.73,Short,94,Saturday,0.08,1.49
XIMK1Q1ISss,Other,2024-06-01,5762.0,192018,91.0,20,2.63,Short,70,Saturday,0.05,3.0
mB6R378MLA4,Romance,2024-06-01,6935.0,128570,36.0,11,0.95,Short,94,Saturday,0.03,5.39
WFXl4IKxtBk,Other,2024-06-01,1096.0,91634,42.0,22,1.98,Short,70,Saturday,0.05,1.2
Ki9iwUpChtM,Teaser,2024-05-31,6258.0,211254,292.0,16,2.17,Short,71,Friday,0.14,2.96
JHRkw5VrVo8,Clip,2024-05-31,12580.0,876474,241.0,23,1.57,Short,54,Friday,0.03,1.44
PuMpLYR_Unc,Behind the Scenes,2024-05-31,2252.0,125063,170.0,22,2.0,Short,39,Friday,0.14,1.8
6TgQQqNJHzI,Song,2024-05-30,342.0,20892,10.0,22,2.62,Short,72,Thursday,0.05,1.64
enC5TH0W0Ok,Announcement,2024-05-30,37886.0,1128580,6976.0,22,1.17,Short,95,Thursday,0.62,3.36
cSKioGJWhgE,Other,2024-05-29,6758.0,762104,171.0,20,7.48,Short,58,Wednesday,0.02,0.89
_Pdx8NpbmFk,Song,2024-05-29,4482.0,164215,24.0,22,0.57,Short,76,Wednesday,0.01,2.73
U69VdOQ33Us,Other,2024-05-29,496.0,17522,26.0,22,1.57,Short,61,Wednesday,0.15,2.83
99AcMyXBTPg,Other,2024-05-29,3175.0,97977,16.0,23,0.7,Short,73,Wednesday,0.02,3.24
-6A28C2VI1E,Other,2024-05-29,3195.0,536714,73.0,12,1.58,Short,90,Wednesday,0.01,0.6
4glIjt19TAw,Other,2024-05-28,1809.0,799099,48.0,22,1.22,Short,44,Tuesday,0.01,0.23
1dNR-IhM2Wo,Romance,2024-05-28,7443.0,152665,53.0,22,0.92,Short,65,Tuesday,0.03,4.88
s4Dsc2XeBjc,Comedy,2024-05-28,6452.0,670165,73.0,20,2.17,Short,98,Tuesday,0.01,0.96
5SlAmt-dgA0,Other,2024-05-27,602.0,21694,13.0,15,1.52,Short,66,Monday,0.06,2.77
TTOUKHJWjNE,Other,2024-05-27,1916.0,54178,19.0,28,0.33,Short,93,Monday,0.04,3.54
nmHM36ttn1Y,Other,2024-05-27,2182.0,250076,171.0,20,2.53,Short,83,Monday,0.07,0.87
N_3Mh09mM-I,Other,2024-05-26,1948.0,184199,30.0,19,1.38,Short,80,Sunday,0.02,1.06
yI1BfJsjnWo,Other,2024-05-26,2192.0,196572,50.0,15,2.25,Short,71,Sunday,0.03,1.12
udheTe9fCBg,Other,2024-05-26,537.0,20368,28.0,22,3.1,Short,77,Sunday,0.14,2.64
H91Zh4vGcao,Other,2024-05-25,494.0,25607,18.0,15,0.62,Short,89,Saturday,0.07,1.93
saXdevrAHDc,Other,2024-05-25,2207.0,208536,61.0,18,1.82,Short,81,Saturday,0.03,1.06
r2KZ6zPUuPY,Comedy,2024-05-25,3314.0,747273,86.0,22,1.05,Short,92,Saturday,0.01,0.44
waVVON4oSd8,Other,2024-05-25,755.0,19089,3.0,20,0.97,Short,72,Saturday,0.02,3.96
0aZArWsEhPo,Other,2024-05-24,25288.0,891019,394.0,29,14.35,Long,90,Friday,0.04,2.84
UKoppSS1ggk,Announcement,2024-05-24,855.0,33653,33.0,22,0.83,Short,69,Friday,0.1,2.54
iiAvAhFxAtE,Other,2024-05-24,10233.0,250772,41.0,21,0.4,Short,67,Friday,0.02,4.08
E6AXOBkC2g0,Teaser,2024-05-23,498.0,29924,21.0,25,2.6,Short,54,Thursday,0.07,1.66
LH6sHR86t-M,Teaser,2024-05-23,9046.0,1229877,315.0,22,3.0,Short,77,Thursday,0.03,0.74
SGyqkGpHRnc,Other,2024-05-23,5015.0,115539,40.0,18,0.5,Short,92,Thursday,0.03,4.34
pt1vI8GrnX8,Comedy,2024-05-23,3543.0,66839,644.0,21,15.58,Long,85,Thursday,0.96,5.3
nqZjjJCswqg,Other,2024-05-22,2556.0,73895,368.0,11,1.07,Short,44,Wednesday,0.5,3.46
AMqDOi6sLpI,Other,2024-05-22,3751.0,129383,29.0,27,0.52,Short,84,Wednesday,0.02,2.9
N5b03oDnua0,Other,2024-05-22,38066.0,784393,729.0,26,11.0,Long,65,Wednesday,0.09,4.85
u1h5A4CFm8c,Other,2024-05-22,3170.0,396253,86.0,15,1.47,Short,82,Wednesday,0.02,0.8
c9i724L0kzM,Other,2024-05-21,1871.0,154398,41.0,3,1.55,Short,72,Tuesday,0.03,1.21
4oiCgXw0FKo,Other,2024-05-21,1686.0,44883,7.0,24,0.93,Short,78,Tuesday,0.02,3.76
ZgdypIWTSwU,Other,2024-05-21,7980.0,371521,132.0,22,3.92,Short,98,Tuesday,0.04,2.15
vWCRcw4Lw38,Other,2024-05-20,1223.0,49426,47.0,26,1.83,Short,49,Monday,0.1,2.47
udpVWDc5xJ8,Other,2024-05-20,23655.0,643641,61.0,22,0.77,Short,68,Monday,0.01,3.68
34-m7hZTf-8,Song,2024-05-20,24659.0,1073752,586.0,20,2.8,Short,89,Monday,0.05,2.3
siM5fhyTVIU,Clip,2024-05-19,378.0,88193,42.0,30,0.93,Short,76,Sunday,0.05,0.43
g4obCHazw9Q,Other,2024-05-19,1316.0,224601,62.0,20,1.68,Short,93,Sunday,0.03,0.59
GNxMALYoeS0,Interview,2024-05-19,3382.0,95190,24.0,20,0.92,Short,95,Sunday,0.03,3.55
3mEGltfasZY,Other,2024-05-19,844.0,42249,21.0,16,0.35,Short,92,Sunday,0.05,2.0
SevLSJlcNYQ,Other,2024-05-18,35999.0,1457450,627.0,19,1.65,Short,84,Saturday,0.04,2.47
eR9zD8K3mLQ,Other,2024-05-18,6016.0,518067,215.0,21,0.97,Short,91,Saturday,0.04,1.16
JtRLyfv51J8,Other,2024-05-18,4524.0,153823,31.0,23,0.28,Short,90,Saturday,0.02,2.94
Xcb1HD-0ZW4,Other,2024-05-18,2185.0,253409,53.0,22,2.08,Short,89,Saturday,0.02,0.86
HTtzOug0Sqs,Other,2024-05-17,16700.0,3528106,1076.0,22,2.55,Short,88,Friday,0.03,0.47
n5jVC5wVEvs,Other,2024-05-17,7874.0,282839,79.0,25,0.55,Short,46,Friday,0.03,2.78
86fbyuFjC1g,Other,2024-05-17,16026.0,374353,619.0,31,12.18,Long,60,Friday,0.17,4.28
ZCC7cnA21Ic,Behind the Scenes,2024-05-16,17371.0,1396831,341.0,22,4.25,Short,96,Thursday,0.02,1.24
kMvwOtcdZ84,Other,2024-05-16,4147.0,85715,26.0,16,0.4,Short,89,Thursday,0.03,4.84
HIq1DbWAsu0,Other,2024-05-16,735.0,19914,3.0,20,0.55,Short,73,Thursday,0.02,3.69
f-vt-PBDAGU,Other,2024-05-16,12177.0,414742,106.0,22,4.02,Short,93,Thursday,0.03,2.94
KcjbUjoFZjY,Behind the Scenes,2024-05-15,565.0,34566,31.0,19,2.9,Short,92,Wednesday,0.09,1.63
_p-BIkbBppw,Other,2024-05-15,3915.0,683593,196.0,20,2.37,Short,94,Wednesday,0.03,0.57
YzW9C1wO700,Clip,2024-05-15,971.0,46201,6.0,25,0.52,Short,66,Wednesday,0.01,2.1
GWGhz8LsW7g,Other,2024-05-15,16221.0,803753,317.0,22,1.45,Short,69,Wednesday,0.04,2.02
2GTPn9nFwJA,Behind the Scenes,2024-05-14,1552.0,34341,7.0,24,1.0,Short,79,Tuesday,0.02,4.52
bHOAushTjec,Interview,2024-05-14,10761.0,459819,664.0,24,25.42,Long,95,Tuesday,0.14,2.34
d7vqsuFU_zI,Other,2024-05-14,2198.0,368955,72.0,20,1.92,Short,94,Tuesday,0.02,0.6
Kfg-7gGLrMs,Other,2024-05-14,223257.0,5739063,1332.0,21,0.45,Short,70,Tuesday,0.02,3.89
lba-kZVYz9Q,Other,2024-05-13,1282.0,96612,64.0,21,1.48,Short,89,Monday,0.07,1.33
EiWOss4d2s4,Other,2024-05-13,543.0,30026,19.0,17,2.27,Short,78,Monday,0.06,1.81
n3G3mah0yRA,Other,2024-05-13,4843.0,135064,17.0,21,0.82,Short,97,Monday,0.01,3.59
0sGHSJuHj-w,Other,2024-05-13,434.0,23337,16.0,25,3.85,Short,92,Monday,0.07,1.86
yKreDHBrgMI,Other,2024-05-12,145.0,18593,11.0,20,2.23,Short,76,Sunday,0.06,0.78
dl-U7bIuyh8,Other,2024-05-12,6974.0,773776,155.0,22,1.8,Short,85,Sunday,0.02,0.9
zbAF95ggCVU,Other,2024-05-12,445.0,36959,26.0,23,2.3,Short,92,Sunday,0.07,1.2
BciFGhkf7AE,Other,2024-05-12,2908.0,63228,11.0,25,0.35,Short,92,Sunday,0.02,4.6
IHe7vGJHr9s,Other,2024-05-11,1974.0,194986,47.0,22,0.3,Short,75,Saturday,0.02,1.01
neYMPeMHDTE,Other,2024-05-11,593.0,17516,28.0,22,2.65,Short,79,Saturday,0.16,3.39
WZXCyPzMuIs,Other,2024-05-11,91968.0,1830948,796.0,22,0.53,Short,62,Saturday,0.04,5.02
4VmQr1i1jaM,Interview,2024-05-11,1892.0,171799,76.0,21,1.23,Short,100,Saturday,0.04,1.1
Zq8Y38h87ns,Other,2024-05-10,33647.0,636938,2289.0,22,20.27,Long,70,Friday,0.36,5.28
2CesT-I_ATo,Other,2024-05-10,5215.0,921861,120.0,21,4.23,Short,63,Friday,0.01,0.57
xLJbqs3vFYE,Other,2024-05-10,39278.0,1003437,187.0,19,1.0,Short,74,Friday,0.02,3.91
Z8ovDdk79qA,Other,2024-05-10,1953.0,227735,63.0,21,1.17,Short,98,Friday,0.03,0.86
kH0__RlihIc,Comedy,2024-05-09,68488.0,1757917,180.0,21,0.57,Short,85,Thursday,0.01,3.9
GJlT4ifdyKI,Drama,2024-05-09,11754.0,616723,280.0,22,3.28,Short,84,Thursday,0.05,1.91
yMewONekWwI,Other,2024-05-09,208351.0,7541440,6589.0,24,9.68,Short,79,Thursday,0.09,2.76
2CppfCINjn4,Horror,2024-05-08,6526.0,361638,235.0,21,11.63,Long,95,Wednesday,0.06,1.8
CwRROEbKNvc,Other,2024-05-08,119014.0,2909955,289.0,22,0.75,Short,74,Wednesday,0.01,4.09
1vL33Yyh5pQ,Drama,2024-05-08,2993.0,512236,155.0,21,1.75,Short,91,Wednesday,0.03,0.58
l2kSi3J-5rQ,Other,2024-05-08,6781.0,814793,160.0,23,1.53,Short,81,Wednesday,0.02,0.83
SpmeGCx1ab8,Other,2024-05-07,12725.0,251490,319.0,6,1.13,Short,43,Tuesday,0.13,5.06
_fTZYv_Hyiw,Other,2024-05-07,22686.0,691478,150.0,24,0.45,Short,77,Tuesday,0.02,3.28
XcNIiwkEkYk,Other,2024-05-07,25347.0,2931149,716.0,19,3.05,Short,91,Tuesday,0.02,0.86
fUIWLsswmLc,Other,2024-05-06,4763.0,765790,321.0,21,2.68,Short,77,Monday,0.04,0.62
LXm7u_BrbtI,Other,2024-05-06,3862.0,135771,30.0,21,0.25,Short,64,Monday,0.02,2.84
8STf52P8rE8,Action,2024-05-06,1006.0,73052,76.0,1,0.97,Short,100,Monday,0.1,1.38
gPbU1zcq1C0,Other,2024-05-05,12917.0,1293677,304.0,22,3.3,Short,92,Sunday,0.02,1.0
WwqQcpx9Fgw,Action,2024-05-05,12715.0,293545,31.0,23,0.35,Short,74,Sunday,0.01,4.33
TABTvmpusp4,Other,2024-05-05,2730.0,302809,130.0,19,2.6,Short,98,Sunday,0.04,0.9
23MVl86thHs,Comedy,2024-05-04,2142.0,215126,51.0,22,0.67,Short,85,Saturday,0.02,1.0
hE1FsWebL0M,Drama,2024-05-04,7534.0,211198,34.0,25,0.45,Short,76,Saturday,0.02,3.57
P9cDIQ0tga4,Interview,2024-05-04,24306.0,1886045,933.0,21,10.88,Long,100,Saturday,0.05,1.29
pqpVtqpRltc,Other,2024-05-04,5018.0,243781,160.0,18,1.17,Short,50,Saturday,0.07,2.06
0KJqbDpiKaY,Clip,2024-05-03,4201.0,396312,340.0,17,1.9,Short,90,Friday,0.09,1.06
7aFgY1ZywlE,Announcement,2024-05-03,7354.0,160047,73.0,19,0.98,Short,64,Friday,0.05,4.59
A_HQdwRDRrw,Teaser,2024-05-03,16352.0,2145085,814.0,21,2.43,Short,69,Friday,0.04,0.76
au5OLrrf1qA,Horror,2024-05-03,37925.0,2145554,1307.0,26,14.62,Long,72,Friday,0.06,1.77
uSvRTjlgTKg,Teaser,2024-05-02,2865.0,187228,83.0,20,2.52,Short,33,Thursday,0.04,1.53
SeL_3WO0thY,Other,2024-05-02,13925.0,2162573,741.0,22,2.4,Short,87,Thursday,0.03,0.64
cDqkPk7Mi0E,Other,2024-05-02,7725.0,159812,31.0,22,0.52,Short,91,Thursday,0.02,4.83
yr4qBNHezo0,Other,2024-05-02,1479.0,200510,43.0,22,2.52,Short,93,Thursday,0.02,0.74
DQyRvl3rXxw,Other,2024-05-01,3364.0,382777,32.0,18,2.65,Short,89,Wednesday,0.01,0.88
Wa6m4qpP4Xo,Other,2024-05-01,5301.0,481625,122.0,22,2.17,Short,72,Wednesday,0.03,1.1
w_p9JBnI0X4,Other,2024-05-01,5322.0,541404,356.0,22,1.2,Short,70,Wednesday,0.07,0.98
ECqkIzG4xWs,Other,2024-05-01,2502.0,80628,17.0,23,0.38,Short,86,Wednesday,0.02,3.1
3mQuTqsLPr0,Other,2024-04-30,1609.0,133817,143.0,21,2.25,Short,83,Tuesday,0.11,1.2
EPk8tvTaqMo,Teaser,2024-04-30,2534.0,70741,83.0,27,2.2,Short,33,Tuesday,0.12,3.58
1csXiBm95n4,Clip,2024-04-30,31898.0,1512339,687.0,22,4.65,Short,86,Tuesday,0.05,2.11
wtAyk1z9dOE,Comedy,2024-04-30,672429.0,16694406,1266.0,22,1.0,Short,74,Tuesday,0.01,4.03
gm7zVNczco4,Other,2024-04-30,12872.0,689296,282.0,17,1.47,Short,94,Tuesday,0.04,1.87
AZUURDRHZRc,Other,2024-04-29,9823.0,722178,249.0,19,2.07,Short,87,Monday,0.03,1.36
wd8LGNqRMbs,Comedy,2024-04-29,101230.0,2655361,184.0,21,0.98,Short,76,Monday,0.01,3.81
TG3p4Popi9Q,Other,2024-04-29,8385.0,1363559,256.0,22,3.42,Short,83,Monday,0.02,0.61
BDyxBLqZPpA,Comedy,2024-04-28,1559.0,83098,87.0,24,2.07,Short,92,Sunday,0.1,1.88
K1OGpbWGwlQ,Other,2024-04-28,335.0,13497,15.0,21,4.67,Short,72,Sunday,0.11,2.48
ENQTZ90VEx8,Other,2024-04-28,1826.0,85627,12.0,22,0.12,Short,63,Sunday,0.01,2.13
V9IVsjtUXw0,Other,2024-04-28,1390.0,58315,44.0,22,3.22,Short,92,Sunday,0.08,2.38
AdJfxPyH2ww,Other,2024-04-27,3119.0,236538,85.0,20,0.35,Short,76,Saturday,0.04,1.32
h8AiDuE45YI,Other,2024-04-27,404.0,25903,30.0,18,1.07,Short,58,Saturday,0.12,1.56
_nqU3rcojsk,Other,2024-04-27,57015.0,1736087,213.0,25,0.9,Short,58,Saturday,0.01,3.28
vrH7CT0eexw,Interview,2024-04-27,97882.0,6653882,3679.0,21,15.13,Long,80,Saturday,0.06,1.47
SqoUHshlQxQ,Other,2024-04-26,27284.0,661498,309.0,25,0.6,Short,85,Friday,0.05,4.12
Q6gY245rQ0Y,Teaser,2024-04-26,5293.0,606499,245.0,19,2.82,Short,95,Friday,0.04,0.87
6U5rkjFqz6c,Other,2024-04-26,3355.0,343559,181.0,20,0.93,Short,91,Friday,0.05,0.98
sm8t7aW5_4s,Teaser,2024-04-26,68844.0,5648755,1849.0,20,2.7,Short,98,Friday,0.03,1.22
xYyCJiGVOIA,Other,2024-04-25,2382.0,195839,179.0,22,2.98,Short,88,Thursday,0.09,1.22
-C6NJqSg_yE,Comedy,2024-04-24,5463.0,730980,97.0,19,2.77,Short,93,Wednesday,0.01,0.75
iLulJjNpE0k,Other,2024-04-24,5600.0,188203,17.0,18,0.58,Short,87,Wednesday,0.01,2.98
mE6IzrXVL74,Comedy,2024-04-24,29936.0,2072695,1258.0,19,1.48,Short,82,Wednesday,0.06,1.44
QI5k0-LHZY0,Teaser,2024-04-23,12850.0,842362,705.0,14,2.82,Short,34,Tuesday,0.08,1.53
4iqtiRb_OHo,Romance,2024-04-23,1437.0,72078,8.0,24,0.28,Short,93,Tuesday,0.01,1.99
m6ZV8IrL5NM,Other,2024-04-23,93900.0,2154222,1574.0,26,12.4,Long,62,Tuesday,0.07,4.36
gC0gKF5788s,Song,2024-04-23,3676.0,216437,121.0,22,3.45,Short,90,Tuesday,0.06,1.7
4Rcurj8_b64,Other,2024-04-22,10514.0,685683,111.0,19,2.87,Short,95,Monday,0.02,1.53
IZ2ATPLDiDo,Other,2024-04-22,4400.0,99378,86.0,24,0.38,Short,63,Monday,0.09,4.43
LP-GCYm1RJg,Other,2024-04-22,378.0,14003,18.0,16,2.33,Short,47,Monday,0.13,2.7
Y1fg_cGbzx4,Other,2024-04-21,1482.0,473527,30.0,18,1.85,Short,85,Sunday,0.01,0.31
qbapMZGYRsI,Other,2024-04-21,3184.0,82937,15.0,21,0.62,Short,43,Sunday,0.02,3.84
CvkKumWYny0,Other,2024-04-21,2474.0,230265,121.0,19,2.15,Short,65,Sunday,0.05,1.07
R91vuEpKwEQ,Other,2024-04-20,1144.0,108198,36.0,19,0.82,Short,66,Saturday,0.03,1.06
GkSeFt5i4B4,Other,2024-04-20,1353.0,31191,28.0,19,0.63,Short,94,Saturday,0.09,4.34
s6X1Ka5e2IY,Other,2024-04-20,3389.0,366246,143.0,22,2.68,Short,87,Saturday,0.04,0.93
Nwce9WwkcMg,Teaser,2024-04-19,7413.0,687773,500.0,18,2.92,Short,92,Friday,0.07,1.08
gKbPbxyAk2A,Other,2024-04-19,11245.0,334922,44.0,23,0.68,Short,79,Friday,0.01,3.36
URff0-iG-yg,Other,2024-04-19,5501.0,639793,181.0,19,0.73,Short,83,Friday,0.03,0.86
I87FjpjwVzc,Other,2024-04-19,3685.0,277103,122.0,19,0.68,Short,83,Friday,0.04,1.33
x3IM69ZxRwU,Other,2024-04-18,2600.0,63301,27.0,18,0.37,Short,76,Thursday,0.04,4.11
jOIJ9-tn20Y,Other,2024-04-18,2988.0,450655,109.0,1,0.68,Short,82,Thursday,0.02,0.66
fkG5a-aHvD8,Other,2024-04-18,2367.0,333904,79.0,22,2.13,Short,80,Thursday,0.02,0.71
TzD2pm1x-Y4,Other,2024-04-18,4354.0,382753,109.0,19,0.72,Short,79,Thursday,0.03,1.14
UbiiX8m2FvE,Other,2024-04-17,3317.0,410969,180.0,19,0.62,Short,86,Wednesday,0.04,0.81
jU8Zj7U6nZc,Other,2024-04-17,8611.0,680662,228.0,21,1.4,Short,82,Wednesday,0.03,1.27
TQcqMt_-qk0,Action,2024-04-17,4970.0,127895,33.0,18,0.35,Short,80,Wednesday,0.03,3.89
H-eCNPtOwNI,Other,2024-04-17,9174.0,1134983,189.0,19,0.75,Short,86,Wednesday,0.02,0.81
m1xYbtD6bsQ,Other,2024-04-16,5239.0,313636,132.0,19,0.8,Short,91,Tuesday,0.04,1.67
WrX9bd3wKwo,Teaser,2024-04-16,16179.0,625194,319.0,24,7.92,Short,78,Tuesday,0.05,2.59
h-mGuw5InmQ,Other,2024-04-16,25231.0,658398,97.0,22,0.77,Short,58,Tuesday,0.01,3.83
b4Hnn12UkTU,Other,2024-04-16,3929.0,420709,408.0,19,0.62,Short,81,Tuesday,0.1,0.93
AqmaeaQH9tU,Other,2024-04-15,2326.0,208435,42.0,18,2.22,Short,82,Monday,0.02,1.12
r1-btqD44oE,Other,2024-04-15,2459.0,377815,124.0,20,0.73,Short,82,Monday,0.03,0.65
384bySak68c,Other,2024-04-15,25556.0,710339,41.0,19,0.47,Short,77,Monday,0.01,3.6
vaKzogPpwcg,Other,2024-04-15,5171.0,432207,176.0,19,0.67,Short,87,Monday,0.04,1.2
Johwc1gWrjc,Clip,2024-04-14,546.0,28701,209.0,20,3.63,Short,59,Sunday,0.73,1.9
wF79BY5uVf0,Action,2024-04-14,3271.0,110290,35.0,27,0.25,Short,77,Sunday,0.03,2.97
jn2OzfNc_38,Other,2024-04-14,7137.0,245543,176.0,20,1.35,Short,80,Sunday,0.07,2.91
YhWn2_DW5gc,Other,2024-04-13,1604.0,45986,124.0,22,2.85,Short,33,Saturday,0.27,3.49
RoMphKUb-uI,Other,2024-04-13,2030.0,168665,62.0,20,0.32,Short,90,Saturday,0.04,1.2
GpsNacW_PNo,Other,2024-04-13,2764.0,87782,13.0,18,0.17,Short,64,Saturday,0.01,3.15
Nbdndh2RB5A,Other,2024-04-13,27471.0,2729348,875.0,23,3.62,Short,81,Saturday,0.03,1.01
WqAX00v1Naw,Other,2024-04-12,22107.0,687089,344.0,22,14.92,Long,74,Friday,0.05,3.22
jksQhxzItMw,Other,2024-04-12,2679.0,53388,29.0,22,0.6,Short,82,Friday,0.05,5.02
UwMsYxEiItE,Other,2024-04-12,9001.0,729796,493.0,21,3.52,Short,93,Friday,0.07,1.23
xddeClbaPu4,Other,2024-04-12,4741.0,99924,32.0,26,1.0,Short,81,Friday,0.03,4.74
fqzlt6Ace6g,Teaser,2024-04-11,5554.0,248297,175.0,26,2.8,Short,48,Thursday,0.07,2.24
YaYX9kU0qcM,Comedy,2024-04-11,1476.0,183231,26.0,19,1.35,Short,90,Thursday,0.01,0.81
SSKXIoNJ_eE,Other,2024-04-11,6593.0,164594,32.0,20,0.97,Short,77,Thursday,0.02,4.01
OFMIJXUYI-E,Comedy,2024-04-11,84163.0,4383419,749.0,26,4.53,Short,95,Thursday,0.02,1.92
GAYBQBFKXko,Interview,2024-04-10,45308.0,2678390,964.0,20,27.62,Long,93,Wednesday,0.04,1.69
gs9dT18boOg,Comedy,2024-04-10,16768.0,392925,80.0,21,0.5,Short,59,Wednesday,0.02,4.27
MQQFE8hFByk,Other,2024-04-10,52937.0,5530795,887.0,23,2.0,Short,85,Wednesday,0.02,0.96
eCUceUSqlcQ,Clip,2024-04-10,3946.0,140616,245.0,20,2.92,Short,36,Wednesday,0.17,2.81
WvzZYynDkwA,Teaser,2024-04-09,218191.0,77755395,9990.0,20,3.2,Short,89,Tuesday,0.01,0.28
zYrZKxyu99k,Other,2024-04-09,7793.0,517068,607.0,22,14.38,Long,84,Tuesday,0.12,1.51
9LMjoWUVrNU,Other,2024-04-09,10160.0,234416,73.0,28,0.8,Short,84,Tuesday,0.03,4.33
8Jtxqp-5fKU,Interview,2024-04-09,3416.0,587778,477.0,24,2.35,Short,89,Tuesday,0.08,0.58
E1MhCYrhGuM,Other,2024-04-08,12916.0,6977807,327.0,23,1.23,Short,93,Monday,0.0,0.19
i0Qreug8aXU,Comedy,2024-04-08,21386.0,501737,128.0,27,0.78,Short,69,Monday,0.03,4.26
qjGsWppG9MY,Other,2024-04-08,4006.0,262021,30.0,20,1.8,Short,91,Monday,0.01,1.53
BfBxSkWzrFU,Other,2024-04-07,1708.0,104492,48.0,17,2.72,Short,69,Sunday,0.05,1.63
NioyeP0b8qg,Other,2024-04-07,6501.0,826545,76.0,19,2.12,Short,79,Sunday,0.01,0.79
nieVfGuHLL4,Other,2024-04-07,45660.0,2587575,568.0,23,1.55,Short,94,Sunday,0.02,1.76
T-9MJkpv8HE,Comedy,2024-04-06,4053.0,193389,110.0,18,0.9,Short,90,Saturday,0.06,2.1
xM61veCSD7g,Other,2024-04-06,1176.0,50530,58.0,18,1.67,Short,95,Saturday,0.11,2.33
505Msz9qtU8,Other,2024-04-06,25259.0,680359,208.0,19,0.57,Short,62,Saturday,0.03,3.71
ZjM5k8O7ucw,Other,2024-04-06,668.0,29267,24.0,15,1.95,Short,74,Saturday,0.08,2.28
VrLy8kFDxQE,Other,2024-04-05,227.0,10166,19.0,18,1.53,Short,89,Friday,0.19,2.23
W9INSSloZNk,Other,2024-04-05,171276.0,3726653,565.0,27,0.53,Short,79,Friday,0.02,4.6
FmPCy8yqmNo,Other,2024-04-05,11459.0,1560612,205.0,18,3.17,Short,84,Friday,0.01,0.73
NxpoF054-1Q,Other,2024-04-05,797.0,20045,5.0,15,0.62,Short,50,Friday,0.02,3.98
fQr7SjXmIwA,Action,2024-04-05,4011.0,350583,88.0,21,2.27,Short,73,Friday,0.03,1.14
Dto2RN6sX_E,Other,2024-04-04,57899.0,1385572,210.0,18,0.72,Short,95,Thursday,0.02,4.18
34b5MlR2whQ,Other,2024-04-04,17226.0,1453886,160.0,18,2.23,Short,74,Thursday,0.01,1.18
LhHmHWVOUS8,Clip,2024-04-04,79884.0,3270795,294.0,24,0.53,Short,92,Thursday,0.01,2.44
Nb23hcsxmY8,Announcement,2024-04-04,10885.0,551236,522.0,18,1.17,Short,94,Thursday,0.09,1.97
Gj9abkZiPzY,Teaser,2024-04-03,1036.0,32654,55.0,20,3.0,Short,54,Wednesday,0.17,3.17
il6eFHj0qxI,Comedy,2024-04-03,2171.0,78589,99.0,3,5.3,Short,42,Wednesday,0.13,2.76
xYDJtN9lX2M,Comedy,2024-04-03,6565.0,193395,30.0,19,0.52,Short,67,Wednesday,0.02,3.39
ShmrZoyC8J0,Action,2024-04-03,7394.0,325145,183.0,25,1.58,Short,90,Wednesday,0.06,2.27
Nselfq8u8BU,Teaser,2024-04-02,791.0,30094,34.0,5,1.63,Short,68,Tuesday,0.11,2.63
P4_ka7HYG48,Other,2024-04-02,1837.0,51728,11.0,21,0.53,Short,74,Tuesday,0.02,3.55
oShB78TaE7s,Comedy,2024-04-02,54168.0,3968088,1268.0,22,1.38,Short,94,Tuesday,0.03,1.37
gdfcfeUGqig,Other,2024-04-02,932.0,28190,68.0,18,4.7,Short,99,Tuesday,0.24,3.31
Oj7aCd5itOM,Comedy,2024-04-01,14891.0,1135842,318.0,18,1.27,Short,93,Monday,0.03,1.31
YIWPJy9izmk,Action,2024-04-01,6234.0,559478,152.0,21,2.25,Short,86,Monday,0.03,1.11
sne8xC5Ft4c,Other,2024-03-31,59579.0,3757116,1532.0,18,2.2,Short,87,Sunday,0.04,1.59
57_68x9rNSg,Other,2024-03-31,4190.0,120720,21.0,23,0.92,Short,44,Sunday,0.02,3.47
SCsN5TMuGOw,Action,2024-03-31,13508.0,2363678,571.0,21,3.38,Short,81,Sunday,0.02,0.57
s8qSAllR_5Y,Other,2024-03-30,7521.0,376653,254.0,18,0.72,Short,87,Saturday,0.07,2.0
8dCavz67oQc,Other,2024-03-30,2037.0,72002,9.0,17,0.75,Short,53,Saturday,0.01,2.83
KLL5sapvN-E,Action,2024-03-30,49124.0,1916837,718.0,27,13.92,Long,66,Saturday,0.04,2.56
tNQwJ2ZgjBw,Comedy,2024-03-29,2876.0,139248,57.0,27,3.65,Short,64,Friday,0.04,2.07
5LnfU8wfDq8,Other,2024-03-29,36156.0,1088936,92.0,18,0.58,Short,86,Friday,0.01,3.32
Aak8ygBrqyE,Teaser,2024-03-29,4280.0,327226,172.0,6,2.78,Short,68,Friday,0.05,1.31
RktN82-3tVo,Action,2024-03-28,15038.0,317000,637.0,32,10.55,Long,48,Thursday,0.2,4.74
7JCevcooPiI,Other,2024-03-28,2717.0,71645,22.0,21,0.85,Short,78,Thursday,0.03,3.79
uGXB1PFg7E0,Teaser,2024-03-28,156843.0,52467858,4061.0,22,2.63,Short,98,Thursday,0.01,0.3
bRKgoz1fToU,Action,2024-03-28,36095.0,499541,124.0,22,0.48,Short,60,Thursday,0.02,7.23
eYZzuVGrPLA,Other,2024-03-27,3017.0,77697,23.0,28,0.48,Short,45,Wednesday,0.03,3.88
oHggWIyCvUE,Clip,2024-03-27,1291.0,187197,40.0,18,2.13,Short,85,Wednesday,0.02,0.69
nuMY7NjELb8,Other,2024-03-27,459.0,39910,16.0,18,2.5,Short,64,Wednesday,0.04,1.15
kxm2yX9MbHs,Other,2024-03-27,881.0,37529,98.0,21,1.45,Short,76,Wednesday,0.26,2.35
tH2nsqe4I4Q,Other,2024-03-26,34384.0,2981854,814.0,20,1.37,Short,100,Tuesday,0.03,1.15
x_P3q51UUUk,Other,2024-03-26,9181.0,501855,240.0,26,15.0,Long,86,Tuesday,0.05,1.83
RxQCLJ66-D0,Other,2024-03-26,1593.0,37099,10.0,21,0.17,Short,60,Tuesday,0.03,4.29
34uY0JrZ3Jc,Other,2024-03-25,6613.0,926901,76.0,22,2.47,Short,71,Monday,0.01,0.71
MTckszm7gwo,Other,2024-03-25,12544.0,446366,54.0,25,0.4,Short,83,Monday,0.01,2.81
Qn48JuUj2nE,Drama,2024-03-25,7029.0,803759,235.0,22,2.73,Short,88,Monday,0.03,0.87
zUEi2oHWSiI,Other,2024-03-25,12965.0,661763,355.0,17,1.07,Short,80,Monday,0.05,1.96
ELtMqjkAShY,Other,2024-03-24,32686.0,699696,240.0,18,0.47,Short,92,Sunday,0.03,4.67
xDxcTYTPiLo,Other,2024-03-24,379.0,16136,27.0,26,2.28,Short,68,Sunday,0.17,2.35
b86GTp0bDh8,Other,2024-03-24,4137.0,219813,9.0,21,0.58,Short,80,Sunday,0.0,1.88
ntg3dBeFl3U,Other,2024-03-24,8599.0,869722,202.0,18,3.13,Short,75,Sunday,0.02,0.99
bftjfqS3v6k,Teaser,2024-03-23,188301.0,30603293,7039.0,1,2.18,Short,95,Saturday,0.02,0.62
lS_FmX7lCuc,Other,2024-03-23,29908.0,892276,293.0,21,0.55,Short,64,Saturday,0.03,3.35
N9wmAQSXXF0,Teaser,2024-03-23,1270.0,60535,133.0,6,0.57,Short,55,Saturday,0.22,2.1
9vzlmyNNt70,Action,2024-03-22,27057.0,3191885,764.0,22,2.28,Short,72,Friday,0.02,0.85
IJrARiI2Hok,Teaser,2024-03-22,1929.0,71907,77.0,18,0.5,Short,81,Friday,0.11,2.68
Tg_axmYx7n0,Other,2024-03-22,4774.0,414159,294.0,22,34.08,Long,87,Friday,0.07,1.15
0MBy11d0-84,Action,2024-03-22,8625.0,169800,87.0,22,0.27,Short,41,Friday,0.05,5.08
kFRby5mkmV8,Other,2024-03-21,1370.0,36900,19.0,17,0.62,Short,46,Thursday,0.05,3.71
lAVYll_wBeY,Action,2024-03-21,12737.0,1313972,1447.0,25,3.4,Short,90,Thursday,0.11,0.97
wre8GU_TAn8,Interview,2024-03-21,830.0,39890,51.0,25,3.52,Short,99,Thursday,0.13,2.08
4ylRkYim720,Teaser,2024-03-20,1062.0,71632,38.0,27,1.35,Short,53,Wednesday,0.05,1.48
khnwDFIxDsw,Interview,2024-03-20,449.0,32457,13.0,25,3.2,Short,85,Wednesday,0.04,1.38
6YruPX0knY0,Other,2024-03-20,2524.0,81137,26.0,22,0.3,Short,90,Wednesday,0.03,3.11
wJqmmLpbLN8,Action,2024-03-20,5763.0,160779,277.0,24,0.9,Short,86,Wednesday,0.17,3.58
x0465SLAJxY,Teaser,2024-03-20,2324.0,88916,153.0,31,2.28,Short,47,Wednesday,0.17,2.61
YecMd96FJAM,Other,2024-03-19,16491.0,605816,58.0,21,1.0,Short,100,Tuesday,0.01,2.72
VT8wX305fs4,Action,2024-03-19,380.0,31071,23.0,21,3.15,Short,97,Tuesday,0.07,1.22
b5gHYLWpCTc,Other,2024-03-19,852.0,38360,19.0,24,1.68,Short,43,Tuesday,0.05,2.22
AFCBv41RTIw,Teaser,2024-03-18,4881.0,144038,346.0,31,2.72,Short,64,Monday,0.24,3.39
BtTbWEuEuSY,Other,2024-03-18,1598.0,40698,15.0,26,0.18,Short,56,Monday,0.04,3.93
FshqnKIAYKY,Comedy,2024-03-18,13124.0,834298,195.0,21,3.42,Short,86,Monday,0.02,1.57
hotSvOdJ9K4,Other,2024-03-18,9010.0,8648028,305.0,3,0.5,Short,100,Monday,0.0,0.1
oMIrNQfbd0k,Drama,2024-03-17,810.0,36871,25.0,23,2.7,Short,94,Sunday,0.07,2.2
WPpCurzO3EA,Other,2024-03-17,8128.0,193391,45.0,26,0.72,Short,51,Sunday,0.02,4.2
K-yrFQ_I30A,Drama,2024-03-17,620.0,82684,39.0,21,2.52,Short,69,Sunday,0.05,0.75
Kj0jQMNeInw,Other,2024-03-16,915.0,47012,35.0,20,1.08,Short,32,Saturday,0.07,1.95
8kgUjqfetV8,Other,2024-03-16,4425.0,111847,25.0,25,0.25,Short,86,Saturday,0.02,3.96
njy5o41cUxA,Other,2024-03-16,10482.0,621793,200.0,21,14.33,Long,100,Saturday,0.03,1.69
w32ZyYqsyBI,Other,2024-03-15,1589.0,5440632,46.0,18,1.18,Short,97,Friday,0.0,0.03
j_YanW5wvns,Other,2024-03-15,2557.0,74788,19.0,21,0.55,Short,98,Friday,0.03,3.42
hF1jUXqvLWs,Romance,2024-03-15,1572.0,72203,50.0,29,1.5,Short,70,Friday,0.07,2.18
C7Kr2c94sfo,Other,2024-03-15,1339.0,119576,57.0,21,0.68,Short,92,Friday,0.05,1.12
EHo0iFU1Fkc,Other,2024-03-14,35954.0,1130132,326.0,23,15.17,Long,69,Thursday,0.03,3.18
xXYHoUqLcE0,Other,2024-03-14,1053.0,41300,4.0,21,0.42,Short,91,Thursday,0.01,2.55
p-y5MdM_TS0,Other,2024-03-14,719.0,53480,53.0,25,2.35,Short,93,Thursday,0.1,1.34
aCYYggYUl7M,Teaser,2024-03-13,2275.0,140602,73.0,14,1.8,Short,92,Wednesday,0.05,1.62
cCtrI1NHA3g,Clip,2024-03-13,539.0,20546,25.0,24,12.0,Long,98,Wednesday,0.12,2.62
Ul88XMHlNPo,Comedy,2024-03-13,1117.0,24820,7.0,22,0.78,Short,67,Wednesday,0.03,4.5
GjFYQkRZvrU,Other,2024-03-13,16543.0,1692060,308.0,18,2.45,Short,55,Wednesday,0.02,0.98
vCwC3ecaSLQ,Song,2024-03-12,728.0,43858,58.0,20,2.95,Short,96,Tuesday,0.13,1.66
swDZ6YQFJXs,Other,2024-03-12,4261.0,115499,58.0,25,0.37,Short,84,Tuesday,0.05,3.69
G0SSBL1w_oU,Other,2024-03-12,7436.0,677848,162.0,22,2.28,Short,64,Tuesday,0.02,1.1
q1vOXAnnSXQ,Other,2024-03-11,28292.0,3176413,609.0,18,6.33,Short,67,Monday,0.02,0.89
OHheDETVZcA,Other,2024-03-11,2128.0,60801,10.0,21,0.67,Short,93,Monday,0.02,3.5
SyeXTFjJQtk,Other,2024-03-10,562.0,36131,30.0,19,1.12,Short,76,Sunday,0.08,1.56
v8YB59F2Hec,Other,2024-03-10,4412.0,62694,29.0,26,0.52,Short,78,Sunday,0.05,7.04
4p0-P60aLR4,Comedy,2024-03-10,14481.0,462413,315.0,25,9.53,Short,77,Sunday,0.07,3.13
IA69tQWbMx4,Other,2024-03-09,3023.0,491324,93.0,19,3.15,Short,62,Saturday,0.02,0.62
M2PKR0AOCBc,Other,2024-03-09,1712.0,62938,102.0,3,2.23,Short,90,Saturday,0.16,2.72
JFMLza2Yel0,Other,2024-03-09,75233.0,1921038,442.0,27,0.58,Short,81,Saturday,0.02,3.92
CnlAoV9hQrs,Teaser,2024-03-08,8062.0,297894,373.0,31,1.73,Short,46,Friday,0.13,2.71
No6AmjRizZU,Other,2024-03-08,697.0,27841,26.0,24,1.78,Short,93,Friday,0.09,2.5
AWHvz8d1YMU,Clip,2024-03-08,32528.0,579371,194.0,18,0.88,Short,49,Friday,0.03,5.61
LhX6t4KzEZY,Other,2024-03-08,1187.0,73506,68.0,25,1.43,Short,48,Friday,0.09,1.61
YoVhfEWst7Q,Teaser,2024-03-07,903.0,58822,61.0,25,2.37,Short,40,Thursday,0.1,1.54
3kDgoMWb3MM,Teaser,2024-03-07,1626.0,136944,27.0,19,2.52,Short,90,Thursday,0.02,1.19
EK4o81P5Lrc,Teaser,2024-03-07,15583.0,1568122,338.0,19,2.45,Short,84,Thursday,0.02,0.99
tE_kyNfsLf0,Other,2024-03-07,1080.0,40924,4.0,21,0.57,Short,83,Thursday,0.01,2.64
vlo1pmc-gXI,Comedy,2024-03-07,16967.0,907895,185.0,19,3.23,Short,71,Thursday,0.02,1.87
XZTj6RY_T1U,Other,2024-03-06,3340.0,118666,12.0,19,0.98,Short,78,Wednesday,0.01,2.81
A-LKfhuc7w0,Comedy,2024-03-06,9813.0,1341463,191.0,18,2.45,Short,88,Wednesday,0.01,0.73
OfMHapiPEnM,Teaser,2024-03-06,9908.0,1019306,508.0,20,1.82,Short,93,Wednesday,0.05,0.97
wh5EXaG8Nbs,Romance,2024-03-05,2348.0,369746,67.0,21,3.28,Short,65,Tuesday,0.02,0.64
oxyTV5ZtsG4,Other,2024-03-05,1685.0,52958,11.0,17,0.85,Short,63,Tuesday,0.02,3.18
vBQcU00U9O0,Teaser,2024-03-05,117568.0,48625548,4393.0,21,2.87,Short,95,Tuesday,0.01,0.24
L-y5N_rR-pA,Other,2024-03-04,44063.0,2036762,430.0,23,7.85,Short,75,Monday,0.02,2.16
kSTzZ5SKDS8,Other,2024-03-04,14020.0,2104939,245.0,23,2.38,Short,73,Monday,0.01,0.67
44I9_C3i9MQ,Other,2024-03-04,169452.0,3329180,589.0,27,0.72,Short,71,Monday,0.02,5.09
7ARCeCLJDrw,Other,2024-03-03,5615.0,1083233,87.0,18,3.77,Short,73,Sunday,0.01,0.52
3MPuq4Yrb2Y,Other,2024-03-03,2095.0,66999,20.0,19,0.58,Short,95,Sunday,0.03,3.13
hMHkWthag6o,Comedy,2024-03-03,10714.0,981624,174.0,23,1.77,Short,73,Sunday,0.02,1.09
QmeVlchQxIw,Other,2024-03-02,964.0,64541,25.0,23,3.13,Short,90,Saturday,0.04,1.49
gyZj525YUt8,Romance,2024-03-02,2083.0,42689,7.0,21,0.63,Short,90,Saturday,0.02,4.88
3cn1qCcKcgc,Other,2024-03-02,7684.0,917996,159.0,18,3.22,Short,76,Saturday,0.02,0.84
tg3YlO7J3Yo,Other,2024-03-01,2556.0,84194,180.0,23,4.1,Short,53,Friday,0.21,3.04
YU6DpGwSLMg,Other,2024-03-01,4524.0,199101,49.0,19,0.83,Short,74,Friday,0.02,2.27
msPkW3J7_Q0,Interview,2024-03-01,1969.0,167473,60.0,20,3.48,Short,72,Friday,0.04,1.18
wcR8TPGwf00,Other,2024-02-29,1665.0,322508,757.0,16,0.93,Short,56,Thursday,0.23,0.52
zZiweNQMcrk,Teaser,2024-02-29,17933.0,38749703,865.0,1,3.63,Short,51,Thursday,0.0,0.05
g3jpv2EJu3I,Announcement,2024-02-29,5488.0,361810,323.0,3,1.88,Short,46,Thursday,0.09,1.52
hiLsye0JrCA,Announcement,2024-02-29,98005.0,3074466,3072.0,3,1.93,Short,89,Thursday,0.1,3.19
UPRseRavhYQ,Announcement,2024-02-29,34062.0,2304289,633.0,3,0.88,Short,90,Thursday,0.03,1.48
4GBzi8AeOpo,Announcement,2024-02-29,2888.0,94129,171.0,3,0.72,Short,70,Thursday,0.18,3.07
Z2uvclc2e8E,Announcement,2024-02-29,1879.0,155808,65.0,4,0.77,Short,80,Thursday,0.04,1.21
W0CGtwl3D4A,Other,2024-02-29,81292.0,1941226,2211.0,3,0.93,Short,95,Thursday,0.11,4.19
yYkp8ZOCy5s,Announcement,2024-02-29,2449.0,202314,91.0,3,0.68,Short,51,Thursday,0.04,1.21
l0a360nkH6o,Teaser,2024-02-29,7140.0,298603,517.0,3,0.53,Short,58,Thursday,0.17,2.39
b87uNYutCLs,Other,2024-02-29,26328.0,1430192,625.0,3,0.8,Short,71,Thursday,0.04,1.84
FE5Jz-Y7oEE,Other,2024-02-29,11777.0,869986,511.0,1,1.28,Short,97,Thursday,0.06,1.35
sd5JrroyGhs,Announcement,2024-02-29,5880.0,367345,218.0,3,1.03,Short,97,Thursday,0.06,1.6
uK4_zHZdNbQ,Other,2024-02-29,1187.0,109498,31.0,3,1.08,Short,93,Thursday,0.03,1.08
ssx5POFJggY,Announcement,2024-02-29,8798.0,828234,274.0,3,1.2,Short,94,Thursday,0.03,1.06
5IS2OoyBmeM,Announcement,2024-02-29,50999.0,6010010,1823.0,3,1.23,Short,60,Thursday,0.03,0.85
1FgwlTYZGjY,Other,2024-02-28,6974.0,512521,252.0,29,2.52,Short,42,Wednesday,0.05,1.36
L1biK6UiaGw,Other,2024-02-28,1561.0,37703,11.0,25,0.47,Short,90,Wednesday,0.03,4.14
EgJLD3vT7xA,Other,2024-02-28,12331.0,150262,768.0,31,15.35,Long,60,Wednesday,0.51,8.21
3XZbZ9kAz8M,Clip,2024-02-27,14934.0,590215,765.0,15,4.4,Short,52,Tuesday,0.13,2.53
Lbmsv1tcgf8,Drama,2024-02-27,10950.0,722719,310.0,26,1.8,Short,78,Tuesday,0.04,1.52
NSRGgW75RC4,Other,2024-02-26,929.0,26394,103.0,19,1.82,Short,86,Monday,0.39,3.52
kIa7uWWhrX4,Other,2024-02-26,11711.0,685228,309.0,29,2.33,Short,53,Monday,0.05,1.71
U5SquVhh8EY,Other,2024-02-26,1741.0,45292,27.0,22,0.52,Short,77,Monday,0.06,3.84
T-EFT3Zglhc,Other,2024-02-25,2327.0,254295,98.0,22,1.65,Short,50,Sunday,0.04,0.92
v_cPIRmvCI8,Action,2024-02-25,2711.0,95732,10.0,22,0.32,Short,62,Sunday,0.01,2.83
GXJuHAnvpt8,Other,2024-02-24,408.0,18820,23.0,19,4.08,Short,60,Saturday,0.12,2.17
TKRUaZc3iZk,Other,2024-02-24,2958.0,262785,57.0,22,2.6,Short,60,Saturday,0.02,1.13
_vNnE2OUpZg,Other,2024-02-23,3336.0,166720,114.0,29,1.73,Short,84,Friday,0.07,2.0
SQ1vvVZeFJM,Other,2024-02-22,649.0,37005,39.0,19,0.8,Short,65,Thursday,0.11,1.75
yAPYOdf6bYE,Comedy,2024-02-22,24508.0,836684,657.0,18,5.07,Short,60,Thursday,0.08,2.93
_QUxKByrB00,Other,2024-02-22,7409.0,1691287,596.0,21,2.15,Short,57,Thursday,0.04,0.44
GrbSoyXWNEE,Other,2024-02-22,1969.0,63324,11.0,23,0.47,Short,59,Thursday,0.02,3.11
JFTeejfDu50,Horror,2024-02-21,728.0,25395,52.0,23,1.95,Short,98,Wednesday,0.2,2.87
TYkHb19BS0g,Other,2024-02-21,339.0,14114,18.0,18,2.18,Short,85,Wednesday,0.13,2.4
4YuU4w659g4,Other,2024-02-21,2658.0,42290,13.0,26,0.88,Short,35,Wednesday,0.03,6.29
30vz7lnz2Q4,Comedy,2024-02-21,12059.0,957262,351.0,29,1.77,Short,64,Wednesday,0.04,1.26
WdudOdxs7aU,Teaser,2024-02-20,1747.0,80593,116.0,19,1.58,Short,52,Tuesday,0.14,2.17
oweEwI7_4to,Other,2024-02-20,5285.0,327767,266.0,26,3.25,Short,73,Tuesday,0.08,1.61
QkzAVUox8XI,Other,2024-02-20,9340.0,1282071,298.0,17,2.98,Short,50,Tuesday,0.02,0.73
tg_yP6nEsSA,Other,2024-02-20,1760.0,40741,11.0,20,0.27,Short,70,Tuesday,0.03,4.32
vVw6Lcx6Wt0,Other,2024-02-19,4188.0,97503,14.0,25,0.87,Short,60,Monday,0.01,4.3
BQqTRYvsqXs,Teaser,2024-02-19,66397.0,1772903,1967.0,27,9.4,Short,73,Monday,0.11,3.75
FsOwyg-CWy0,Other,2024-02-19,15972.0,1284559,368.0,29,1.63,Short,78,Monday,0.03,1.24
R2Ylzz3T91Q,Clip,2024-02-18,1414.0,109610,55.0,21,3.8,Short,70,Sunday,0.05,1.29
f4z_biZ7rLQ,Clip,2024-02-18,932.0,45810,66.0,12,4.07,Short,64,Sunday,0.14,2.03
3VqLhmv9dUc,Other,2024-02-18,26098.0,2929564,633.0,21,2.68,Short,66,Sunday,0.02,0.89
q4-OrOzsoXs,Romance,2024-02-18,2168.0,55345,22.0,18,0.75,Short,68,Sunday,0.04,3.92
noaK_zhsiDQ,Other,2024-02-17,94307.0,4971041,1232.0,28,3.42,Short,53,Saturday,0.02,1.9
LOC6NqqJqW0,Other,2024-02-17,6704.0,422175,302.0,29,1.65,Short,37,Saturday,0.07,1.59
UBeJwu7ED-g,Other,2024-02-16,2471.0,65066,89.0,4,0.63,Short,43,Friday,0.14,3.8
lS61cfAN77U,Other,2024-02-16,8964.0,231405,53.0,25,0.23,Short,56,Friday,0.02,3.87
j95lf2NC8nU,Clip,2024-02-16,646.0,26367,63.0,15,8.15,Short,79,Friday,0.24,2.45
Az63PtQVErY,Teaser,2024-02-16,42017.0,6285981,837.0,16,2.4,Short,89,Friday,0.01,0.67
GTSWuFOkO7Q,Other,2024-02-15,276.0,23673,14.0,13,1.47,Short,49,Thursday,0.06,1.17
Zd69FfhBmSc,Teaser,2024-02-15,21732.0,1998710,693.0,27,3.27,Short,88,Thursday,0.03,1.09
akF4aUmUg50,Other,2024-02-15,23737.0,882563,909.0,27,1.72,Short,82,Thursday,0.1,2.69
W3Ss8sUc1bo,Romance,2024-02-14,1445.0,59456,33.0,3,5.2,Short,93,Wednesday,0.06,2.43
Cooli1M7mQc,Other,2024-02-14,6690.0,116095,20.0,14,0.55,Short,78,Wednesday,0.02,5.76
Isq6n8cp2Ik,Other,2024-02-14,979.0,25505,12.0,7,0.88,Short,67,Wednesday,0.05,3.84
iZfR8vHF8wY,Other,2024-02-14,22815.0,511418,385.0,21,13.17,Long,62,Wednesday,0.08,4.46
GRnbqrpDTO8,Other,2024-02-14,845.0,26519,6.0,28,0.22,Short,64,Wednesday,0.02,3.19
nmz0DyB7N6k,Other,2024-02-13,1447.0,88441,26.0,19,5.28,Short,94,Tuesday,0.03,1.64
4WmCw8_KbC4,Teaser,2024-02-13,53415.0,2940763,1319.0,16,3.0,Short,41,Tuesday,0.04,1.82
BD1o40DOUVc,Other,2024-02-13,17023.0,2549314,405.0,5,3.45,Short,52,Tuesday,0.02,0.67
5Vv6RlJUjP4,Other,2024-02-13,1196.0,39030,13.0,14,0.45,Short,85,Tuesday,0.03,3.06
qEarUBXfBss,Teaser,2024-02-13,488.0,18899,24.0,29,0.82,Short,66,Tuesday,0.13,2.58
FM2fOZEF-aY,Interview,2024-02-12,2322.0,109842,224.0,13,27.83,Long,85,Monday,0.2,2.11
ck14vNyn5wY,Teaser,2024-02-12,11562.0,18220451,1023.0,18,1.78,Short,75,Monday,0.01,0.06
w3k2XL-SYIQ,Other,2024-02-12,1594.0,31930,10.0,27,0.52,Short,90,Monday,0.03,4.99
DpTjzMjYDdk,Drama,2024-02-11,2265.0,108357,38.0,20,1.53,Short,70,Sunday,0.04,2.09
Csbo9RnKUj8,Other,2024-02-11,3926.0,127166,179.0,26,3.35,Short,50,Sunday,0.14,3.09
K-Q7-FNx2TA,Drama,2024-02-10,2396.0,150976,106.0,13,2.88,Short,42,Saturday,0.07,1.59
Hc_bqGLD1Wg,Romance,2024-02-10,1323.0,38999,9.0,25,0.82,Short,85,Saturday,0.02,3.39
OzWChEvIIhA,Romance,2024-02-10,3455.0,52070,113.0,26,7.58,Short,86,Saturday,0.22,6.64
RJAJdYw3ctw,Other,2024-02-09,3844.0,182992,203.0,23,2.33,Short,42,Friday,0.11,2.1
mmHxTEa9AGI,Other,2024-02-09,2955.0,64157,10.0,18,0.5,Short,74,Friday,0.02,4.61
aniqM3iKskM,Action,2024-02-09,22151.0,1962395,663.0,23,2.28,Short,46,Friday,0.03,1.13
8wuNZPrRFO4,Other,2024-02-08,2182.0,52288,12.0,26,0.52,Short,76,Thursday,0.02,4.17
DAa3crqj5-c,Other,2024-02-08,7457.0,396353,231.0,23,0.62,Short,93,Thursday,0.06,1.88
iw44Pv3zKQI,Other,2024-02-07,1097.0,51603,57.0,23,2.08,Short,63,Wednesday,0.11,2.13
Ne5tZs2HhoM,Other,2024-02-07,5010.0,143247,22.0,22,0.3,Short,75,Wednesday,0.02,3.5
TsH1yBbGlPI,Action,2024-02-07,14013.0,2850701,519.0,21,1.58,Short,75,Wednesday,0.02,0.49
meoJtnfNf7g,Other,2024-02-06,45955.0,1515315,411.0,25,11.73,Long,66,Tuesday,0.03,3.03
sunAOrXyNMI,Other,2024-02-06,57646.0,1020987,173.0,22,0.43,Short,60,Tuesday,0.02,5.65
ld-sW3qkOu8,Action,2024-02-06,16835.0,925035,470.0,29,2.02,Short,61,Tuesday,0.05,1.82
kMCGSfzjmIc,Interview,2024-02-05,603.0,39680,9.0,19,1.9,Short,79,Monday,0.02,1.52
1cHEx9_B3aQ,Interview,2024-02-05,46719.0,1274053,218.0,20,0.65,Short,74,Monday,0.02,3.67
9SHEcdIcajE,Announcement,2024-02-05,24156.0,7132335,698.0,21,1.47,Short,91,Monday,0.01,0.34
n0OXIMqa_RY,Other,2024-02-04,5840.0,648376,92.0,23,2.8,Short,62,Sunday,0.01,0.9
XYRaRZypp0c,Action,2024-02-04,2585.0,76222,16.0,15,0.55,Short,60,Sunday,0.02,3.39
q8M6Ybjr2Wc,Teaser,2024-02-04,37019.0,2766865,917.0,3,3.0,Short,95,Sunday,0.03,1.34
ti45Titqsk8,Other,2024-02-04,307558.0,10920634,1239.0,21,0.5,Short,64,Sunday,0.01,2.82
1lBPzx52YfY,Other,2024-02-04,2141.0,165600,126.0,10,1.0,Short,77,Sunday,0.08,1.29
g-luro46f1Q,Action,2024-02-03,532.0,23144,51.0,20,2.35,Short,66,Saturday,0.22,2.3
oIHka-Ng-jw,Other,2024-02-03,8944.0,192410,26.0,22,0.95,Short,44,Saturday,0.01,4.65
wfbHJGAE-Is,Other,2024-02-03,16323.0,1667562,308.0,21,2.27,Short,57,Saturday,0.02,0.98
DC-UF0iKiSY,Other,2024-02-02,5445.0,145013,64.0,20,1.78,Short,68,Friday,0.04,3.75
zFCeHA2Rd7Y,Other,2024-02-02,11039.0,233673,292.0,31,7.7,Short,47,Friday,0.12,4.72
P3WUku59how,Romance,2024-02-02,45608.0,1147344,306.0,23,0.5,Short,57,Friday,0.03,3.98
zlaa3TbeRKw,Other,2024-02-02,35150.0,626371,229.0,34,0.28,Short,43,Friday,0.04,5.61
9WvckUfdALY,Teaser,2024-02-01,359.0,20406,21.0,26,0.83,Short,48,Thursday,0.1,1.76
WZ8BcjHqE-0,Other,2024-02-01,1165.0,32301,12.0,27,0.52,Short,32,Thursday,0.04,3.61
IGQ6U0jqkoM,Teaser,2024-02-01,3952.0,221404,364.0,30,3.05,Short,48,Thursday,0.16,1.78
dtXIvay2PKY,Other,2024-02-01,574747.0,13635148,1519.0,22,0.53,Short,79,Thursday,0.01,4.22
0O0tRT3iwQo,Other,2024-02-01,57685.0,15286656,3266.0,21,1.18,Short,67,Thursday,0.02,0.38
QvS5n3867Dk,Other,2024-01-31,2764.0,66641,26.0,21,0.33,Short,74,Wednesday,0.04,4.15
7ngjBFb8Jl8,Other,2024-01-31,17478.0,551739,972.0,25,1.13,Short,48,Wednesday,0.18,3.17
hWE6B3g6d5c,Teaser,2024-01-31,66427.0,31565196,1675.0,13,2.65,Short,94,Wednesday,0.01,0.21
dTRWdTf92L4,Other,2024-01-30,2665.0,63079,81.0,22,1.07,Short,57,Tuesday,0.13,4.22
Roz-PPOdi1c,Other,2024-01-30,19390.0,381816,89.0,23,0.37,Short,61,Tuesday,0.02,5.08
r6HUqLvnJng,Other,2024-01-30,36064.0,4207129,627.0,24,2.98,Short,50,Tuesday,0.01,0.86
NrDTc16maXU,Clip,2024-01-30,1235.0,56153,93.0,22,3.17,Short,89,Tuesday,0.17,2.2
oOJJkR2-aPE,Romance,2024-01-29,1198.0,45304,18.0,21,4.58,Short,86,Monday,0.04,2.64
L_TGbv4m0do,Other,2024-01-29,6767.0,158227,24.0,24,0.38,Short,73,Monday,0.02,4.28
DRiH6PDE4Gc,Other,2024-01-29,11933.0,1201453,522.0,25,2.43,Short,78,Monday,0.04,0.99
wYtL_ZcTF4w,Action,2024-01-28,25559.0,2761707,581.0,23,2.33,Short,35,Sunday,0.02,0.93
QAp7aFrytLE,Romance,2024-01-28,177984.0,8048993,2605.0,24,19.08,Long,95,Sunday,0.03,2.21
TeKpA9dOp8w,Other,2024-01-28,4073.0,85548,29.0,26,0.25,Short,37,Sunday,0.03,4.76
2D0GEV7v87Q,Other,2024-01-27,1934.0,190020,34.0,20,1.77,Short,69,Saturday,0.02,1.02
Ge9L52SiNoQ,Other,2024-01-27,2590.0,57776,77.0,21,0.88,Short,92,Saturday,0.13,4.48
tmnitB2Y_0c,Other,2024-01-27,176028.0,7382561,413.0,21,0.32,Short,50,Saturday,0.01,2.38
Wrthh0UNoc8,Announcement,2024-01-26,9101.0,315322,249.0,21,1.12,Short,93,Friday,0.08,2.89
WuH9ahB-68Q,Teaser,2024-01-26,24604.0,1427881,698.0,24,2.48,Short,94,Friday,0.05,1.72
58Zg8InjY0c,Other,2024-01-26,4007.0,75603,21.0,23,0.4,Short,65,Friday,0.03,5.3
1uTorAfNksI,Other,2024-01-26,529.0,20581,29.0,21,3.15,Short,55,Friday,0.14,2.57
HKmn10KyNWs,Other,2024-01-25,1098.0,27745,7.0,19,0.3,Short,56,Thursday,0.03,3.96
0ZUtWQMfZmI,Action,2024-01-25,22834.0,1963934,790.0,22,3.48,Short,80,Thursday,0.04,1.16
Yd7ivoUmoU8,Other,2024-01-25,10920.0,513905,285.0,23,1.63,Short,46,Thursday,0.06,2.12
fhCWn3gi65E,Comedy,2024-01-25,5586.0,167100,11.0,19,0.6,Short,81,Thursday,0.01,3.34
lIZ8Gsk8TVw,Announcement,2024-01-25,40129.0,1554278,1341.0,24,0.62,Short,92,Thursday,0.09,2.58
d0Pw7sPK_XI,Romance,2024-01-24,2379.0,103515,41.0,22,4.35,Short,85,Wednesday,0.04,2.3
VxvOwemFfO0,Other,2024-01-24,1942.0,49982,16.0,27,0.33,Short,58,Wednesday,0.03,3.89
W8e0X7VlKz8,Teaser,2024-01-24,11327.0,645979,0.0,17,2.53,Short,55,Wednesday,0.0,1.75
KKiv0CwmabU,Other,2024-01-24,9984.0,14564016,1260.0,25,0.97,Short,84,Wednesday,0.01,0.07
0izlzxExuJg,Other,2024-01-23,799.0,43184,31.0,31,1.77,Short,82,Tuesday,0.07,1.85
T8QqdVOO8jQ,Other,2024-01-23,17760.0,1139132,535.0,23,2.05,Short,64,Tuesday,0.05,1.56
GCA5yMpndd0,Other,2024-01-22,1325.0,52813,5.0,25,0.53,Short,52,Monday,0.01,2.51
DCmxExyMwNg,Other,2024-01-22,5419.0,280264,181.0,17,6.38,Short,79,Monday,0.06,1.93
DeN9RZNklMc,Other,2024-01-22,7282.0,865094,52.0,21,3.35,Short,78,Monday,0.01,0.84
l7TxRiFA4x0,Other,2024-01-21,315.0,16697,20.0,19,2.32,Short,80,Sunday,0.12,1.89
7jgZCldb7wg,Drama,2024-01-21,1361.0,71199,66.0,27,10.67,Long,89,Sunday,0.09,1.91
tDaaqpjWPl8,Other,2024-01-21,63434.0,1382830,60.0,26,0.98,Short,72,Sunday,0.0,4.59
r0A17OcfUsk,Other,2024-01-21,191.0,15130,8.0,19,2.77,Short,63,Sunday,0.05,1.26
jLywZQ9FGxg,Clip,2024-01-20,25897.0,939753,978.0,23,1.68,Short,37,Saturday,0.1,2.76
kZjmNFuhgA0,Other,2024-01-20,1110.0,32272,4.0,20,0.87,Short,58,Saturday,0.01,3.44
a8k85eKAeB8,Other,2024-01-20,284.0,22555,11.0,19,10.03,Long,95,Saturday,0.05,1.26
BSonLG9tX-I,Teaser,2024-01-19,1575.0,57788,130.0,22,4.03,Short,91,Friday,0.22,2.73
M0CGjSggSsU,Teaser,2024-01-19,1719.0,78400,118.0,23,4.03,Short,93,Friday,0.15,2.19
QCwB1DqRcqg,Other,2024-01-19,705.0,57941,35.0,22,2.4,Short,69,Friday,0.06,1.22
dGDlCvtFX1E,Teaser,2024-01-19,2414.0,97899,119.0,23,4.03,Short,89,Friday,0.12,2.47
9Im1q4gvk1M,Teaser,2024-01-19,32373.0,2070278,1125.0,23,4.03,Short,91,Friday,0.05,1.56
Qi19zIaa2z8,Horror,2024-01-18,273.0,14006,13.0,22,1.75,Short,74,Thursday,0.09,1.95
TmvEH0TrY5A,Other,2024-01-18,3200.0,324548,146.0,27,3.22,Short,62,Thursday,0.04,0.99
YFYZnhIlbQw,Other,2024-01-18,8133.0,245986,15.0,23,0.83,Short,71,Thursday,0.01,3.31
TlUjhCYvHTk,Teaser,2024-01-18,9694.0,829453,210.0,14,1.03,Short,74,Thursday,0.03,1.17
SiXPl4h13b8,Other,2024-01-17,56422.0,1891520,835.0,24,13.87,Long,71,Wednesday,0.04,2.98
3wYkthBOn_8,Teaser,2024-01-17,601.0,25966,41.0,27,2.57,Short,43,Wednesday,0.16,2.31
EXjxWJc-YS4,Clip,2024-01-17,238.0,13578,15.0,19,1.33,Short,46,Wednesday,0.11,1.75
d_GaERp1Oy0,Other,2024-01-17,5455.0,124461,46.0,21,0.47,Short,73,Wednesday,0.04,4.38
AtSgZRjLNp8,Other,2024-01-16,2692.0,99353,20.0,16,0.9,Short,66,Tuesday,0.02,2.71
BNYQDCkJUfo,Other,2024-01-16,461.0,30705,22.0,19,3.97,Short,81,Tuesday,0.07,1.5
RrKZhGSYlvc,Other,2024-01-16,617.0,34980,29.0,27,5.02,Short,42,Tuesday,0.08,1.76
i7caUDHVXdI,Other,2024-01-15,264547.0,6176417,455.0,24,0.33,Short,55,Monday,0.01,4.28
c6Qy0prlvBk,Other,2024-01-15,435.0,12333,21.0,15,2.18,Short,84,Monday,0.17,3.53
xLP_WOYFHUo,Other,2024-01-15,1028.0,57858,75.0,19,2.05,Short,41,Monday,0.13,1.78
wsAC8_S-SnA,Other,2024-01-14,1666.0,169506,47.0,20,8.63,Short,84,Sunday,0.03,0.98
T8toyICz5g4,Interview,2024-01-14,80601.0,2051242,81.0,21,0.98,Short,72,Sunday,0.0,3.93
A09KNtlYVHM,Other,2024-01-14,609.0,31022,14.0,19,2.65,Short,91,Sunday,0.05,1.96
qHscsCHBcOU,Comedy,2024-01-13,7451.0,453647,128.0,24,2.48,Short,32,Saturday,0.03,1.64
So0aH_nkdXw,Romance,2024-01-13,290.0,24343,19.0,20,1.52,Short,69,Saturday,0.08,1.19
efTdglnE8_M,Romance,2024-01-12,751.0,15849,5.0,17,1.0,Short,68,Friday,0.03,4.74
8GoJoG0UOEU,Other,2024-01-12,15173.0,699558,282.0,22,20.45,Long,93,Friday,0.04,2.17
mFmM2moY13A,Interview,2024-01-12,301.0,17785,11.0,21,2.22,Short,86,Friday,0.06,1.69
8qq3n2TQ9kM,Other,2024-01-11,2905.0,211863,134.0,19,2.32,Short,62,Thursday,0.06,1.37
DynHccersH0,Other,2024-01-11,2191.0,37037,4.0,19,0.97,Short,94,Thursday,0.01,5.92
I6d7Z36Tviw,Other,2024-01-11,2049.0,48671,83.0,20,2.07,Short,92,Thursday,0.17,4.21
vlCe7DOSUqs,Other,2024-01-10,686.0,88806,41.0,25,3.0,Short,64,Wednesday,0.05,0.77
hMnph8eSqck,Teaser,2024-01-10,77044.0,2397110,742.0,21,10.35,Long,80,Wednesday,0.03,3.21
c4v-yOpDcVA,Other,2024-01-09,403.0,30307,6.0,20,1.28,Short,81,Tuesday,0.02,1.33
7QNcEFG9nWs,Other,2024-01-09,449.0,30173,23.0,21,2.18,Short,76,Tuesday,0.08,1.49
krqITgOY2CE,Other,2024-01-09,938.0,4811771,34.0,21,0.82,Short,73,Tuesday,0.0,0.02
0gGcEkR9nuk,Other,2024-01-08,3141.0,316369,79.0,20,7.92,Short,53,Monday,0.02,0.99
7mlcJuYncE8,Other,2024-01-08,494.0,3391695,13.0,17,0.83,Short,72,Monday,0.0,0.01
4U1_l20gKNQ,Action,2024-01-07,3999.0,168532,126.0,20,2.67,Short,66,Sunday,0.07,2.37
aoZifruJg3M,Other,2024-01-06,431.0,18838,16.0,24,3.2,Short,69,Saturday,0.08,2.29
BQ8WZ5_3XOM,Other,2024-01-06,999.0,64109,27.0,21,1.77,Short,81,Saturday,0.04,1.56
CrM7TyRS0IY,Other,2024-01-05,1617.0,112519,41.0,25,1.97,Short,37,Friday,0.04,1.44
IW6KGIuKU8k,Other,2024-01-05,3495.0,208171,125.0,24,3.62,Short,63,Friday,0.06,1.68
amaXg7lGv3A,Behind the Scenes,2024-01-04,11453.0,515670,213.0,19,2.55,Short,70,Thursday,0.04,2.22
hP5Kw446s6k,Other,2024-01-04,1374.0,135706,42.0,21,2.13,Short,63,Thursday,0.03,1.01
t5VVG5XwVT4,Teaser,2024-01-03,855.0,71927,19.0,22,2.2,Short,81,Wednesday,0.03,1.19
_jIpzMiV2UE,Teaser,2024-01-03,881.0,46739,28.0,23,2.2,Short,80,Wednesday,0.06,1.88
Ga0XeUKWTys,Teaser,2024-01-03,74733.0,42617766,1521.0,17,2.38,Short,94,Wednesday,0.0,0.18
exDEwyXCQq4,Action,2024-01-02,656.0,23291,27.0,17,3.3,Short,41,Tuesday,0.12,2.82
T1zqRDqf3RE,Teaser,2024-01-02,984.0,32342,34.0,28,1.22,Short,47,Tuesday,0.11,3.04
ps7MENgxw4g,Comedy,2024-01-02,624.0,28147,36.0,22,2.1,Short,72,Tuesday,0.13,2.22
DdnQkFqEEqc,Other,2024-01-01,1361.0,83283,34.0,21,4.93,Short,94,Monday,0.04,1.63
vAzVkkB_vpI,Other,2024-01-01,1851.0,183786,27.0,22,6.2,Short,77,Monday,0.01,1.01
toz2AVRsEPU,Other,2023-12-31,2868.0,71531,67.0,20,2.15,Short,85,Sunday,0.09,4.01
BAN-yJx5B48,Other,2023-12-31,1148.0,23475,84.0,23,1.3,Short,60,Sunday,0.36,4.89
9SgRI7-pxns,Other,2023-12-30,11303.0,230946,269.0,20,17.37,Long,72,Saturday,0.12,4.89
3Ld05Om2UWs,Teaser,2023-12-30,33197.0,2777587,667.0,21,2.92,Short,37,Saturday,0.02,1.2
itsb8nyf2zA,Clip,2023-12-29,2065.0,17707918,81.0,33,1.4,Short,34,Friday,0.0,0.01
t_UV4i483xA,Comedy,2023-12-29,483796.0,10243375,744.0,29,0.58,Short,88,Friday,0.01,4.72
H-YopJjM_7g,Other,2023-12-29,1955.0,639805,170.0,26,1.27,Short,94,Friday,0.03,0.31
FjW9UciFN9o,Other,2023-12-29,2314.0,43916,27.0,19,0.97,Short,45,Friday,0.06,5.27
B_uQGJAKPIA,Teaser,2023-12-29,28470.0,1901055,872.0,20,3.12,Short,95,Friday,0.05,1.5
axRIYnZqutk,Other,2023-12-28,40844.0,1748412,1469.0,26,11.25,Long,71,Thursday,0.08,2.34
FGKZlOVvDco,Other,2023-12-28,18645.0,439748,650.0,14,1.75,Short,39,Thursday,0.15,4.24
K5qns5BI208,Comedy,2023-12-27,66949.0,12921166,8827.0,27,4.23,Short,85,Wednesday,0.07,0.52
jzyn4RtV484,Teaser,2023-12-26,4106.0,250669,221.0,19,1.97,Short,70,Tuesday,0.09,1.64
mYxt7xPUh6M,Other,2023-12-26,775.0,51527,45.0,24,0.73,Short,88,Tuesday,0.09,1.5
48tmgeVS1mg,Interview,2023-12-25,45119.0,2167600,850.0,21,34.47,Long,99,Monday,0.04,2.08
Kq6j0CEsD-I,Other,2023-12-25,278.0,51375,24.0,18,5.73,Short,91,Monday,0.05,0.54
95WA46xrYyA,Other,2023-12-24,969.0,42343,83.0,18,4.33,Short,39,Sunday,0.2,2.29
HVB9E0SoX-A,Other,2023-12-24,4071.0,490554,206.0,7,2.15,Short,83,Sunday,0.04,0.83
8QOQAZWQTlw,Other,2023-12-24,1033.0,94761,65.0,18,2.6,Short,81,Sunday,0.07,1.09
if9mboENc74,Drama,2023-12-23,37971.0,2259369,1204.0,24,2.3,Short,47,Saturday,0.05,1.68
kCDvxMIHv-s,Other,2023-12-23,2070.0,67718,9.0,32,1.0,Short,74,Saturday,0.01,3.06
FRe6MX7UrwA,Other,2023-12-23,10435.0,210942,289.0,32,8.2,Short,74,Saturday,0.14,4.95
1VH12bsvYUs,Other,2023-12-22,2717.0,164461,45.0,4,3.67,Short,97,Friday,0.03,1.65
RtTSvyhc3MA,Other,2023-12-22,2084.0,246914,86.0,9,1.88,Short,91,Friday,0.03,0.84
gi6S3TZ6ox4,Other,2023-12-22,2522.0,354445,156.0,7,0.98,Short,55,Friday,0.04,0.71
pjzqd-T9X_8,Other,2023-12-21,16730.0,2099400,296.0,24,3.43,Short,64,Thursday,0.01,0.8
esOFkNAJL0w,Other,2023-12-21,4165.0,207343,55.0,30,3.3,Short,97,Thursday,0.03,2.01
BwXj2eEr1zg,Other,2023-12-20,9371.0,398223,475.0,31,5.3,Short,92,Wednesday,0.12,2.35
zPZFzGiW3eE,Other,2023-12-20,512.0,34652,12.0,30,2.47,Short,81,Wednesday,0.03,1.48
xm1zRJr-a2Y,Comedy,2023-12-19,354.0,35633,19.0,24,1.72,Short,63,Tuesday,0.05,0.99
JvBiaKRheGA,Teaser,2023-12-19,1741.0,47125,3.0,3,0.75,Short,70,Tuesday,0.01,3.69
m7k8Ew4uAdI,Other,2023-12-19,3347.0,202193,65.0,19,2.53,Short,75,Tuesday,0.03,1.66
TZQPABwzv7Q,Interview,2023-12-18,823.0,50319,37.0,20,3.22,Short,64,Monday,0.07,1.64
8edZ_Sw_y5M,Other,2023-12-18,9769.0,318386,37.0,30,0.9,Short,77,Monday,0.01,3.07
9P1Xpi04Ig0,Other,2023-12-18,5465.0,851079,842.0,26,1.52,Short,69,Monday,0.1,0.64
WWO3VWAJG4A,Other,2023-12-17,1407.0,136304,45.0,25,2.42,Short,55,Sunday,0.03,1.03
MlgYIWei9SY,Other,2023-12-16,97723.0,5144067,3340.0,15,2.38,Short,55,Saturday,0.06,1.9
mYgFE1GkOOE,Other,2023-12-15,2429.0,190336,268.0,28,80.88,Long,65,Friday,0.14,1.28
h3P_sjvPLjg,Other,2023-12-15,1889.0,137968,27.0,25,1.78,Short,58,Friday,0.02,1.37
bUdPWWd4L5o,Other,2023-12-14,12072.0,780534,266.0,3,2.37,Short,48,Thursday,0.03,1.55
6iYAIF6bOOw,Teaser,2023-12-14,216.0,13958,45.0,22,1.62,Short,67,Thursday,0.32,1.55
iZ8wvARpplM,Other,2023-12-14,2382.0,183965,143.0,29,4.45,Short,92,Thursday,0.08,1.29
NCr6nRmTRk0,Teaser,2023-12-14,823.0,26889,25.0,25,2.5,Short,51,Thursday,0.09,3.06
VMqpMQxeizQ,Other,2023-12-13,6107.0,568703,620.0,22,90.9,Long,99,Wednesday,0.11,1.07
XZY_7VGnxn4,Teaser,2023-12-13,25132.0,2430726,1292.0,8,2.17,Short,74,Wednesday,0.05,1.03
pUymYOqzqTU,Other,2023-12-13,1785.0,127499,104.0,25,1.88,Short,86,Wednesday,0.08,1.4
hNx8ez2wF_k,Announcement,2023-12-12,1125.0,45945,39.0,23,1.0,Short,55,Tuesday,0.08,2.45
iL-S7PYk1dk,Other,2023-12-12,17039.0,1532322,2403.0,28,90.55,Long,100,Tuesday,0.16,1.11
t3VcpK_BMPI,Other,2023-12-12,444.0,20620,12.0,16,3.58,Short,75,Tuesday,0.06,2.15
7YWs4WVtNeY,Other,2023-12-11,2958.0,52803,25.0,17,0.68,Short,49,Monday,0.05,5.6
GEkez0lVjvU,Other,2023-12-11,5628.0,527132,256.0,25,5.15,Short,95,Monday,0.05,1.07
b0LpnG4ZsEw,Other,2023-12-11,881.0,53920,53.0,25,2.98,Short,51,Monday,0.1,1.63
E1da2YxROaw,Teaser,2023-12-10,76283.0,61248812,2139.0,17,2.68,Short,91,Sunday,0.0,0.12
drd1Qgsmtso,Other,2023-12-10,16461.0,604109,414.0,3,2.23,Short,66,Sunday,0.07,2.72
F4c4Y_uEUYM,Other,2023-12-10,282.0,12260,9.0,3,19.38,Long,69,Sunday,0.07,2.3
YmlqIgFVGFg,Teaser,2023-12-09,1178.0,93313,41.0,13,3.17,Short,70,Saturday,0.04,1.26
TKhTh_ez0cs,Other,2023-12-09,20637.0,1464736,331.0,32,2.22,Short,71,Saturday,0.02,1.41
Zb7jDf8yOpo,Other,2023-12-08,317394.0,10782043,2149.0,17,5.57,Short,50,Friday,0.02,2.94
lhBrQWWCV7g,Teaser,2023-12-08,9777.0,742620,229.0,20,3.13,Short,60,Friday,0.03,1.32
O2Ngrj8xT1Y,Comedy,2023-12-07,3144.0,638308,51.0,24,2.5,Short,63,Thursday,0.01,0.49
gkqAIwpeL8g,Other,2023-12-07,733.0,38252,143.0,26,1.23,Short,40,Thursday,0.37,1.92
PQ9IR2DHCRA,Other,2023-12-06,463.0,15161,8.0,20,2.53,Short,87,Wednesday,0.05,3.05
BCcUXDIJXmM,Teaser,2023-12-06,460.0,21826,44.0,15,2.33,Short,48,Wednesday,0.2,2.11
OZzLjVERbt0,Teaser,2023-12-06,2973.0,304307,109.0,29,2.57,Short,60,Wednesday,0.04,0.98
CdPd1ScGSug,Teaser,2023-12-05,16267.0,435447,386.0,31,11.9,Long,80,Tuesday,0.09,3.74
X2EQaVhXSRM,Other,2023-12-05,383.0,18642,17.0,19,3.85,Short,96,Tuesday,0.09,2.05
1sbbFhfvfRE,Clip,2023-12-05,5596.0,177540,209.0,8,7.22,Short,100,Tuesday,0.12,3.15
jKWabQZHyuw,Other,2023-12-04,17689.0,542502,738.0,18,7.95,Short,64,Monday,0.14,3.26
8UYAJI03WdI,Other,2023-12-04,4771.0,523267,108.0,22,2.45,Short,68,Monday,0.02,0.91
5Un2Dkn9TbM,Teaser,2023-12-03,10376.0,585646,262.0,5,3.02,Short,83,Sunday,0.04,1.77
a5w6H75V9CA,Other,2023-12-03,1717.0,32310,307.0,17,2.08,Short,80,Sunday,0.95,5.31
WYl_kGFNS8Q,Other,2023-12-02,11418.0,982065,396.0,23,5.73,Short,70,Saturday,0.04,1.16
S_0eyZL86qs,Other,2023-12-02,149989.0,4070183,7847.0,9,1.18,Short,54,Saturday,0.19,3.69
ClpPFQZMzds,Teaser,2023-12-02,6747.0,254152,144.0,6,3.02,Short,86,Saturday,0.06,2.65
EQ2Hjrbymno,Other,2023-12-01,9984.0,255993,109.0,13,17.73,Long,58,Friday,0.04,3.9
awgNarMJQC8,Other,2023-12-01,1129.0,87518,66.0,14,2.45,Short,65,Friday,0.08,1.29
yC91c6zbKPo,Teaser,2023-12-01,5176.0,754084,346.0,20,2.85,Short,55,Friday,0.05,0.69
uQm1svY_sAw,Other,2023-11-30,1675.0,89752,37.0,26,10.73,Long,80,Thursday,0.04,1.87
3VS7zMdBBV8,Other,2023-11-30,5068.0,14190447,179.0,3,4.03,Short,97,Thursday,0.0,0.04
P-0NSEw-rlQ,Other,2023-11-29,1617.0,46351,61.0,23,17.73,Long,93,Wednesday,0.13,3.49
1FDFkRdbnVo,Other,2023-11-29,6964.0,628461,222.0,11,2.3,Short,69,Wednesday,0.04,1.11
ZONoMgeGAbI,Teaser,2023-11-28,73211.0,2334891,1489.0,28,1.95,Short,41,Tuesday,0.06,3.14
4E-Z39xE1rk,Other,2023-11-28,878.0,39100,32.0,27,6.1,Short,72,Tuesday,0.08,2.25
bUXXu7OeECI,Other,2023-11-27,467.0,16171,13.0,13,2.55,Short,90,Monday,0.08,2.89
TtX8DNALc3I,Other,2023-11-27,56082.0,7523064,1163.0,10,2.7,Short,47,Monday,0.02,0.75
b-vyuzpiPy8,Other,2023-11-26,501.0,36141,11.0,16,3.15,Short,64,Sunday,0.03,1.39
hGcm7zIxIoE,Other,2023-11-26,525.0,29818,13.0,11,1.77,Short,73,Sunday,0.04,1.76
BjVMcr5RHCA,Other,2023-11-25,690.0,37725,18.0,13,3.33,Short,81,Saturday,0.05,1.83
2efQsLfa920,Other,2023-11-24,1893.0,242368,25.0,11,2.27,Short,69,Friday,0.01,0.78
Vf-b2ifhrF4,Other,2023-11-24,26426.0,550003,184.0,23,0.72,Short,64,Friday,0.03,4.8
ADH2-qv2vmA,Other,2023-11-24,45680.0,3706140,1315.0,5,4.3,Short,60,Friday,0.04,1.23
OEKstinPhlo,Other,2023-11-23,1408.0,52407,93.0,13,2.67,Short,55,Thursday,0.18,2.69
pc4DkOEvbv8,Other,2023-11-23,7176.0,395946,82.0,6,2.63,Short,54,Thursday,0.02,1.81
SHz_W_lBiwI,Other,2023-11-22,754.0,20975,31.0,8,3.15,Short,69,Wednesday,0.15,3.59
1BmP3vHJ_Tg,Action,2023-11-22,410.0,25075,13.0,8,1.73,Short,66,Wednesday,0.05,1.64
s_DWS8SY4T8,Other,2023-11-21,669.0,33097,30.0,1,7.08,Short,64,Tuesday,0.09,2.02
7n3D_DzTCno,Other,2023-11-21,22494.0,1380211,1105.0,9,27.55,Long,92,Tuesday,0.08,1.63
P6Byiul8Ono,Teaser,2023-11-20,2080.0,88418,115.0,8,2.55,Short,84,Monday,0.13,2.35
Qh-ydUlsA9c,Teaser,2023-11-20,19988.0,495688,980.0,8,2.55,Short,86,Monday,0.2,4.03
FZYhL_bVQUQ,Teaser,2023-11-20,37186.0,1556694,1115.0,9,2.53,Short,78,Monday,0.07,2.39
XcS7q4t_CZE,Teaser,2023-11-20,11409.0,386856,298.0,8,2.55,Short,84,Monday,0.08,2.95
ShsFxGV_thk,Teaser,2023-11-20,119815.0,2626232,2601.0,9,2.55,Short,83,Monday,0.1,4.56
vmXdQ4fxXfk,Other,2023-11-19,518.0,21873,25.0,9,3.05,Short,85,Sunday,0.11,2.37
zTg7OObbsp0,Other,2023-11-18,3151.0,358516,50.0,8,2.43,Short,63,Saturday,0.01,0.88
UtYdRUisyTU,Other,2023-11-18,1381.0,56206,81.0,10,1.25,Short,48,Saturday,0.14,2.46
92i2lGwRkB4,Other,2023-11-17,22870.0,2418131,180.0,5,2.85,Short,76,Friday,0.01,0.95
0CfmH-hITQ8,Teaser,2023-11-17,4650.0,553659,163.0,5,2.52,Short,88,Friday,0.03,0.84
baivPaswlMk,Other,2023-11-16,495.0,18882,27.0,10,4.07,Short,60,Thursday,0.14,2.62
KLvhUO95dDg,Teaser,2023-11-16,807.0,38019,27.0,10,2.7,Short,92,Thursday,0.07,2.12
lFVrOi8Wk6k,Teaser,2023-11-16,1222.0,58900,53.0,10,2.7,Short,91,Thursday,0.09,2.07
ehhUliEZw3w,Other,2023-11-15,1311.0,47605,49.0,23,4.62,Short,47,Wednesday,0.1,2.75
_rfMLLxzfxU,Teaser,2023-11-14,546.0,18497,33.0,15,2.05,Short,51,Tuesday,0.18,2.95
wnVL0iTnu9c,Other,2023-11-14,2087.0,125900,72.0,13,2.7,Short,53,Tuesday,0.06,1.66
M8R6Qymdk58,Comedy,2023-11-14,25197.0,1322490,684.0,8,1.7,Short,47,Tuesday,0.05,1.91
UoaaQx71oNc,Teaser,2023-11-13,2572.0,268461,106.0,3,2.83,Short,65,Monday,0.04,0.96
E-8en7jadAg,Teaser,2023-11-13,2821.0,129434,139.0,3,2.83,Short,59,Monday,0.11,2.18
YIs3mEz8R3o,Announcement,2023-11-13,8136.0,339910,690.0,16,0.97,Short,53,Monday,0.2,2.39
fE2KLGU7osE,Other,2023-11-12,1173.0,41621,41.0,8,1.47,Short,57,Sunday,0.1,2.82
d4En4UAiba8,Teaser,2023-11-12,913.0,37252,33.0,3,1.98,Short,45,Sunday,0.09,2.45
yPIpCtWvrQE,Teaser,2023-11-12,625.0,25764,19.0,3,0.18,Short,64,Sunday,0.07,2.43
w7_dybLNqRQ,Other,2023-11-11,2369.0,248064,104.0,23,3.18,Short,68,Saturday,0.04,0.95
cxJbmp6hCeE,Clip,2023-11-11,324.0,14278,19.0,3,1.97,Short,47,Saturday,0.13,2.27
mw8Kjc336y8,Other,2023-11-10,1018.0,90993,27.0,7,2.08,Short,76,Friday,0.03,1.12
sDpr9yZ9Uxg,Teaser,2023-11-10,3088.0,153057,206.0,3,1.67,Short,66,Friday,0.13,2.02
7mmK3vEzOxI,Teaser,2023-11-10,3394.0,85250,196.0,6,1.67,Short,60,Friday,0.23,3.98
z5bnfM67ZdE,Other,2023-11-09,10599.0,276563,299.0,26,3.63,Short,46,Thursday,0.11,3.83
Xgm3d_whwH4,Teaser,2023-11-09,51659.0,53060075,7264.0,19,3.05,Short,75,Thursday,0.01,0.1
2psI3_H2pOo,Other,2023-11-08,1170.0,27614,45.0,8,2.08,Short,67,Wednesday,0.16,4.24
pcuH1H5-loY,Clip,2023-11-08,765.0,41858,31.0,8,1.23,Short,54,Wednesday,0.07,1.83
cwwbFNIKM-Y,Other,2023-11-07,9153.0,202088,151.0,3,11.33,Long,78,Tuesday,0.07,4.53
Fl-c5nMiBl4,Romance,2023-11-07,2435.0,24545,261.0,3,2.03,Short,50,Tuesday,1.06,9.92
upANocS9eog,Teaser,2023-11-06,1769.0,83879,70.0,21,2.62,Short,39,Monday,0.08,2.11
iD3TZ_Xxc14,Teaser,2023-11-06,135111.0,57885426,3558.0,15,2.88,Short,50,Monday,0.01,0.23
R8-na0mofgY,Clip,2023-11-05,1212.0,47621,53.0,31,3.28,Short,35,Sunday,0.11,2.55
lzSqcPN0Mns,Other,2023-11-04,34878.0,3849068,760.0,10,66.1,Long,95,Saturday,0.02,0.91
MolE5_wghEk,Clip,2023-11-04,26048.0,1093034,929.0,14,4.75,Short,57,Saturday,0.08,2.38
yjOEfazi9Mc,Announcement,2023-11-03,14033.0,364035,309.0,12,0.7,Short,40,Friday,0.08,3.85
BhmGCoBTjzc,Teaser,2023-11-03,1593.0,87066,44.0,12,3.02,Short,95,Friday,0.05,1.83
n_RV_3UqsNU,Teaser,2023-11-03,3275.0,201294,78.0,11,3.02,Short,95,Friday,0.04,1.63
xJ0PEGZ-Zw4,Other,2023-11-02,49682.0,931047,904.0,33,7.3,Short,47,Thursday,0.1,5.34
MWOlnZSnXJo,Teaser,2023-11-02,78517.0,5240754,1635.0,12,3.02,Short,89,Thursday,0.03,1.5
n6Ztu9cg_SE,Announcement,2023-11-01,87535.0,1699381,2824.0,12,1.53,Short,92,Wednesday,0.17,5.15
5frOkVLDDxk,Other,2023-11-01,1934.0,123174,55.0,16,5.98,Short,76,Wednesday,0.04,1.57
K2o3sg5aUDA,Other,2023-11-01,734.0,40129,39.0,11,1.78,Short,39,Wednesday,0.1,1.83
9yfZCURDWbs,Other,2023-11-01,987.0,84539,39.0,25,2.62,Short,29,Wednesday,0.05,1.17
AVizyFnAh_s,Other,2023-10-31,695.0,19299,29.0,15,5.82,Short,42,Tuesday,0.15,3.6
N1NGWdarASM,Comedy,2023-10-31,737.0,36039,30.0,13,1.75,Short,46,Tuesday,0.08,2.05
cRSe_SI_kK4,Other,2023-10-30,13793.0,265251,390.0,26,9.18,Short,66,Monday,0.15,5.2
wy5BuZv7-WQ,Other,2023-10-30,478.0,36867,16.0,17,1.35,Short,94,Monday,0.04,1.3
ixr7ZYgH_6I,Other,2023-10-29,26529.0,3449417,984.0,14,2.62,Short,39,Sunday,0.03,0.77
OozhKOcRCyQ,Other,2023-10-29,500.0,36090,32.0,11,4.62,Short,32,Sunday,0.09,1.39
AK9utFk7CP4,Other,2023-10-29,1109.0,116103,40.0,13,2.1,Short,39,Sunday,0.03,0.96
RTQEPXxtF1U,Other,2023-10-28,1153.0,94256,42.0,20,4.95,Short,77,Saturday,0.04,1.22
KQKjzJfnEOw,Teaser,2023-10-28,64736.0,11493039,1848.0,7,1.4,Short,49,Saturday,0.02,0.56
ods3cqOAwlU,Other,2023-10-27,212.0,36278,48.0,21,1.92,Short,43,Friday,0.13,0.58
KXZuDv1--w4,Behind the Scenes,2023-10-27,1264.0,93749,59.0,17,4.37,Short,50,Friday,0.06,1.35
_aQlxaXYYaM,Interview,2023-10-27,15323.0,887349,283.0,17,7.75,Short,83,Friday,0.03,1.73
rDIT0vrqy2A,Teaser,2023-10-26,1215.0,129144,30.0,24,2.35,Short,52,Thursday,0.02,0.94
gGTi_AeTR0E,Other,2023-10-26,2000.0,209343,100.0,7,2.58,Short,81,Thursday,0.05,0.96
4T7TbU5jhxk,Announcement,2023-10-26,5730.0,242162,195.0,11,0.73,Short,51,Thursday,0.08,2.37
VT8fwcRFKT0,Other,2023-10-25,4131.0,922251,258.0,23,2.7,Short,48,Wednesday,0.03,0.45
91yvzR8250Q,Other,2023-10-25,6082.0,262114,82.0,18,10.47,Long,66,Wednesday,0.03,2.32
94qCXF-h_E0,Other,2023-10-24,607.0,21986,23.0,16,2.03,Short,35,Tuesday,0.1,2.76
Vhd-Q7JRORk,Other,2023-10-24,567.0,46152,30.0,14,1.4,Short,95,Tuesday,0.07,1.23
9rIqPtNZmaU,Teaser,2023-10-23,14489.0,703739,645.0,30,2.33,Short,54,Monday,0.09,2.06
TH_Ddx3ecvI,Other,2023-10-23,122532.0,1231836,8441.0,23,9.55,Short,66,Monday,0.69,9.95
s0jF_9uISmM,Other,2023-10-22,2543.0,175061,58.0,19,1.68,Short,60,Sunday,0.03,1.45
J6xM5pOjizk,Announcement,2023-10-22,375.0,18706,48.0,14,1.15,Short,82,Sunday,0.26,2.0
6Wn5kCgZdgc,Clip,2023-10-21,1392.0,43491,86.0,20,3.35,Short,71,Saturday,0.2,3.2
G-PBggZpprU,Other,2023-10-21,403.0,11943,20.0,14,1.13,Short,69,Saturday,0.17,3.37
4kjZQMQl2I0,Other,2023-10-20,1325.0,98557,44.0,14,3.38,Short,81,Friday,0.04,1.34
IavN1pYZuA4,Other,2023-10-20,53566.0,1699928,1626.0,10,7.57,Short,66,Friday,0.1,3.15
XJeZbohUfQk,Other,2023-10-19,399.0,22279,20.0,21,3.18,Short,40,Thursday,0.09,1.79
zH_RkKlHr5A,Other,2023-10-19,9255.0,987457,149.0,18,2.5,Short,46,Thursday,0.02,0.94
JGFdcZCMdlU,Action,2023-10-18,25193.0,938011,594.0,27,6.42,Short,48,Wednesday,0.06,2.69
dIN8EMyosrw,Other,2023-10-18,451.0,72883,33.0,10,1.32,Short,90,Wednesday,0.05,0.62
ktxwil3Jm70,Teaser,2023-10-17,1011.0,41236,41.0,14,1.68,Short,51,Tuesday,0.1,2.45
ThYKUKJK9JQ,Other,2023-10-17,352.0,23076,32.0,10,0.75,Short,63,Tuesday,0.14,1.53
b109UCpn04Q,Other,2023-10-17,51722.0,1273388,1151.0,21,7.92,Short,40,Tuesday,0.09,4.06
8ezrBZ92VLg,Other,2023-10-16,562.0,24026,23.0,22,3.58,Short,87,Monday,0.1,2.34
b9okmJpjYSk,Other,2023-10-16,8459.0,1370988,83.0,19,2.18,Short,53,Monday,0.01,0.62
UsVgDevV_XI,Other,2023-10-15,109.0,12756,6.0,8,1.83,Short,51,Sunday,0.05,0.85
lNZN5y18Yn0,Other,2023-10-15,217.0,14894,5.0,10,0.68,Short,68,Sunday,0.03,1.46
eTJs8eGEtCs,Other,2023-10-15,6615.0,714313,158.0,14,3.75,Short,44,Sunday,0.02,0.93
kL_D8cIWH_E,Other,2023-10-14,1251.0,34250,38.0,13,5.12,Short,83,Saturday,0.11,3.65
4_FTJ4AV_T0,Other,2023-10-13,91.0,13278,6.0,13,3.65,Short,86,Friday,0.05,0.69
fqpdpWlM6ns,Other,2023-10-13,212.0,18191,13.0,10,0.82,Short,53,Friday,0.07,1.17
aikygVfYV8s,Action,2023-10-13,10698.0,807028,211.0,23,2.92,Short,47,Friday,0.03,1.33
miNUZ1o2Ggc,Clip,2023-10-12,311.0,16842,13.0,25,2.6,Short,77,Thursday,0.08,1.85
Nur8k_VXEew,Other,2023-10-12,6112.0,286967,123.0,29,11.02,Long,74,Thursday,0.04,2.13
A6Q9RRxWxjo,Other,2023-10-12,425.0,43351,20.0,10,1.32,Short,63,Thursday,0.05,0.98
w2Ya4VGHjpQ,Romance,2023-10-11,4473.0,275453,97.0,16,3.37,Short,54,Wednesday,0.04,1.62
rcQn8neh29w,Clip,2023-10-11,467.0,40414,22.0,22,1.68,Short,88,Wednesday,0.05,1.16
ZrGcBwCfrL8,Song,2023-10-11,328.0,43081,65.0,34,2.57,Short,96,Wednesday,0.15,0.76
YsF2l7QbL5M,Other,2023-10-10,2747.0,265505,105.0,18,1.23,Short,48,Tuesday,0.04,1.03
6O8QCi4w17s,Other,2023-10-10,970.0,56847,18.0,13,2.85,Short,77,Tuesday,0.03,1.71
THGvZEg1mjg,Other,2023-10-10,646.0,26469,19.0,21,4.35,Short,84,Tuesday,0.07,2.44
HgyIzDPcRhM,Other,2023-10-09,294.0,17760,10.0,15,0.73,Short,43,Monday,0.06,1.66
o85JpyFa-Bs,Teaser,2023-10-09,1490.0,105092,43.0,8,2.55,Short,96,Monday,0.04,1.42
TV0jQm5QgYk,Teaser,2023-10-09,891.0,71766,27.0,8,2.55,Short,97,Monday,0.04,1.24
Qbig9pqjm0E,Clip,2023-10-08,2062.0,51889,83.0,31,2.68,Short,60,Sunday,0.16,3.97
pzROajSyFYU,Other,2023-10-08,586.0,16371,32.0,14,1.08,Short,67,Sunday,0.2,3.58
4JvSb6oixpU,Clip,2023-10-08,756.0,72255,85.0,22,2.03,Short,62,Sunday,0.12,1.05
6ph4WPZIrbM,Teaser,2023-10-07,38788.0,24604888,953.0,8,2.55,Short,90,Saturday,0.0,0.16
J7_k2O1LFUc,Other,2023-10-07,296.0,25495,9.0,12,1.2,Short,65,Saturday,0.04,1.16
Ricsxj6KYzU,Other,2023-10-07,3675.0,130206,314.0,14,3.45,Short,85,Saturday,0.24,2.82
P5GRo13Pf-E,Romance,2023-10-06,17494.0,1304562,358.0,25,16.6,Long,94,Friday,0.03,1.34
WWL1vdJ4DdQ,Other,2023-10-06,5756.0,1115542,104.0,27,1.45,Short,94,Friday,0.01,0.52
M4QQzZWLssY,Other,2023-10-05,1033.0,33377,45.0,16,2.97,Short,61,Thursday,0.13,3.09
AHOtncObax4,Other,2023-10-05,732.0,16542,52.0,30,6.52,Short,53,Thursday,0.31,4.43
Px9x36HjXRE,Other,2023-10-05,572.0,91750,29.0,13,0.68,Short,89,Thursday,0.03,0.62
lYJUDYH7BeE,Action,2023-10-04,3272.0,572289,69.0,27,2.97,Short,51,Wednesday,0.01,0.57
JONd1l4gH64,Other,2023-10-04,441.0,17959,17.0,21,1.97,Short,40,Wednesday,0.09,2.46
zftXMkd5Acg,Action,2023-10-04,127.0,13854,13.0,31,4.82,Short,56,Wednesday,0.09,0.92
GFy0crKudOc,Other,2023-10-03,845.0,55885,43.0,30,5.45,Short,80,Tuesday,0.08,1.51
HdOhfuECZb0,Other,2023-10-03,689.0,54234,39.0,30,0.97,Short,53,Tuesday,0.07,1.27
2lQD_wHq618,Action,2023-10-03,742.0,22543,56.0,12,4.2,Short,87,Tuesday,0.25,3.29
xh1yEsaOn6Q,Clip,2023-10-02,1790.0,106343,119.0,24,3.25,Short,76,Monday,0.11,1.68
gAhgC6llaKg,Teaser,2023-10-02,5895.0,720229,168.0,13,2.72,Short,85,Monday,0.02,0.82
bQPtZNfvahY,Other,2023-10-02,338.0,13942,15.0,13,0.63,Short,46,Monday,0.11,2.42
znSgLJhWsz4,Other,2023-10-01,573.0,34484,21.0,20,2.15,Short,80,Sunday,0.06,1.66
9N-v5eOEqzA,Other,2023-10-01,83.0,8201,9.0,17,1.22,Short,80,Sunday,0.11,1.01
Cej4-Dqviqs,Other,2023-09-30,12160.0,1198267,92.0,22,2.98,Short,40,Saturday,0.01,1.01
7rSrtTZJO4s,Other,2023-09-30,474.0,16130,22.0,17,1.18,Short,49,Saturday,0.14,2.94
le7t-xT3res,Other,2023-09-30,314.0,20679,22.0,17,9.78,Short,84,Saturday,0.11,1.52
Zs4wjksaeiw,Other,2023-09-29,2734.0,183614,111.0,22,3.92,Short,64,Friday,0.06,1.49
7BtfAsQbHxc,Other,2023-09-29,351.0,20006,17.0,23,1.77,Short,43,Friday,0.08,1.75
2ZFIk5QOt64,Other,2023-09-29,451.0,22954,15.0,17,1.32,Short,78,Friday,0.07,1.96
IxdCbt7OVe4,Other,2023-09-28,1040.0,203853,21.0,12,0.93,Short,68,Thursday,0.01,0.51
2PGYMxaeI1g,Song,2023-09-28,387.0,23063,22.0,14,1.67,Short,99,Thursday,0.1,1.68
2Ydx-yT7VqU,Interview,2023-09-28,3903.0,335578,164.0,22,9.17,Short,79,Thursday,0.05,1.16
jTmmB_f2CXk,Other,2023-09-27,339.0,19412,28.0,24,1.07,Short,60,Wednesday,0.14,1.75
iKsxFUGD5nc,Clip,2023-09-27,248.0,12309,18.0,27,1.92,Short,49,Wednesday,0.15,2.01
CwWPo9QIQEs,Announcement,2023-09-27,357.0,10828,35.0,20,0.72,Short,57,Wednesday,0.32,3.3
LkwzjGDQJP8,Other,2023-09-27,332.0,14779,0.0,14,0.85,Short,44,Wednesday,0.0,2.25
I3-8Aq9Bn_0,Other,2023-09-27,320.0,14557,14.0,15,2.45,Short,58,Wednesday,0.1,2.2
KKpROrE94no,Other,2023-09-27,8962.0,642588,273.0,30,3.0,Short,40,Wednesday,0.04,1.39
FxnQaawgfZ0,Other,2023-09-26,1569.0,99558,48.0,25,4.03,Short,48,Tuesday,0.05,1.58
4JyJ8v4FZNg,Other,2023-09-26,336.0,13987,24.0,13,0.63,Short,53,Tuesday,0.17,2.4
UDnLQLMDFgs,Other,2023-09-26,750.0,74873,46.0,21,1.22,Short,74,Tuesday,0.06,1.0
8AdU0Po1l8g,Other,2023-09-25,3196.0,184409,61.0,20,1.92,Short,73,Monday,0.03,1.73
ZNVRgleY2N8,Other,2023-09-25,1186.0,46882,29.0,12,0.98,Short,78,Monday,0.06,2.53
bk_5n4mS-lk,Teaser,2023-09-25,13688.0,1639436,247.0,26,2.95,Short,68,Monday,0.02,0.83
3vCqsAhlHCE,Teaser,2023-09-24,1953.0,74108,37.0,19,10.88,Long,96,Sunday,0.05,2.64
yN2iMUVSbu0,Other,2023-09-24,634.0,48903,17.0,12,0.98,Short,64,Sunday,0.03,1.3
ScOTbHr_MQs,Other,2023-09-24,3269.0,229445,140.0,20,4.13,Short,81,Sunday,0.06,1.42
rWqy49-3dEU,Other,2023-09-23,916.0,81638,64.0,22,1.12,Short,59,Saturday,0.08,1.12
iWtf464jv44,Other,2023-09-23,4200.0,317084,48.0,18,2.08,Short,55,Saturday,0.02,1.32
ORj-lkar0kk,Other,2023-09-23,1080.0,79378,32.0,13,1.28,Short,83,Saturday,0.04,1.36
kVjHKdrrrMU,Teaser,2023-09-22,23411.0,642291,737.0,30,1.03,Short,59,Friday,0.11,3.64
IwYGRExbFDo,Clip,2023-09-22,840.0,142937,56.0,21,1.22,Short,62,Friday,0.04,0.59
n1XvbSWXpg8,Other,2023-09-22,31185.0,967911,770.0,19,5.73,Short,92,Friday,0.08,3.22
6mI9sf7loJ8,Teaser,2023-09-21,3040.0,188218,187.0,19,1.42,Short,77,Thursday,0.1,1.62
QmHvckh2GMw,Other,2023-09-21,919.0,109685,63.0,15,1.27,Short,92,Thursday,0.06,0.84
866FCAkEwXY,Other,2023-09-20,1284.0,87130,81.0,19,1.78,Short,54,Wednesday,0.09,1.47
OvW0eG8j5qI,Announcement,2023-09-20,7391.0,643014,168.0,2,1.3,Short,92,Wednesday,0.03,1.15
L47mUKuIvms,Action,2023-09-19,2486.0,99148,120.0,30,3.33,Short,49,Tuesday,0.12,2.51
XnIGktc5A4A,Comedy,2023-09-19,2544.0,192460,36.0,21,3.27,Short,91,Tuesday,0.02,1.32
v7R7o5Dafj8,Other,2023-09-19,7336.0,109224,248.0,19,8.25,Short,87,Tuesday,0.23,6.72
sN76zsLDNpI,Announcement,2023-09-18,14874.0,396185,433.0,29,0.95,Short,42,Monday,0.11,3.75
ByojhBwG_-E,Teaser,2023-09-18,79186.0,40767360,2062.0,12,2.67,Short,75,Monday,0.01,0.19
BNcgWhaWy_A,Action,2023-09-17,8042.0,766415,392.0,10,2.78,Short,48,Sunday,0.05,1.05
QAEiFEzeXUc,Other,2023-09-17,774.0,30941,19.0,13,2.48,Short,38,Sunday,0.06,2.5
ZeqcrLXa0XY,Other,2023-09-17,1831.0,40405,52.0,16,4.5,Short,69,Sunday,0.13,4.53
Wcr0dpSSiQU,Other,2023-09-16,2453.0,102227,113.0,22,3.0,Short,69,Saturday,0.11,2.4
Z7-uNGDIU7w,Action,2023-09-16,2054.0,277881,208.0,18,2.65,Short,69,Saturday,0.07,0.74
BDdBbbYAGog,Clip,2023-09-16,963.0,254519,34.0,18,2.3,Short,63,Saturday,0.01,0.38
NACS2MDFqsE,Other,2023-09-15,512.0,23526,19.0,29,2.43,Short,40,Friday,0.08,2.18
W9SGn69WG2w,Other,2023-09-15,705.0,25834,37.0,14,3.55,Short,74,Friday,0.14,2.73
IoN_AJzm27g,Teaser,2023-09-15,542.0,46356,36.0,31,1.22,Short,66,Friday,0.08,1.17
7wI3QJ13Aj8,Clip,2023-09-14,19404.0,407413,968.0,30,4.93,Short,45,Thursday,0.24,4.76
mJMa2LpkDbI,Other,2023-09-14,571.0,27020,20.0,19,0.68,Short,87,Thursday,0.07,2.11
UmWemVfYLRc,Announcement,2023-09-14,2377.0,104661,84.0,11,0.77,Short,76,Thursday,0.08,2.27
ppwImAPxgD8,Announcement,2023-09-13,4983.0,352882,139.0,11,1.2,Short,88,Wednesday,0.04,1.41
iAH_kHGKfAo,Teaser,2023-09-13,2033.0,168600,60.0,32,2.72,Short,71,Wednesday,0.04,1.21
i0RxXeIYla4,Other,2023-09-13,457.0,25986,18.0,21,0.68,Short,85,Wednesday,0.07,1.76
Y4IlwJlPCCY,Teaser,2023-09-12,9475.0,340570,374.0,19,2.37,Short,46,Tuesday,0.11,2.78
XyyUvAShgts,Teaser,2023-09-12,15190.0,970154,675.0,17,2.37,Short,64,Tuesday,0.07,1.57
wv36MQJtO4I,Other,2023-09-12,712.0,41784,37.0,19,0.68,Short,95,Tuesday,0.09,1.7
6c_7-53YSQA,Other,2023-09-11,31020.0,555037,1273.0,33,18.17,Long,46,Monday,0.23,5.59
9Pv41oJ-Pdo,Other,2023-09-11,1084.0,49877,25.0,16,4.22,Short,84,Monday,0.05,2.17
_T-j6UBLbFk,Action,2023-09-10,1420.0,34035,131.0,30,4.68,Short,56,Sunday,0.38,4.17
FW4NKRgrLAk,Comedy,2023-09-10,338.0,28697,26.0,18,4.18,Short,49,Sunday,0.09,1.18
uWaX4BlvC8A,Teaser,2023-09-10,1659.0,285685,84.0,19,2.53,Short,96,Sunday,0.03,0.58
E2DXo9lii6s,Clip,2023-09-09,1076.0,96484,51.0,29,2.52,Short,36,Saturday,0.05,1.12
07aGRfe0biM,Clip,2023-09-09,3805.0,226937,127.0,17,3.05,Short,59,Saturday,0.06,1.68
VMOK-OvmuI8,Teaser,2023-09-08,14203.0,542664,212.0,20,12.48,Long,72,Friday,0.04,2.62
d9ob_UPJd-w,Teaser,2023-09-08,975.0,35840,80.0,21,2.77,Short,66,Friday,0.22,2.72
GTDbuS7JoUk,Other,2023-09-07,45015.0,992128,2247.0,14,7.58,Short,52,Thursday,0.23,4.54
riqlEzCDCIY,Other,2023-09-07,609.0,29375,16.0,23,1.97,Short,82,Thursday,0.05,2.07
O2BzzUSX4AA,Teaser,2023-09-06,4887.0,272835,194.0,7,2.07,Short,55,Wednesday,0.07,1.79
0zT_o332BtY,Other,2023-09-06,247.0,9569,19.0,4,0.68,Short,83,Wednesday,0.2,2.58
wZk0eEG2RlU,Other,2023-09-06,1774.0,81960,71.0,17,2.78,Short,76,Wednesday,0.09,2.16
st25hbzAWWk,Other,2023-09-05,22397.0,350482,596.0,13,7.88,Short,82,Tuesday,0.17,6.39
GHX6yT9Lxfo,Teaser,2023-09-05,74181.0,52836156,3382.0,19,2.33,Short,97,Tuesday,0.01,0.14
0XLbFp1zJAA,Other,2023-09-04,22598.0,639411,367.0,17,20.57,Long,61,Monday,0.06,3.53
Nh7jIbjrhy4,Other,2023-09-04,801.0,34748,62.0,13,2.83,Short,87,Monday,0.18,2.31
yITL9geUX2o,Clip,2023-09-03,4463.0,146394,268.0,28,1.82,Short,73,Sunday,0.18,3.05
g99AkfwIp9Q,Other,2023-09-03,16667.0,613517,428.0,10,13.78,Long,88,Sunday,0.07,2.72
2R0Bbd8mnEc,Other,2023-09-02,1600.0,132832,41.0,16,1.48,Short,61,Saturday,0.03,1.2
iBKPMJ71ins,Other,2023-09-02,31798.0,938459,245.0,26,13.33,Long,61,Saturday,0.03,3.39
Kt0vOpBixEc,Other,2023-09-01,630.0,27254,36.0,10,1.97,Short,53,Friday,0.13,2.31
7F2NYLu3BQM,Other,2023-09-01,176.0,15977,18.0,23,1.2,Short,49,Friday,0.11,1.1
f6a0tHU1d0s,Announcement,2023-09-01,1178.0,45542,32.0,13,0.77,Short,84,Friday,0.07,2.59
yot5gFEbyKc,Other,2023-08-31,948.0,31473,137.0,20,1.87,Short,68,Thursday,0.44,3.01
oOpqwW_jfgY,Other,2023-08-31,832.0,63087,30.0,17,1.48,Short,76,Thursday,0.05,1.32
VvMAxmAapYA,Teaser,2023-08-30,5732.0,180214,309.0,28,2.33,Short,41,Wednesday,0.17,3.18
dfsYkn5WAm0,Other,2023-08-30,3320.0,212623,191.0,17,1.37,Short,75,Wednesday,0.09,1.56
oQWRGgXVCiU,Other,2023-08-30,10793.0,951977,64.0,10,4.3,Short,56,Wednesday,0.01,1.13
61Rnpt-SwDw,Other,2023-08-29,1512.0,71322,34.0,23,3.27,Short,63,Tuesday,0.05,2.12
MEQlzlR8M94,Other,2023-08-29,905.0,32283,49.0,27,3.88,Short,61,Tuesday,0.15,2.8
t_wzSJTwWT8,Romance,2023-08-29,447.0,13862,31.0,17,1.27,Short,77,Tuesday,0.22,3.22
QmQ358y3KOY,Other,2023-08-28,1018.0,64041,52.0,17,1.82,Short,61,Monday,0.08,1.59
_RSWo2T4kz0,Other,2023-08-28,1430.0,51642,63.0,21,4.22,Short,80,Monday,0.12,2.77
r1lautEZTSg,Other,2023-08-27,1150.0,45491,53.0,18,2.27,Short,64,Sunday,0.12,2.53
MFQxvGDtBN0,Clip,2023-08-27,6363.0,166976,267.0,28,3.9,Short,60,Sunday,0.16,3.81
_1egyF6iAL0,Other,2023-08-27,1472.0,98481,59.0,17,2.23,Short,68,Sunday,0.06,1.49
qfKl-zw0prI,Other,2023-08-26,12254.0,1802739,148.0,10,4.77,Short,92,Saturday,0.01,0.68
_U_UG0UhpQ8,Other,2023-08-26,8759.0,167689,379.0,19,10.18,Long,73,Saturday,0.23,5.22
_EFaYSR8JWI,Other,2023-08-25,307626.0,6322626,5363.0,18,16.82,Long,75,Friday,0.08,4.87
D70QaUnE3tk,Announcement,2023-08-25,5546.0,374931,407.0,18,0.6,Short,93,Friday,0.11,1.48
vW8fLvpRPoU,Other,2023-08-24,552.0,31284,19.0,17,1.6,Short,67,Thursday,0.06,1.76
iMqTrKo2iF8,Other,2023-08-24,1751.0,93468,154.0,18,2.17,Short,53,Thursday,0.16,1.87
FMR1Qy7BoLs,Teaser,2023-08-23,2104.0,72920,79.0,33,3.67,Short,73,Wednesday,0.11,2.89
SqoTnqGtSZE,Teaser,2023-08-23,5057.0,144529,224.0,33,3.65,Short,72,Wednesday,0.15,3.5
TaU4H9g47u8,Other,2023-08-23,838.0,28035,106.0,19,1.0,Short,70,Wednesday,0.38,2.99
Mug65zMnqH4,Teaser,2023-08-23,29271.0,1287570,851.0,33,3.67,Short,72,Wednesday,0.07,2.27
cGDhHJ-8MQk,Teaser,2023-08-23,13406.0,365107,969.0,33,3.68,Short,66,Wednesday,0.27,3.67
YIECFZb1IxQ,Other,2023-08-22,1338892.0,39150059,21729.0,3,17.27,Long,72,Tuesday,0.06,3.42
APORJRJ_PvM,Announcement,2023-08-22,18866.0,1478531,941.0,6,0.73,Short,62,Tuesday,0.06,1.28
ED55_FcDz5s,Interview,2023-08-21,20356.0,1036524,584.0,19,7.87,Short,80,Monday,0.06,1.96
XMdX4Lj-Ajo,Other,2023-08-21,937.0,37918,80.0,20,1.77,Short,93,Monday,0.21,2.47
Lz_jlyGDoqM,Teaser,2023-08-21,7469.0,39360769,327.0,23,2.33,Short,99,Monday,0.0,0.02
1GujwDG36rE,Other,2023-08-20,9237.0,285535,202.0,42,14.17,Long,93,Sunday,0.07,3.23
2px_cbsWUw8,Other,2023-08-20,5175.0,147777,173.0,19,2.93,Short,84,Sunday,0.12,3.5
4UP0lI1awvU,Teaser,2023-08-20,10953.0,1074926,308.0,18,2.45,Short,62,Sunday,0.03,1.02
gYb9fWyvvBs,Other,2023-08-19,41556.0,2054688,856.0,20,21.97,Long,88,Saturday,0.04,2.02
YOtzf9HIMQk,Other,2023-08-18,1383.0,42769,135.0,17,0.65,Short,82,Friday,0.32,3.23
cPUydbJOrlM,Other,2023-08-17,1105.0,172783,37.0,39,1.63,Short,78,Thursday,0.02,0.64
gBy-e4qFULI,Other,2023-08-17,737.0,32247,55.0,17,0.52,Short,60,Thursday,0.17,2.29
244QVRPoE94,Comedy,2023-08-16,1282.0,64874,42.0,17,2.77,Short,67,Wednesday,0.06,1.98
wqiboQLNnWQ,Other,2023-08-16,550.0,26935,22.0,17,0.58,Short,61,Wednesday,0.08,2.04
Gpf_uPtWuUU,Other,2023-08-15,2728.0,367463,147.0,20,3.15,Short,65,Tuesday,0.04,0.74
eVRsddc8EZg,Other,2023-08-15,13073.0,984197,239.0,39,2.67,Short,90,Tuesday,0.02,1.33
kq6IN_VFhT8,Other,2023-08-15,574.0,23574,21.0,17,0.57,Short,64,Tuesday,0.09,2.43
A8idIN1eCGo,Other,2023-08-14,2189.0,2850026,135.0,17,0.68,Short,59,Monday,0.0,0.08
3LGVUHSgqOs,Clip,2023-08-14,3166.0,207614,79.0,39,3.73,Short,66,Monday,0.04,1.52
Adxh-s7CzQI,Other,2023-08-14,380.0,11049,23.0,17,0.55,Short,78,Monday,0.21,3.44
UvpwBCyt900,Other,2023-08-13,1447.0,46337,68.0,39,1.35,Short,65,Sunday,0.15,3.12
xU-L60DCjAU,Other,2023-08-13,959.0,39850,60.0,11,1.25,Short,48,Sunday,0.15,2.41
HrUaN06ddA4,Other,2023-08-12,3931.0,192836,197.0,17,2.15,Short,76,Saturday,0.1,2.04
hHyYollJt08,Other,2023-08-12,1882.0,120166,51.0,39,1.68,Short,71,Saturday,0.04,1.57
kgRN3iIBynE,Other,2023-08-12,6563.0,5090592,390.0,17,0.68,Short,84,Saturday,0.01,0.13
pbYlsDKU3XM,Clip,2023-08-11,4503.0,358309,311.0,39,1.6,Short,93,Friday,0.09,1.26
eVUpfzISKxk,Clip,2023-08-10,25043.0,993668,1674.0,17,2.83,Short,58,Thursday,0.17,2.52
JAcGthLt5aE,Other,2023-08-10,5163.0,302760,137.0,39,3.0,Short,77,Thursday,0.05,1.71
6fUWP1LCzAU,Other,2023-08-09,648.0,35361,33.0,17,0.68,Short,55,Wednesday,0.09,1.83
TpYN4_bL_EE,Interview,2023-08-09,5940.0,465362,243.0,17,1.75,Short,86,Wednesday,0.05,1.28
0dIIChsjKBc,Teaser,2023-08-08,2237.0,161201,99.0,3,2.87,Short,98,Tuesday,0.06,1.39
MuRWcut6djI,Teaser,2023-08-08,4292.0,125836,220.0,19,2.87,Short,92,Tuesday,0.17,3.41
ZBV79tUczC4,Teaser,2023-08-08,2243.0,86190,113.0,16,2.87,Short,97,Tuesday,0.13,2.6
_fANCS_GinA,Other,2023-08-07,1065.0,52332,213.0,18,4.3,Short,89,Monday,0.41,2.04
Ggkk8swWIlo,Other,2023-08-07,726.0,43531,84.0,17,1.08,Short,86,Monday,0.19,1.67
LyVIgsAuAF8,Teaser,2023-08-06,1255.0,168929,33.0,22,2.23,Short,90,Sunday,0.02,0.74
qoFnJdralUc,Other,2023-08-06,631.0,18880,30.0,13,2.27,Short,47,Sunday,0.16,3.34
w0oli823JZk,Other,2023-08-06,2292.0,4765115,71.0,17,0.68,Short,95,Sunday,0.0,0.05
R_vy791k4mY,Other,2023-08-05,9620.0,1349901,135.0,22,1.48,Short,65,Saturday,0.01,0.71
Vd7gj65k06k,Teaser,2023-08-05,2976.0,305112,87.0,20,2.6,Short,66,Saturday,0.03,0.98
FkJ53c0C0H0,Teaser,2023-08-04,7841.0,230855,213.0,22,12.33,Long,69,Friday,0.09,3.4
0n6N4QLwBOo,Announcement,2023-08-04,1920.0,104149,123.0,23,1.08,Short,86,Friday,0.12,1.84
hR7C-tdQkPA,Other,2023-08-03,15442.0,1072947,145.0,24,5.82,Short,98,Thursday,0.01,1.44
lg-8dKnWhA4,Action,2023-08-03,2480.0,96556,111.0,41,2.97,Short,92,Thursday,0.11,2.57
pgEiBaF2mHA,Teaser,2023-08-02,192904.0,84475171,6217.0,16,2.87,Short,91,Wednesday,0.01,0.23
ZFe_Wxo0UA0,Other,2023-08-02,900.0,57582,107.0,17,1.12,Short,87,Wednesday,0.19,1.56
sg7JH7ry-oo,Other,2023-08-01,10691.0,1456925,399.0,20,2.33,Short,92,Tuesday,0.03,0.73
OQPjIspnHk4,Other,2023-08-01,1284.0,110042,38.0,19,1.77,Short,65,Tuesday,0.03,1.17
Ajuzq6P3I48,Other,2023-07-31,2639.0,209759,296.0,17,1.8,Short,89,Monday,0.14,1.26
3Z6tk4W3vi4,Other,2023-07-31,547.0,33888,52.0,20,2.52,Short,96,Monday,0.15,1.61
F1c6USUECwY,Drama,2023-07-30,5724.0,570278,177.0,20,2.43,Short,54,Sunday,0.03,1.0
I8ySVfQxquk,Other,2023-07-30,30505.0,3317248,495.0,17,3.18,Short,58,Sunday,0.01,0.92
YKuSjdE6FOM,Song,2023-07-29,1054.0,54473,49.0,19,1.6,Short,92,Saturday,0.09,1.93
IlkT7kq96zw,Teaser,2023-07-29,21796.0,393337,1181.0,21,12.27,Long,58,Saturday,0.3,5.54
SYA7lp4T4eE,Drama,2023-07-28,8084.0,453446,317.0,19,25.18,Long,98,Friday,0.07,1.78
D365RUy_JRI,Teaser,2023-07-28,12942.0,397738,669.0,21,0.93,Short,95,Friday,0.17,3.25
EJ0GpL5XNLI,Other,2023-07-27,5064.0,170978,63.0,15,14.38,Long,67,Thursday,0.04,2.96
Tln328Upic0,Teaser,2023-07-27,46432.0,2474688,4059.0,17,2.18,Short,56,Thursday,0.16,1.88
PjVbnDssuwQ,Other,2023-07-26,985.0,34473,88.0,20,3.93,Short,50,Wednesday,0.26,2.86
9lhmNMA6_Jg,Other,2023-07-26,881.0,45288,41.0,18,2.4,Short,83,Wednesday,0.09,1.95
CuWJ8UEnxno,Other,2023-07-26,575.0,24980,46.0,13,3.52,Short,94,Wednesday,0.18,2.3
kzPqjAoznUI,Teaser,2023-07-25,1071.0,59714,149.0,7,2.75,Short,63,Tuesday,0.25,1.79
YTuQkEmyIlk,Teaser,2023-07-25,31315.0,20592868,728.0,13,2.62,Short,85,Tuesday,0.0,0.15
RPS50BjI_RE,Other,2023-07-24,9986.0,347464,263.0,11,2.27,Short,54,Monday,0.08,2.87
t9mcJQ-lgdA,Other,2023-07-23,333.0,18121,22.0,20,2.0,Short,54,Sunday,0.12,1.84
6qMsgnhnPgk,Other,2023-07-23,1192.0,38740,242.0,19,5.02,Short,61,Sunday,0.62,3.08
iC-mrpMH8x4,Other,2023-07-22,2463.0,121039,88.0,23,2.52,Short,54,Saturday,0.07,2.03
6gnH4Q_wBMw,Teaser,2023-07-22,24527.0,606370,1346.0,28,3.13,Short,38,Saturday,0.22,4.04
ELdiWC5zqJQ,Comedy,2023-07-21,1664.0,61920,31.0,17,1.57,Short,75,Friday,0.05,2.69
5g5aE2weT3k,Clip,2023-07-21,679.0,21911,43.0,21,3.63,Short,55,Friday,0.2,3.1
6NumZ9asDLA,Other,2023-07-20,4626.0,134516,198.0,20,4.1,Short,94,Thursday,0.15,3.44
fEIhFZtRMkM,Teaser,2023-07-20,2985.0,375427,131.0,20,1.7,Short,62,Thursday,0.03,0.8
HEdQbTbAVbc,Other,2023-07-19,1069.0,21712,53.0,21,2.35,Short,68,Wednesday,0.24,4.92
i4alBhmeGrk,Other,2023-07-19,8185.0,949674,156.0,19,2.82,Short,86,Wednesday,0.02,0.86
QaF4wpOql0w,Romance,2023-07-19,228.0,12609,9.0,3,0.93,Short,97,Wednesday,0.07,1.81
_Qwc6i-6xE8,Other,2023-07-18,589.0,21572,28.0,18,3.12,Short,65,Tuesday,0.13,2.73
he3J6-FvBbs,Other,2023-07-18,552.0,25788,52.0,18,3.03,Short,68,Tuesday,0.2,2.14
BL87XkUc2jY,Teaser,2023-07-18,3464.0,295204,173.0,25,3.28,Short,99,Tuesday,0.06,1.17
JadeMuvtXBk,Other,2023-07-17,4895.0,140008,305.0,26,1.83,Short,49,Monday,0.22,3.5
ISdxnIk1FnY,Other,2023-07-17,431.0,17399,13.0,13,1.88,Short,81,Monday,0.07,2.48
dBxXT7gdhDY,Drama,2023-07-17,763.0,58386,65.0,18,15.23,Long,94,Monday,0.11,1.31
GHmkICvCqY0,Other,2023-07-16,533.0,23239,21.0,14,3.1,Short,84,Sunday,0.09,2.29
hxwPSJQUHiw,Other,2023-07-16,591.0,30486,26.0,17,1.45,Short,92,Sunday,0.09,1.94
39zvrfRsv00,Other,2023-07-16,98.0,6960,8.0,19,1.0,Short,94,Sunday,0.11,1.41
fyHU6MwIjpM,Other,2023-07-15,1424.0,40160,119.0,26,3.07,Short,59,Saturday,0.3,3.55
UfyT0bu6UXM,Other,2023-07-15,1753.0,160661,29.0,19,1.97,Short,76,Saturday,0.02,1.09
95Ti9wi2ZcU,Other,2023-07-15,414.0,17447,20.0,18,0.33,Short,84,Saturday,0.11,2.37
X9Omi2mN8dw,Other,2023-07-14,741.0,35923,20.0,16,2.15,Short,92,Friday,0.06,2.06
6K23X4yzSu0,Other,2023-07-14,873.0,29025,57.0,24,2.97,Short,76,Friday,0.2,3.01
m9XlX1_DvOw,Announcement,2023-07-14,2751.0,166687,205.0,10,0.42,Short,42,Friday,0.12,1.65
wZKq533dA7Q,Other,2023-07-13,3808.0,192572,96.0,23,1.88,Short,74,Thursday,0.05,1.98
kdU3KG0bmO8,Other,2023-07-12,352.0,19872,9.0,23,2.28,Short,52,Wednesday,0.05,1.77
PMeos1276e0,Other,2023-07-12,570.0,28425,18.0,3,4.68,Short,65,Wednesday,0.06,2.01
71RbxZO7Cfw,Other,2023-07-12,976.0,66756,106.0,18,1.63,Short,90,Wednesday,0.16,1.46
6Nck8D7kPXg,Other,2023-07-11,2930.0,1656012,96.0,24,2.25,Short,82,Tuesday,0.01,0.18
fI8kZcg9rMs,Other,2023-07-11,584.0,55683,40.0,23,1.9,Short,47,Tuesday,0.07,1.05
zo61OZeQ0bA,Announcement,2023-07-11,826.0,32656,19.0,13,1.63,Short,85,Tuesday,0.06,2.53
jTcizgWhOzg,Action,2023-07-10,9896.0,1114962,271.0,20,3.17,Short,69,Monday,0.02,0.89
Rsld-zE8wo8,Other,2023-07-10,425.0,16796,27.0,21,1.67,Short,77,Monday,0.16,2.53
lifPq5SHQzs,Action,2023-07-10,13502.0,730051,362.0,23,1.97,Short,81,Monday,0.05,1.85
emrXiN13EfU,Other,2023-07-09,1481.0,93950,58.0,16,1.35,Short,75,Sunday,0.06,1.58
LLY90wAAnGY,Other,2023-07-09,326.0,17557,13.0,18,1.13,Short,87,Sunday,0.07,1.86
WNLbLCP_WnM,Other,2023-07-08,2052.0,633263,45.0,24,2.52,Short,62,Saturday,0.01,0.32
wfRvBUQLr8A,Other,2023-07-08,246.0,11052,12.0,13,2.75,Short,74,Saturday,0.11,2.23
pyHYmelUkc8,Clip,2023-07-08,109606.0,3395845,1171.0,26,14.78,Long,76,Saturday,0.03,3.23
hJ1Mgcf158o,Other,2023-07-07,1095.0,40266,43.0,21,1.68,Short,76,Friday,0.11,2.72
0gB8-zvLR9c,Other,2023-07-07,1845.0,92611,63.0,18,1.57,Short,91,Friday,0.07,1.99
9JeC3Ix2qP8,Other,2023-07-06,16877.0,1753289,256.0,18,2.2,Short,78,Thursday,0.01,0.96
vjfefv4OFxo,Romance,2023-07-06,6993.0,1037207,173.0,24,7.17,Short,81,Thursday,0.02,0.67
sAx4aq6396E,Teaser,2023-07-06,20976.0,21023434,752.0,18,2.03,Short,87,Thursday,0.0,0.1
QVVry_yMfG4,Teaser,2023-07-05,13103.0,347307,456.0,5,1.2,Short,63,Wednesday,0.13,3.77
gtw0nUU-mgg,Teaser,2023-07-05,36763.0,871437,1145.0,5,1.23,Short,57,Wednesday,0.13,4.22
7wM0fbdRFEg,Other,2023-07-05,436.0,21060,27.0,13,2.22,Short,88,Wednesday,0.13,2.07
SuGvRK4yL6Q,Other,2023-07-05,2193.0,155544,61.0,24,11.92,Long,95,Wednesday,0.04,1.41
JCQJHZIGvYk,Other,2023-07-04,634.0,83160,53.0,24,2.18,Short,83,Tuesday,0.06,0.76
2eemP_NYQag,Action,2023-07-04,2502.0,202822,55.0,17,2.03,Short,78,Tuesday,0.03,1.23
GAQJQf1crXg,Action,2023-07-04,691.0,18152,42.0,17,3.17,Short,66,Tuesday,0.23,3.81
EfWB1nEbiz4,Other,2023-07-03,368.0,27672,24.0,21,3.8,Short,79,Monday,0.09,1.33
KH7VvBU514Y,Other,2023-07-03,1352.0,89902,26.0,24,2.13,Short,76,Monday,0.03,1.5
FvDFAoCxIQ4,Other,2023-07-03,2855.0,666231,77.0,19,1.55,Short,89,Monday,0.01,0.43
0bGq_MOKgpA,Other,2023-07-02,17250.0,6194413,255.0,24,2.5,Short,82,Sunday,0.0,0.28
YElVi5qU-4w,Other,2023-07-02,5736.0,794133,164.0,15,1.67,Short,81,Sunday,0.02,0.72
OTd-_gudMi8,Other,2023-07-02,1963.0,128086,44.0,21,2.25,Short,79,Sunday,0.03,1.53
mdhbv-l1amc,Other,2023-07-01,2082.0,939287,68.0,24,1.62,Short,68,Saturday,0.01,0.22
3yo2HepXCXk,Interview,2023-07-01,19830.0,1248229,310.0,24,7.32,Short,76,Saturday,0.02,1.59
H7Q8nCSL96Y,Other,2023-07-01,1462.0,96239,34.0,18,2.67,Short,87,Saturday,0.04,1.52
T32PoFTCCxw,Action,2023-06-30,936.0,24442,35.0,23,1.68,Short,72,Friday,0.14,3.83
Zb5qxEYTIoo,Other,2023-06-30,13344.0,980075,83.0,19,2.35,Short,85,Friday,0.01,1.36
wBSWSVYpmVg,Clip,2023-06-30,612.0,25119,38.0,27,1.68,Short,87,Friday,0.15,2.44
SAhiAL6gUY0,Other,2023-06-29,735.0,47598,14.0,24,2.28,Short,94,Thursday,0.03,1.54
7ypSmC8KI7c,Other,2023-06-29,13814.0,415437,326.0,15,13.78,Long,96,Thursday,0.08,3.33
8jmjtOuSRnE,Teaser,2023-06-28,22968.0,2599509,459.0,37,2.58,Short,59,Wednesday,0.02,0.88
0Uf4OU_-A7Y,Other,2023-06-28,20634.0,2631038,658.0,22,2.88,Short,69,Wednesday,0.03,0.78
fE6m6pO4Dr8,Teaser,2023-06-28,4772.0,152195,91.0,43,9.02,Short,82,Wednesday,0.06,3.14
vVujNKlXMyc,Action,2023-06-27,383.0,18137,15.0,17,1.58,Short,67,Tuesday,0.08,2.11
-F--9JH2Q68,Other,2023-06-27,437.0,29619,46.0,13,1.55,Short,79,Tuesday,0.16,1.48
0Ricy6GjxGI,Other,2023-06-27,1267.0,137775,86.0,24,0.92,Short,80,Tuesday,0.06,0.92
Rmi06-v6v9s,Action,2023-06-26,7199.0,185788,121.0,21,6.62,Short,75,Monday,0.07,3.87
qNkSXj_v0qI,Other,2023-06-26,2159.0,95929,106.0,3,3.67,Short,88,Monday,0.11,2.25
z4Dn1WPxeVg,Other,2023-06-26,440.0,23322,38.0,24,0.97,Short,63,Monday,0.16,1.89
DDEWFCP28kA,Other,2023-06-25,6301.0,296988,228.0,28,6.27,Short,70,Sunday,0.08,2.12
75I9JpVZ4Jw,Other,2023-06-25,913.0,31468,31.0,15,2.07,Short,82,Sunday,0.1,2.9
9CjMGVyPAkk,Other,2023-06-25,427.0,50248,18.0,24,1.07,Short,86,Sunday,0.04,0.85
wiM15miRGIs,Teaser,2023-06-24,14460.0,516828,333.0,24,12.32,Long,80,Saturday,0.06,2.8
eaUxARBquBg,Other,2023-06-24,4078.0,647608,58.0,25,1.68,Short,67,Saturday,0.01,0.63
3JcMV0RnFXU,Other,2023-06-24,423.0,37301,18.0,24,0.95,Short,75,Saturday,0.05,1.13
3YdJnafb8bE,Teaser,2023-06-23,1624.0,187845,33.0,20,2.62,Short,69,Friday,0.02,0.86
Hh6vlP0xUPU,Action,2023-06-23,31577.0,1126431,468.0,17,7.72,Short,96,Friday,0.04,2.8
MJazi44WjYY,Romance,2023-06-23,551.0,46752,16.0,24,0.98,Short,89,Friday,0.03,1.18
2y7ETE_bmUw,Action,2023-06-22,28804.0,269422,1429.0,17,3.92,Short,88,Thursday,0.53,10.69
qrm6-j3mp3s,Clip,2023-06-22,680.0,25061,58.0,14,2.7,Short,66,Thursday,0.23,2.71
QwgjXfYGsOA,Other,2023-06-22,211.0,22769,6.0,15,1.1,Short,96,Thursday,0.03,0.93
p_E4byfklaM,Action,2023-06-21,61459.0,1628146,831.0,26,10.25,Long,94,Wednesday,0.05,3.77
DnSP-C_cMRA,Other,2023-06-21,936.0,66384,0.0,20,1.58,Short,71,Wednesday,0.0,1.41
Z3Z7RocQUXI,Teaser,2023-06-21,85775.0,34080292,3229.0,24,1.72,Short,49,Wednesday,0.01,0.25
KbTT-FrQCDc,Other,2023-06-20,318.0,28921,7.0,21,2.32,Short,53,Tuesday,0.02,1.1
w-LkJLyKO58,Other,2023-06-20,845.0,39637,27.0,24,1.9,Short,71,Tuesday,0.07,2.13
A5zOvZtn69I,Action,2023-06-20,1393.0,42006,48.0,17,3.12,Short,96,Tuesday,0.11,3.32
kfhv1YvOXFQ,Clip,2023-06-19,237.0,23003,34.0,6,2.83,Short,73,Monday,0.15,1.03
94gkR8ELtUs,Announcement,2023-06-19,1028.0,50492,92.0,25,1.68,Short,51,Monday,0.18,2.04
LAGshTBXBtM,Teaser,2023-06-19,774.0,36165,57.0,11,0.98,Short,37,Monday,0.16,2.14
7m3GUvofBto,Announcement,2023-06-19,405.0,32004,34.0,9,1.47,Short,54,Monday,0.11,1.27
9WHbqQXfdsM,Clip,2023-06-19,4959.0,192411,176.0,10,2.92,Short,53,Monday,0.09,2.58
FGRKs7wUG3Y,Other,2023-06-19,515.0,33021,31.0,7,1.88,Short,63,Monday,0.09,1.56
tW3CCMGQKB0,Other,2023-06-19,3486.0,136428,107.0,30,0.9,Short,68,Monday,0.08,2.56
Y6NUZrRV0ck,Other,2023-06-18,1346.0,52882,70.0,9,2.45,Short,63,Sunday,0.13,2.55
_Cwj5lzZkpw,Clip,2023-06-18,793.0,28002,36.0,34,2.65,Short,46,Sunday,0.13,2.83
JtO7c0N9Wjg,Teaser,2023-06-18,724.0,39271,50.0,22,1.85,Short,48,Sunday,0.13,1.84
do1VWq5s6z8,Teaser,2023-06-18,33951.0,1235115,776.0,25,1.73,Short,40,Sunday,0.06,2.75
JTAwY0TLnG8,Teaser,2023-06-18,15721.0,329865,1105.0,21,1.73,Short,43,Sunday,0.33,4.77
9WitWB7KU8E,Announcement,2023-06-18,16430.0,407617,629.0,32,1.77,Short,56,Sunday,0.15,4.03
DvNQwzzB8pg,Teaser,2023-06-18,45280.0,14176278,1617.0,43,2.67,Short,87,Sunday,0.01,0.32
PWyM1T7gOg8,Teaser,2023-06-18,1127.0,51141,46.0,40,2.67,Short,93,Sunday,0.09,2.2
VLjCc0BU95E,Teaser,2023-06-18,87008.0,34142858,3180.0,43,2.67,Short,94,Sunday,0.01,0.25
aSyhlYd3_i0,Teaser,2023-06-18,4895.0,194515,146.0,38,2.67,Short,93,Sunday,0.08,2.52
brnY4OS3cQk,Other,2023-06-17,44096.0,53451135,1516.0,17,171.42,Long,73,Saturday,0.0,0.08
yTv-IhYI3xc,Other,2023-06-17,6763.0,35012900,1387.0,23,1.45,Short,52,Saturday,0.0,0.02
GarfdYG6_5Y,Action,2023-06-17,1313.0,31353,45.0,17,2.27,Short,68,Saturday,0.14,4.19
1RgZ-T9LWLs,Other,2023-06-17,1245.0,105493,90.0,13,2.13,Short,87,Saturday,0.09,1.18
N7P87lj4INY,Other,2023-06-16,984.0,33669,77.0,12,9.48,Short,51,Friday,0.23,2.92
agn6db_sasc,Romance,2023-06-16,30311.0,1023973,204.0,16,4.52,Short,95,Friday,0.02,2.96
tm-MyVB0yBc,Action,2023-06-16,1622.0,46314,85.0,17,1.92,Short,86,Friday,0.18,3.5
7JTOLgAR9NQ,Other,2023-06-15,1431.0,169003,48.0,20,1.53,Short,73,Thursday,0.03,0.85
h_wWWmdI74o,Other,2023-06-15,1189.0,50731,23.0,16,1.47,Short,95,Thursday,0.05,2.34
cYT2fazdd74,Teaser,2023-06-15,1671.0,152024,232.0,13,2.02,Short,90,Thursday,0.15,1.1
g664XjBrTm4,Other,2023-06-14,130.0,7874,10.0,25,9.13,Short,59,Wednesday,0.13,1.65
_h0ZhMQsE84,Other,2023-06-14,11482.0,437940,307.0,16,1.57,Short,75,Wednesday,0.07,2.62
JyRYWcZSOW4,Other,2023-06-14,4512.0,484123,126.0,18,2.05,Short,59,Wednesday,0.03,0.93
emUCUS3IY6I,Teaser,2023-06-13,26676.0,656454,806.0,10,11.52,Long,69,Tuesday,0.12,4.06
28fp9yGcDmU,Other,2023-06-13,1148.0,94817,56.0,20,2.63,Short,75,Tuesday,0.06,1.21
FzSr2__39DU,Other,2023-06-13,587.0,28146,19.0,20,2.72,Short,69,Tuesday,0.07,2.09
mgF2PSweFgU,Clip,2023-06-12,255.0,15961,20.0,20,3.37,Short,57,Monday,0.13,1.6
p1lFPlMOmkw,Clip,2023-06-12,7053.0,308276,125.0,16,3.8,Short,84,Monday,0.04,2.29
CFPWuPfhfBw,Other,2023-06-12,21018.0,2088613,295.0,19,2.05,Short,54,Monday,0.01,1.01
8Fq-9EImz3s,Other,2023-06-11,231.0,12456,5.0,20,1.25,Short,58,Sunday,0.04,1.85
sVW0x6gDg0o,Other,2023-06-11,934.0,47187,23.0,16,1.7,Short,98,Sunday,0.05,1.98
Au8gzcxBqSQ,Other,2023-06-11,966.0,31028,30.0,24,1.37,Short,42,Sunday,0.1,3.11
VlbGoF0ux70,Other,2023-06-10,1805.0,128233,208.0,20,2.77,Short,46,Saturday,0.16,1.41
65eCq2Pn6fg,Romance,2023-06-10,830.0,26625,17.0,20,2.07,Short,95,Saturday,0.06,3.12
HxYttdJjkWs,Other,2023-06-10,1053.0,181071,19.0,20,0.9,Short,83,Saturday,0.01,0.58
P0tNmXZZDxQ,Other,2023-06-09,10371.0,662095,274.0,20,19.52,Long,82,Friday,0.04,1.57
KVrgh53ba6w,Other,2023-06-09,986.0,129284,27.0,20,1.43,Short,54,Friday,0.02,0.76
81xQJEIjKi0,Teaser,2023-06-09,7631.0,325179,292.0,10,2.73,Short,56,Friday,0.09,2.35
l0v-udbEM7o,Other,2023-06-08,505.0,52361,12.0,20,1.8,Short,84,Thursday,0.02,0.96
91XJalHC0J4,Teaser,2023-06-08,1889.0,55273,55.0,10,2.67,Short,41,Thursday,0.1,3.42
UZR3DEma3IM,Other,2023-06-08,7473.0,1248206,244.0,18,1.45,Short,66,Thursday,0.02,0.6
fqnxFTn4WTA,Other,2023-06-07,2579.0,183003,52.0,16,4.53,Short,84,Wednesday,0.03,1.41
qmEiwk_eTXg,Other,2023-06-07,765.0,53323,90.0,16,1.92,Short,84,Wednesday,0.17,1.43
2tDPigRqjD0,Announcement,2023-06-07,651.0,34339236,26.0,19,1.18,Short,82,Wednesday,0.0,0.0
izTngUteYvs,Other,2023-06-06,1031.0,49020,26.0,16,2.38,Short,72,Tuesday,0.05,2.1
4aanxonXWiM,Teaser,2023-06-06,43071.0,4673831,1445.0,18,0.95,Short,48,Tuesday,0.03,0.92
qX26rjHTGAw,Teaser,2023-06-05,3294.0,138457,115.0,37,1.88,Short,52,Monday,0.08,2.38
m-KJySTf3qM,Other,2023-06-05,184.0,18780,8.0,21,0.73,Short,81,Monday,0.04,0.98
qIzo5yFOl9s,Action,2023-06-05,769.0,56841,30.0,17,1.65,Short,74,Monday,0.05,1.35
ei2OBsBd6VE,Other,2023-06-04,321.0,20971,23.0,21,1.0,Short,79,Sunday,0.11,1.53
lNzZqCb4ero,Teaser,2023-06-04,13598.0,1414553,931.0,16,2.62,Short,76,Sunday,0.07,0.96
_MNlYyB51yg,Other,2023-06-03,3837.0,363093,120.0,19,2.87,Short,78,Saturday,0.03,1.06
DOhZXeMKk1A,Other,2023-06-03,2181.0,208908,65.0,20,2.0,Short,74,Saturday,0.03,1.04
hGq28_DzVEs,Horror,2023-06-02,6438.0,265097,145.0,20,1.25,Short,65,Friday,0.05,2.43
IcsjRBf8QgI,Other,2023-06-02,22257.0,584058,1488.0,21,6.72,Short,65,Friday,0.25,3.81
hotIDLKB9n8,Other,2023-06-02,228.0,33760,8.0,21,0.63,Short,83,Friday,0.02,0.68
jkPXivPRtRY,Teaser,2023-06-01,2371.0,285655,105.0,38,2.02,Short,68,Thursday,0.04,0.83
q2SqGGAkJYg,Other,2023-06-01,965.0,92242,59.0,22,3.03,Short,47,Thursday,0.06,1.05
h4LxfVwTAWc,Action,2023-06-01,1052.0,54358,93.0,22,3.07,Short,64,Thursday,0.17,1.94
YVv4ay7c27Q,Other,2023-05-31,11359.0,249667,215.0,18,5.52,Short,83,Wednesday,0.09,4.55
Q3jqSh-xptU,Other,2023-05-30,2360.0,280939,96.0,10,1.82,Short,88,Tuesday,0.03,0.84
p-L0XTflRQ0,Other,2023-05-30,316.0,23534,7.0,21,1.28,Short,89,Tuesday,0.03,1.34
Wi54zci9zfw,Other,2023-05-30,45593.0,2587320,1921.0,26,1.38,Short,95,Tuesday,0.07,1.76
3fJJyawyS04,Other,2023-05-29,1446.0,47656,26.0,14,1.98,Short,68,Monday,0.05,3.03
S4tIE7-jySY,Other,2023-05-29,724.0,22852,45.0,22,1.65,Short,71,Monday,0.2,3.17
pb9XrjnF_xc,Romance,2023-05-28,3715.0,367098,72.0,17,2.95,Short,89,Sunday,0.02,1.01
Um5k8z7qhKQ,Other,2023-05-28,393.0,24303,8.0,20,1.27,Short,90,Sunday,0.03,1.62
LKPzRyW1uao,Other,2023-05-28,359.0,19433,23.0,32,2.07,Short,78,Sunday,0.12,1.85
d_hVTiijxgQ,Other,2023-05-27,14088.0,4663235,200.0,20,3.75,Short,51,Saturday,0.0,0.3
aUlkbdiCsck,Other,2023-05-27,624.0,82864,38.0,21,2.38,Short,80,Saturday,0.05,0.75
Q4_C6HJgWMw,Clip,2023-05-26,905.0,32400,67.0,23,3.32,Short,43,Friday,0.21,2.79
V4naDX306kk,Other,2023-05-26,356.0,14910,15.0,25,0.68,Short,82,Friday,0.1,2.39
QG_JVx0JX0I,Other,2023-05-26,1731.0,119282,117.0,19,3.67,Short,61,Friday,0.1,1.45
ve1BBdqkbss,Teaser,2023-05-25,4298.0,143869,51.0,21,6.17,Short,67,Thursday,0.04,2.99
k4-dgimr47c,Action,2023-05-25,688.0,60233,33.0,30,2.02,Short,93,Thursday,0.05,1.14
MmMu26joBF4,Other,2023-05-25,239.0,15904,5.0,21,1.15,Short,78,Thursday,0.03,1.5
PFAF6iPbOiE,Comedy,2023-05-24,1353.0,141816,38.0,3,2.67,Short,81,Wednesday,0.03,0.95
rTdLfA0rVB0,Other,2023-05-23,4168.0,128895,175.0,23,4.87,Short,49,Tuesday,0.14,3.23
rHwpbzq4NQo,Other,2023-05-23,493.0,51831,17.0,22,2.2,Short,83,Tuesday,0.03,0.95
3IxJr2rj1Gk,Other,2023-05-23,245.0,13169,6.0,21,1.0,Short,91,Tuesday,0.05,1.86
YVq0L_I9tIk,Other,2023-05-22,5124.0,235582,261.0,23,3.12,Short,73,Monday,0.11,2.18
EMHCd0Hkno0,Other,2023-05-22,546.0,30260,26.0,19,2.23,Short,64,Monday,0.09,1.8
mcvodTyUGN8,Comedy,2023-05-21,853.0,41598,36.0,9,9.23,Short,95,Sunday,0.09,2.05
R05pi2fZEJ0,Action,2023-05-21,1691.0,83477,66.0,8,2.92,Short,88,Sunday,0.08,2.03
UcOpgGt06FE,Teaser,2023-05-21,18034.0,2273460,591.0,23,2.3,Short,71,Sunday,0.03,0.79
yIg9pqLnJo4,Other,2023-05-20,2976.0,155881,41.0,4,2.05,Short,40,Saturday,0.03,1.91
XZOr7Iv6VHQ,Other,2023-05-20,1156.0,127497,42.0,19,1.37,Short,92,Saturday,0.03,0.91
FxcoShDvTjA,Action,2023-05-20,554.0,26220,20.0,21,2.2,Short,64,Saturday,0.08,2.11
HWWUmUp9Prw,Other,2023-05-19,1587.0,49057,84.0,21,4.45,Short,51,Friday,0.17,3.24
4Q561Ji2miM,Action,2023-05-19,4598.0,159603,94.0,23,2.32,Short,72,Friday,0.06,2.88
OdW8OZXlOyE,Other,2023-05-19,451.0,26494,15.0,19,1.03,Short,81,Friday,0.06,1.7
h3LLNKAnzgU,Action,2023-05-18,2477.0,92271,113.0,28,1.52,Short,78,Thursday,0.12,2.68
rUaZDBU9f4s,Other,2023-05-18,985.0,186671,44.0,22,3.47,Short,69,Thursday,0.02,0.53
bm0vfvs4qY0,Teaser,2023-05-18,25781.0,1482173,500.0,25,2.42,Short,72,Thursday,0.03,1.74
UbKuuQ1R1GU,Behind the Scenes,2023-05-17,408.0,19358,17.0,22,5.48,Short,56,Wednesday,0.09,2.11
_f3wKup0zkQ,Action,2023-05-17,2303.0,4803185,56.0,17,2.62,Short,54,Wednesday,0.0,0.05
7ZPfcWx-NSQ,Action,2023-05-17,3602.0,5974509,68.0,17,2.62,Short,53,Wednesday,0.0,0.06
iWx_o5Iatpw,Action,2023-05-16,97318.0,38993179,1792.0,17,2.62,Short,53,Tuesday,0.0,0.25
LaI__Ikw4bU,Action,2023-05-16,41238.0,13289262,1095.0,17,2.62,Short,47,Tuesday,0.01,0.31
J-29KeRO_mo,Announcement,2023-05-16,504.0,21519,18.0,19,2.18,Short,60,Tuesday,0.08,2.34
nSwfXWbrTQM,Interview,2023-05-15,54281.0,2617937,1197.0,18,8.8,Short,73,Monday,0.05,2.07
mmnQzRP-NZ4,Teaser,2023-05-15,42950.0,41215044,1135.0,21,2.77,Short,92,Monday,0.0,0.1
9l1VA_AHHso,Other,2023-05-14,1350.0,119061,31.0,19,1.53,Short,85,Sunday,0.03,1.13
2Xhz54FJZmc,Other,2023-05-14,1350.0,106616,73.0,22,5.35,Short,94,Sunday,0.07,1.27
NBd_6H8Hq90,Other,2023-05-14,6876.0,499082,60.0,27,3.38,Short,56,Sunday,0.01,1.38
IdX-tjhPSEg,Other,2023-05-13,1796.0,82547,68.0,19,2.97,Short,80,Saturday,0.08,2.18
hdvXhTHCvqU,Other,2023-05-13,485.0,15979,24.0,3,2.2,Short,70,Saturday,0.15,3.04
GaG88xge7w0,Clip,2023-05-13,3491.0,349161,97.0,22,2.78,Short,77,Saturday,0.03,1.0
IK1L6HuiO1o,Other,2023-05-12,524.0,23971,30.0,22,1.08,Short,88,Friday,0.13,2.19
9mSOIWHNqQI,Other,2023-05-12,7709.0,910484,190.0,19,2.17,Short,78,Friday,0.02,0.85
1Bll53fBa9U,Teaser,2023-05-12,18850.0,1675119,1588.0,22,2.95,Short,75,Friday,0.09,1.13
GFFYIT0bJl0,Other,2023-05-11,470.0,14451,31.0,3,2.08,Short,79,Thursday,0.21,3.25
AzKS48uZW5c,Other,2023-05-11,2817.0,160852,84.0,19,1.92,Short,87,Thursday,0.05,1.75
laRU08JhXyQ,Announcement,2023-05-11,1308.0,1789060,105.0,4,1.18,Short,93,Thursday,0.01,0.07
nDTN_6TVqO4,Teaser,2023-05-10,2788.0,93902,83.0,15,2.32,Short,41,Wednesday,0.09,2.97
qjW47hWP_M4,Other,2023-05-10,14149.0,716162,133.0,19,1.63,Short,89,Wednesday,0.02,1.98
3w1byrEkaVU,Teaser,2023-05-10,690.0,29004,22.0,17,2.07,Short,66,Wednesday,0.08,2.38
SxoYOhoIrNE,Other,2023-05-09,591.0,38683,20.0,16,2.3,Short,88,Tuesday,0.05,1.53
ZgDowKiY5Pc,Clip,2023-05-09,1099.0,68934,51.0,19,2.53,Short,73,Tuesday,0.07,1.59
afNKt5YZ4SM,Other,2023-05-08,20565.0,898352,237.0,17,3.3,Short,84,Monday,0.03,2.29
qal4SrlWhOc,Clip,2023-05-08,5133.0,227167,157.0,29,3.1,Short,93,Monday,0.07,2.26
PrppRF_s3ow,Other,2023-05-07,29152.0,2083457,668.0,22,6.88,Short,94,Sunday,0.03,1.4
hPTOMRvIPPY,Other,2023-05-07,6911.0,852705,227.0,18,2.15,Short,84,Sunday,0.03,0.81
OP2IgkuBOgI,Other,2023-05-07,37664.0,2888474,1022.0,18,3.55,Short,97,Sunday,0.04,1.3
e27juJxYuhY,Other,2023-05-06,28126.0,1209128,486.0,20,19.07,Long,97,Saturday,0.04,2.33
Cma2rdP_3gw,Other,2023-05-06,1894.0,21547121,81.0,2,0.98,Short,56,Saturday,0.0,0.01
4jPBpasE2Bs,Other,2023-05-06,5248.0,151112,70.0,18,1.38,Short,64,Saturday,0.05,3.47
tWsueAPa_4Y,Announcement,2023-05-05,1292.0,56850,60.0,18,0.55,Short,76,Friday,0.11,2.27
JSL3Tg8Dp2s,Teaser,2023-05-05,16116.0,333538,291.0,20,6.93,Short,82,Friday,0.09,4.83
rPqleqxgCQA,Other,2023-05-05,3024.0,140091,63.0,25,2.03,Short,52,Friday,0.04,2.16
xMjQResh-FU,Other,2023-05-04,4539.0,281184,101.0,23,2.08,Short,82,Thursday,0.04,1.61
Wkqp8bs3Bro,Teaser,2023-05-04,67391.0,47658913,1380.0,17,2.5,Short,84,Thursday,0.0,0.14
wy8gJn7FkYA,Clip,2023-05-04,19474.0,1406637,440.0,18,2.8,Short,81,Thursday,0.03,1.38
QeRygvxUAMA,Other,2023-05-03,905.0,36420,35.0,5,2.08,Short,66,Wednesday,0.1,2.48
p3KveI1AA4M,Comedy,2023-05-03,2259.0,305923,38.0,17,4.75,Short,88,Wednesday,0.01,0.74
LM3ewLb_FQE,Announcement,2023-05-03,9389.0,402050,266.0,18,1.22,Short,100,Wednesday,0.07,2.34
b5ovmRIZyDw,Other,2023-05-02,1070.0,35262,28.0,25,2.02,Short,66,Tuesday,0.08,3.03
jaKlIex1xxg,Comedy,2023-05-02,648.0,26475,34.0,25,1.7,Short,65,Tuesday,0.13,2.45
JzGGF4JPFIQ,Teaser,2023-05-02,34908.0,2919993,721.0,18,3.53,Short,91,Tuesday,0.02,1.2
qD19n7oQgW8,Other,2023-05-01,484.0,23194,13.0,20,2.03,Short,77,Monday,0.06,2.09
ZN9gPmW1jbQ,Action,2023-05-01,701.0,48088,27.0,21,2.78,Short,57,Monday,0.06,1.46
Ur37_0zLXjg,Other,2023-05-01,19470.0,3078724,570.0,17,3.07,Short,92,Monday,0.02,0.63
HMIN-iSyn0c,Other,2023-04-30,4787.0,376183,64.0,16,1.83,Short,90,Sunday,0.02,1.27
GsBEQZVBTGs,Other,2023-04-30,66.0,17218,0.0,20,1.93,Short,49,Sunday,0.0,0.38
sM5HS86xUmo,Romance,2023-04-29,221.0,13899,11.0,23,5.53,Short,79,Saturday,0.08,1.59
WXBpfw3n3PM,Other,2023-04-29,1903.0,36677,245.0,29,3.55,Short,58,Saturday,0.67,5.19
fFhR5FkOkZE,Romance,2023-04-29,551.0,24877,15.0,22,1.7,Short,87,Saturday,0.06,2.21
WZAnm7jGkHQ,Romance,2023-04-28,210.0,14148,9.0,3,12.65,Long,83,Friday,0.06,1.48
WcOf-pvKGn0,Clip,2023-04-28,13911.0,782427,355.0,25,2.18,Short,71,Friday,0.05,1.78
6kX18aPivG8,Other,2023-04-27,853.0,79135,53.0,19,1.92,Short,79,Thursday,0.07,1.08
4Z-CTvIZkJQ,Romance,2023-04-27,641.0,33069,36.0,22,3.68,Short,98,Thursday,0.11,1.94
qm7zyCRGttc,Teaser,2023-04-27,5192.0,257688,174.0,31,2.22,Short,47,Thursday,0.07,2.01
kt5iia2_e8Q,Romance,2023-04-26,705.0,29738,33.0,20,4.03,Short,88,Wednesday,0.11,2.37
TAB5ET8NHlQ,Teaser,2023-04-26,16870.0,461824,428.0,10,0.98,Short,76,Wednesday,0.09,3.65
OaQ6HGvf8z4,Teaser,2023-04-25,33244.0,741179,1567.0,10,1.2,Short,70,Tuesday,0.21,4.49
h6EwNePf7QA,Other,2023-04-25,348.0,14439,34.0,17,1.5,Short,78,Tuesday,0.24,2.41
1M3XXSSP6DU,Announcement,2023-04-24,613.0,18240,58.0,19,1.17,Short,58,Monday,0.32,3.36
vj4Qy5wdypg,Romance,2023-04-24,591.0,34404,28.0,20,1.67,Short,86,Monday,0.08,1.72
D8MAFlbi-bc,Comedy,2023-04-24,456.0,24457,36.0,20,2.05,Short,97,Monday,0.15,1.86
PK-cjMcllKo,Other,2023-04-23,1003.0,42678,37.0,22,2.05,Short,88,Sunday,0.09,2.35
mrV8pKaXVII,Other,2023-04-23,1326.0,86649,35.0,19,1.58,Short,75,Sunday,0.04,1.53
eyAPRJ4Kcrg,Other,2023-04-22,646.0,44494,17.0,23,2.28,Short,97,Saturday,0.04,1.45
EoM9zU7xpK8,Other,2023-04-22,13366.0,354506,609.0,24,1.52,Short,69,Saturday,0.17,3.77
GkSRvTqAAgM,Romance,2023-04-22,513.0,29730,33.0,20,1.23,Short,97,Saturday,0.11,1.73
ytEP7D-e4e4,Other,2023-04-21,45928.0,2955863,565.0,15,2.07,Short,88,Friday,0.02,1.55
aMe8ZT9aNiY,Other,2023-04-21,5147.0,274588,95.0,21,1.22,Short,66,Friday,0.03,1.87
y-48dnxAKK0,Teaser,2023-04-20,781.0,47450,29.0,25,2.38,Short,61,Thursday,0.06,1.65
mgVNKIUuVQY,Teaser,2023-04-20,19122.0,1403951,608.0,25,2.4,Short,64,Thursday,0.04,1.36
RjaLnD9IQ3A,Romance,2023-04-20,1601.0,300596,49.0,20,1.52,Short,99,Thursday,0.02,0.53
ZEzWC5awflA,Romance,2023-04-19,387.0,20730,23.0,23,1.35,Short,68,Wednesday,0.11,1.87
7zazrSoDu1E,Announcement,2023-04-19,7075.0,290303,324.0,20,0.43,Short,88,Wednesday,0.11,2.44
ItnfuDxGEIo,Teaser,2023-04-18,8351.0,466080,371.0,30,2.63,Short,75,Tuesday,0.08,1.79
4UKoWRPnVD0,Interview,2023-04-18,353.0,14420,13.0,20,1.32,Short,66,Tuesday,0.09,2.45
oTKSutHH4uc,Other,2023-04-18,2913.0,154766,172.0,21,1.38,Short,70,Tuesday,0.11,1.88
6YkpnMSMPYg,Teaser,2023-04-17,3943.0,204590,151.0,15,2.68,Short,54,Monday,0.07,1.93
sEJa8iEjnNQ,Other,2023-04-17,562.0,23055,31.0,20,1.83,Short,79,Monday,0.13,2.44
xHdP5uGeJuA,Other,2023-04-17,43307.0,1690019,307.0,21,2.73,Short,88,Monday,0.02,2.56
M6eIjdzlD3M,Romance,2023-04-16,709.0,31083,53.0,23,7.73,Short,73,Sunday,0.17,2.28
NVxrt-6Jkvc,Other,2023-04-16,350.0,18006,16.0,21,1.47,Short,59,Sunday,0.09,1.94
Q8Me56RVBnI,Action,2023-04-16,7834.0,498775,233.0,21,1.7,Short,76,Sunday,0.05,1.57
Obmvd4KkzkY,Clip,2023-04-15,324.0,26217,19.0,26,2.23,Short,60,Saturday,0.07,1.24
jWlD2zwS1y4,Other,2023-04-15,3125.0,353300,143.0,21,6.58,Short,67,Saturday,0.04,0.88
ITEAFbreRxs,Romance,2023-04-14,259.0,20914,13.0,20,1.87,Short,95,Friday,0.06,1.24
gn2MfGg6PPo,Romance,2023-04-14,248.0,21334,18.0,23,1.4,Short,56,Friday,0.08,1.16
Or8WciMIhYc,Other,2023-04-14,10399.0,1936406,317.0,3,54.25,Long,99,Friday,0.02,0.54
vDXway71MNg,Announcement,2023-04-13,4241.0,405503,147.0,15,1.15,Short,68,Thursday,0.04,1.05
jd01Wqd3yNY,Teaser,2023-04-13,8804.0,915713,383.0,21,3.27,Short,73,Thursday,0.04,0.96
D9RweIJeKsk,Romance,2023-04-12,17461.0,627509,279.0,26,22.35,Long,92,Wednesday,0.04,2.78
74LFtUSsT0k,Romance,2023-04-12,24048.0,6830173,28.0,23,0.5,Short,66,Wednesday,0.0,0.35
3TUC3dJhSys,Romance,2023-04-12,900.0,47685,34.0,20,1.32,Short,96,Wednesday,0.07,1.89
S3KLLyrXQQA,Romance,2023-04-11,18650.0,5761903,11.0,23,0.5,Short,49,Tuesday,0.0,0.32
D0bGnIGPTSw,Romance,2023-04-11,34782.0,9846475,1072.0,20,2.07,Short,85,Tuesday,0.01,0.35
GbfexIVygoU,Other,2023-04-10,3367.0,21030321,104.0,11,0.98,Short,58,Monday,0.0,0.02
eN3oXFmLObM,Other,2023-04-10,2584.0,349189,57.0,22,2.13,Short,86,Monday,0.02,0.74
O9OoAog_8Xw,Romance,2023-04-09,220.0,13281,28.0,23,0.85,Short,70,Sunday,0.21,1.66
iCvu6JBTcQs,Romance,2023-04-08,434.0,39398,23.0,23,0.92,Short,67,Saturday,0.06,1.1
y4Zp8jcwT0M,Other,2023-04-08,996.0,23228,23.0,23,1.18,Short,75,Saturday,0.1,4.29
p6liXGShOzw,Other,2023-04-08,8206.0,718966,349.0,28,2.18,Short,91,Saturday,0.05,1.14
Y5anQksSCJU,Romance,2023-04-07,227.0,16623,10.0,23,1.68,Short,75,Friday,0.06,1.37
nn4lo-4kblU,Other,2023-04-07,434.0,21570,30.0,18,1.53,Short,75,Friday,0.14,2.01
JGtoqmAezi0,Teaser,2023-04-06,1217.0,83998,60.0,19,1.82,Short,63,Thursday,0.07,1.45
og1z2wb4UVk,Romance,2023-04-06,3405.0,162743,20.0,14,2.22,Short,84,Thursday,0.01,2.09
n7bEQz15-MA,Romance,2023-04-06,619.0,58636,63.0,2,0.75,Short,83,Thursday,0.11,1.06
FsVstXtZaOk,Action,2023-04-05,2502.0,43869,78.0,26,1.83,Short,65,Wednesday,0.18,5.7
8ahDHmFXoVI,Romance,2023-04-05,283.0,23552,28.0,23,2.15,Short,53,Wednesday,0.12,1.2
vG_7XVnjSf8,Action,2023-04-05,14603.0,510658,176.0,19,1.23,Short,93,Wednesday,0.03,2.86
6vxigcWl5-Q,Romance,2023-04-04,4305.0,288076,212.0,2,3.23,Short,88,Tuesday,0.07,1.49
7_UrmbOVEig,Action,2023-04-04,5159.0,329500,102.0,17,2.02,Short,61,Tuesday,0.03,1.57
9EEmDlYjRMs,Action,2023-04-04,7737.0,412691,209.0,17,2.02,Short,60,Tuesday,0.05,1.87
MPMMkFkyrUs,Action,2023-04-03,74538.0,2139687,1182.0,17,2.02,Short,60,Monday,0.06,3.48
_ajQow29I7U,Action,2023-04-03,165774.0,4100904,4114.0,17,2.02,Short,54,Monday,0.1,4.04
XokbU3onqeo,Other,2023-04-03,1079.0,160729,22.0,25,1.45,Short,82,Monday,0.01,0.67
GgQCluxK2G4,Clip,2023-04-02,414.0,17643,34.0,27,2.35,Short,72,Sunday,0.19,2.35
MqXMlKWghBY,Clip,2023-04-02,906.0,49500,22.0,25,2.23,Short,85,Sunday,0.04,1.83
oXtZYdnRtxk,Romance,2023-04-02,188.0,12393,9.0,2,0.68,Short,77,Sunday,0.07,1.52
xNkYMwDRYZA,Teaser,2023-04-01,5992.0,538603,242.0,18,2.15,Short,83,Saturday,0.04,1.11
Rc5kjAz52SU,Other,2023-04-01,578.0,31266,27.0,24,1.25,Short,61,Saturday,0.09,1.85
CRdDegCYxJM,Teaser,2023-03-31,4288.0,381509,183.0,3,2.45,Short,87,Friday,0.05,1.12
hwxEjGn3pZ8,Romance,2023-03-31,247.0,14520,14.0,2,0.68,Short,56,Friday,0.1,1.7
AuA4Gn7M5oE,Other,2023-03-30,1229.0,56630,27.0,23,3.58,Short,87,Thursday,0.05,2.17
XiWKun0nNws,Other,2023-03-29,412454.0,11971794,4591.0,21,6.68,Short,69,Wednesday,0.04,3.45
LGlnVdl5Pik,Drama,2023-03-29,17701.0,847139,293.0,19,2.53,Short,74,Wednesday,0.03,2.09
FKKP-oyLqGI,Other,2023-03-28,6940.0,629106,216.0,22,2.55,Short,93,Tuesday,0.03,1.1
YqwQVa9Y3X4,Romance,2023-03-28,226.0,16742,15.0,3,1.53,Short,98,Tuesday,0.09,1.35
WLwOzWNv2UI,Clip,2023-03-27,4041.0,142138,70.0,26,8.7,Short,86,Monday,0.05,2.84
B6KSTX6V1c0,Teaser,2023-03-27,1690.0,104517,80.0,22,2.32,Short,66,Monday,0.08,1.62
tO75CMHRvpQ,Other,2023-03-26,746.0,47176,38.0,19,1.6,Short,55,Sunday,0.08,1.58
6JSc4zGKXLk,Other,2023-03-26,434.0,20493,33.0,19,1.68,Short,83,Sunday,0.16,2.12
PJrnsLdx2xI,Other,2023-03-25,811.0,44549,21.0,25,4.15,Short,69,Saturday,0.05,1.82
P4Vbe0--5K0,Other,2023-03-24,1245.0,39207,114.0,3,1.83,Short,66,Friday,0.29,3.18
Wop1W77M4Bc,Other,2023-03-24,802.0,38373,31.0,3,1.88,Short,78,Friday,0.08,2.09
gGfuPYDbC5k,Other,2023-03-24,543.0,19829,21.0,3,2.02,Short,83,Friday,0.11,2.74
2mMWaZoYbYk,Other,2023-03-24,54.0,2539,1.0,3,2.32,Short,74,Friday,0.04,2.13
UBTK4Sv0JRA,Other,2023-03-24,51.0,2182,3.0,3,2.33,Short,80,Friday,0.14,2.34
vgXwN8f03xk,Other,2023-03-24,81.0,4804,4.0,3,2.33,Short,83,Friday,0.08,1.69
NoyTYjTse7M,Other,2023-03-24,85.0,4874,4.0,3,2.32,Short,81,Friday,0.08,1.74
tD2DBsAySdU,Other,2023-03-24,191.0,6451,9.0,3,2.33,Short,74,Friday,0.14,2.96
PXskzy6hZXQ,Other,2023-03-24,163.0,5024,6.0,3,2.33,Short,73,Friday,0.12,3.24
lMvgpKNguP0,Romance,2023-03-24,617.0,27788,29.0,19,1.18,Short,50,Friday,0.1,2.22
4HEj-vAlZ1Q,Romance,2023-03-24,1576.0,13966592,208.0,3,2.13,Short,96,Friday,0.0,0.01
cG9zi0Kxw4c,Other,2023-03-23,148.0,11460,9.0,20,1.72,Short,78,Thursday,0.08,1.29
1L81nCEpqH4,Romance,2023-03-23,334.0,17337,18.0,7,1.87,Short,88,Thursday,0.1,1.93
xxnC4XCvlJI,Other,2023-03-23,3691.0,330103,70.0,17,8.95,Short,85,Thursday,0.02,1.12
KMTi1Xxl89c,Announcement,2023-03-23,861.0,54785,20.0,25,0.52,Short,76,Thursday,0.04,1.57
YL4ZQ12KY2k,Other,2023-03-22,756.0,39655,38.0,19,0.5,Short,89,Wednesday,0.1,1.91
d_XcuGcYpss,Other,2023-03-22,545.0,21562,10.0,24,0.52,Short,62,Wednesday,0.05,2.53
ZINSfzinGdo,Other,2023-03-22,1446.0,103121,37.0,23,2.15,Short,57,Wednesday,0.04,1.4
JznZDt985Mc,Other,2023-03-21,48473.0,1083725,588.0,21,8.73,Short,94,Tuesday,0.05,4.47
JfnaJj6OX2k,Other,2023-03-21,879.0,38740,29.0,24,0.62,Short,66,Tuesday,0.07,2.27
VANN_vGgzz8,Other,2023-03-21,41505.0,2134074,1192.0,24,2.55,Short,96,Tuesday,0.06,1.94
g--nd_gTh5o,Other,2023-03-20,1676.0,260046,52.0,19,0.5,Short,79,Monday,0.02,0.64
cOQnb2YMEII,Other,2023-03-20,1178.0,96275,21.0,19,1.57,Short,87,Monday,0.02,1.22
VbyGyFwfHMw,Romance,2023-03-20,5857.0,514357,167.0,20,1.22,Short,83,Monday,0.03,1.14
RnLgwXCPgY4,Announcement,2023-03-20,1677.0,79514,37.0,22,1.53,Short,87,Monday,0.05,2.11
LtkHxMvC3X4,Other,2023-03-19,538.0,31810,17.0,23,1.9,Short,52,Sunday,0.05,1.69
BnLFs1ENYhg,Other,2023-03-19,604.0,26894,17.0,19,1.45,Short,58,Sunday,0.06,2.25
x8-GyWpRRB4,Other,2023-03-18,2439.0,230674,78.0,16,1.82,Short,93,Saturday,0.03,1.06
gj8pFchESns,Other,2023-03-18,624.0,25506,20.0,19,1.23,Short,61,Saturday,0.08,2.45
BhPZ80oC5xo,Other,2023-03-18,3140.0,326606,84.0,23,2.43,Short,59,Saturday,0.03,0.96
oTI7SVOWIQI,Teaser,2023-03-17,1135.0,64844,97.0,36,1.93,Short,51,Friday,0.15,1.75
H1YR5rsScC8,Song,2023-03-17,864904.0,152448025,19960.0,21,3.57,Short,88,Friday,0.01,0.57
Ge-M-B8v2Ys,Other,2023-03-16,712.0,47208,39.0,19,1.97,Short,74,Thursday,0.08,1.51
x0U81-o8-1I,Other,2023-03-16,436.0,191365,19.0,16,1.63,Short,83,Thursday,0.01,0.23
VBdM_KfhW4k,Song,2023-03-16,62187.0,1607919,1411.0,25,3.0,Short,85,Thursday,0.09,3.87
yGnxbwfDFr4,Teaser,2023-03-15,12951.0,1443418,478.0,23,2.9,Short,64,Wednesday,0.03,0.9
2tbVKoJ6dMQ,Other,2023-03-15,1443.0,65131,29.0,21,2.4,Short,93,Wednesday,0.04,2.22
35PhUyywOgc,Announcement,2023-03-15,214902.0,4134062,6695.0,12,1.02,Short,89,Wednesday,0.16,5.2
BVXLIpxzoo0,Other,2023-03-14,946.0,60443,35.0,20,0.5,Short,54,Tuesday,0.06,1.57
dhhdDElbxUQ,Announcement,2023-03-14,20806.0,1287893,1445.0,19,0.98,Short,89,Tuesday,0.11,1.62
oCJiDfs9hKw,Teaser,2023-03-14,10786.0,1261436,273.0,23,2.52,Short,65,Tuesday,0.02,0.86
ahK67chVTgA,Teaser,2023-03-14,11566.0,1461228,267.0,23,2.12,Short,68,Tuesday,0.02,0.79
-8t6vmKYfJE,Other,2023-03-13,1545.0,41483,49.0,26,5.65,Short,85,Monday,0.12,3.72
LmXVcttdMAI,Other,2023-03-13,1711.0,65654,116.0,22,1.05,Short,98,Monday,0.18,2.61
mux8fFtS_oI,Drama,2023-03-13,810.0,48415,33.0,20,1.17,Short,71,Monday,0.07,1.67
ubP7tgmdXTs,Other,2023-03-12,3140.0,433484,91.0,20,1.27,Short,80,Sunday,0.02,0.72
Vmlk76cBi1Y,Other,2023-03-12,29259.0,1578678,570.0,22,4.25,Short,71,Sunday,0.04,1.85
tsniy3mbzfg,Other,2023-03-11,1435.0,67786,35.0,19,0.25,Short,74,Saturday,0.05,2.12
Wp6xoS7TJtE,Interview,2023-03-11,24740.0,1652946,612.0,20,7.52,Short,85,Saturday,0.04,1.5
a8c05ytH0MI,Other,2023-03-10,4947.0,368720,151.0,24,7.75,Short,96,Friday,0.04,1.34
IBoluGzBXDQ,Clip,2023-03-10,6142.0,213103,237.0,26,2.17,Short,41,Friday,0.11,2.88
gLj4gds9170,Other,2023-03-09,1885.0,219177,46.0,22,1.5,Short,67,Thursday,0.02,0.86
FWAwJm95Yb4,Other,2023-03-09,713.0,36263,18.0,22,0.25,Short,67,Thursday,0.05,1.97
ZT2P__EQqUE,Teaser,2023-03-09,17971.0,2099947,451.0,16,1.8,Short,73,Thursday,0.02,0.86
zjxSX5Uy7dE,Other,2023-03-08,22995.0,1361114,1275.0,28,6.58,Short,76,Wednesday,0.09,1.69
NFugIg6TvA4,Other,2023-03-08,1179.0,468218,20.0,21,1.67,Short,73,Wednesday,0.0,0.25
Tw7fXfk8QoQ,Other,2023-03-08,1337.0,57913,16.0,19,2.98,Short,88,Wednesday,0.03,2.31
P0Hlxa89Q5E,Other,2023-03-07,697.0,23336,26.0,25,1.48,Short,72,Tuesday,0.11,2.99
bm9jJxf1wIU,Other,2023-03-07,1607.0,122232,31.0,21,0.88,Short,82,Tuesday,0.03,1.31
iuOIamFUl3w,Other,2023-03-07,47615.0,5980173,621.0,21,1.67,Short,60,Tuesday,0.01,0.8
HkKOnsoumrA,Romance,2023-03-06,1856.0,34105,106.0,27,1.9,Short,79,Monday,0.31,5.44
i5pfmFv5ak8,Other,2023-03-06,1391.0,77490,45.0,3,1.75,Short,65,Monday,0.06,1.8
xfMMbKekDbg,Announcement,2023-03-06,9475.0,386931,759.0,27,0.53,Short,45,Monday,0.2,2.45
Tk8VD-_2-p0,Teaser,2023-03-05,1912.0,364027,52.0,27,2.6,Short,90,Sunday,0.01,0.53
ystaQs8CaxQ,Other,2023-03-05,8870.0,760139,289.0,21,1.77,Short,64,Sunday,0.04,1.17
0B4fbzWGub4,Teaser,2023-03-04,111073.0,22875183,1835.0,21,2.03,Short,98,Saturday,0.01,0.49
Dwh5nGK3yog,Other,2023-03-04,179.0,11728,8.0,22,0.47,Short,90,Saturday,0.07,1.53
vaSeiQihCCo,Other,2023-03-04,604.0,25894,21.0,22,0.92,Short,51,Saturday,0.08,2.33
q0ChFyakQ8U,Other,2023-03-03,4545.0,250991,122.0,19,17.13,Long,62,Friday,0.05,1.81
HmFozS_W2vw,Other,2023-03-03,2810.0,171015,88.0,17,1.63,Short,82,Friday,0.05,1.64
BWc072emCiA,Other,2023-03-03,462.0,19261,7.0,22,0.33,Short,82,Friday,0.04,2.4
Jx3LgPUJ2KY,Other,2023-03-02,2153.0,176965,88.0,20,1.8,Short,86,Thursday,0.05,1.22
xm4F6UfMGQY,Action,2023-03-02,19284.0,3580582,372.0,19,2.47,Short,71,Thursday,0.01,0.54
xa7B8zaz_qI,Romance,2023-03-01,652.0,35402,30.0,24,1.17,Short,94,Wednesday,0.08,1.84
pSxGiBaEK7s,Teaser,2023-03-01,2283.0,57250,79.0,18,1.32,Short,76,Wednesday,0.14,3.99
wbEWbAKo29Q,Teaser,2023-03-01,34895.0,34825807,615.0,1,2.62,Short,99,Wednesday,0.0,0.1
pYYfB46TBrY,Clip,2023-02-28,13939.0,1624083,410.0,19,2.28,Short,68,Tuesday,0.03,0.86
XghT979JPH8,Teaser,2023-02-27,1112.0,29409,53.0,17,0.42,Short,50,Monday,0.18,3.78
5AU148PLSPk,Other,2023-02-27,44198.0,2740416,916.0,21,1.75,Short,77,Monday,0.03,1.61
qw0vlak0l08,Clip,2023-02-26,1910.0,169608,0.0,20,1.87,Short,69,Sunday,0.0,1.13
AIdMYKIrHFw,Teaser,2023-02-26,32029.0,2636226,776.0,19,2.97,Short,76,Sunday,0.03,1.21
laXTHrIKuPM,Other,2023-02-25,625.0,20502,26.0,21,1.2,Short,67,Saturday,0.13,3.05
BFYbS9SbwzM,Clip,2023-02-25,504.0,20679,43.0,20,2.53,Short,76,Saturday,0.21,2.44
vMj2QmkUbB4,Comedy,2023-02-24,4916.0,122222,129.0,18,1.88,Short,97,Friday,0.11,4.02
KfWQ_1QnJlI,Other,2023-02-24,487.0,28118,35.0,19,1.17,Short,60,Friday,0.12,1.73
IPjd45BF3rc,Other,2023-02-24,570.0,26453,19.0,22,0.5,Short,68,Friday,0.07,2.15
Z1cYHzTqi3c,Other,2023-02-23,1788.0,92730,146.0,20,2.87,Short,70,Thursday,0.16,1.93
M8gnbjvFbas,Other,2023-02-23,683.0,25374,10.0,22,0.33,Short,79,Thursday,0.04,2.69
N7Umj8o9zpg,Other,2023-02-22,1548.0,128862,72.0,20,2.05,Short,60,Wednesday,0.06,1.2
kwx27DFWadE,Other,2023-02-22,948.0,38167,42.0,22,1.42,Short,93,Wednesday,0.11,2.48
59lZsvLBNAU,Other,2023-02-21,8856.0,816102,200.0,15,1.22,Short,77,Tuesday,0.02,1.09
pCgO0qDBwYE,Teaser,2023-02-21,2494.0,235762,132.0,27,9.35,Short,61,Tuesday,0.06,1.06
WGXmBluLB6U,Other,2023-02-20,922.0,49511,23.0,27,6.17,Short,95,Monday,0.05,1.86
2Ek46H32Yts,Other,2023-02-20,7290.0,941622,288.0,20,2.3,Short,73,Monday,0.03,0.77
6TIro1mQRfA,Other,2023-02-20,19210.0,642268,384.0,18,1.02,Short,53,Monday,0.06,2.99
wXE5HSs4NyI,Other,2023-02-19,5543.0,465449,160.0,27,6.25,Short,63,Sunday,0.03,1.19
wHuVrvcihLg,Teaser,2023-02-19,417.0,23909,13.0,7,5.58,Short,56,Sunday,0.05,1.74
mh9mvqmAYs8,Teaser,2023-02-18,6952.0,574546,403.0,13,1.85,Short,72,Saturday,0.07,1.21
ZJYChbD58dE,Announcement,2023-02-18,1928.0,196219,143.0,22,65.5,Long,89,Saturday,0.07,0.98
rcM6VL_3EQo,Teaser,2023-02-17,2605.0,257415,246.0,20,3.88,Short,92,Friday,0.1,1.01
cjv5xDgu4X0,Other,2023-02-17,13022.0,1134097,373.0,27,8.02,Short,56,Friday,0.03,1.15
DL8Co9_yP-8,Teaser,2023-02-16,16227.0,306718,269.0,19,5.75,Short,53,Thursday,0.09,5.29
fafdLIc_alw,Other,2023-02-16,20466.0,1508099,366.0,24,2.1,Short,55,Thursday,0.02,1.36
7OO5uGvNZpM,Teaser,2023-02-15,53490.0,12624557,936.0,22,2.62,Short,81,Wednesday,0.01,0.42
FN9aqMPiyLQ,Teaser,2023-02-15,45899.0,3685846,1188.0,22,2.62,Short,85,Wednesday,0.03,1.25
leFc0WG_gSE,Clip,2023-02-15,13360.0,951402,586.0,26,7.47,Short,57,Wednesday,0.06,1.4
nB-cmvXnWV0,Other,2023-02-14,6377.0,314145,139.0,11,5.9,Short,96,Tuesday,0.04,2.03
W4h3met8-oM,Romance,2023-02-14,520.0,16524,34.0,24,1.25,Short,54,Tuesday,0.21,3.15
UcRMb6NiGYs,Other,2023-02-14,472.0,12586,12.0,19,1.7,Short,52,Tuesday,0.1,3.75
tjIW-FwKjpk,Romance,2023-02-14,369.0,10679,16.0,17,1.78,Short,59,Tuesday,0.15,3.46
EiMM64BSo4k,Clip,2023-02-13,61037.0,3307564,952.0,17,1.33,Short,88,Monday,0.03,1.85
6EFW-JQhC_c,Other,2023-02-13,14424.0,980389,430.0,26,9.6,Short,54,Monday,0.04,1.47
TgtpBaaLoTI,Other,2023-02-12,281.0,16693,11.0,27,2.65,Short,58,Sunday,0.07,1.68
72jUhFeEOnE,Clip,2023-02-12,465.0,42021,21.0,20,1.75,Short,73,Sunday,0.05,1.11
Uy2qG7VwNS0,Romance,2023-02-11,241.0,15449,24.0,19,5.22,Short,68,Saturday,0.16,1.56
Ts6PRg5DU84,Drama,2023-02-11,407.0,18757,36.0,27,0.33,Short,72,Saturday,0.19,2.17
l_ADBwUYbZc,Clip,2023-02-11,14504.0,1151249,365.0,24,2.07,Short,50,Saturday,0.03,1.26
9UHjYdsmBYY,Other,2023-02-10,4392.0,290376,185.0,27,2.57,Short,72,Friday,0.06,1.51
aKgX-SEQaAc,Other,2023-02-10,1267.0,56422,72.0,20,1.27,Short,83,Friday,0.13,2.25
iJ3PDnrdtfw,Other,2023-02-10,80806.0,2239170,3107.0,25,6.32,Short,77,Friday,0.14,3.61
OfOdWk2aLwc,Romance,2023-02-09,832.0,44363,50.0,27,0.35,Short,99,Thursday,0.11,1.88
Buup5qUHmEI,Clip,2023-02-09,45833.0,2951560,1039.0,24,2.18,Short,54,Thursday,0.04,1.55
9NqAb_jZCu4,Other,2023-02-08,32992.0,1103910,945.0,30,12.75,Long,59,Wednesday,0.09,2.99
nCvXx5SCtDo,Song,2023-02-08,3122.0,143027,305.0,29,32.35,Long,72,Wednesday,0.21,2.18
X1HOCvfPmQg,Announcement,2023-02-07,150704.0,3701063,3165.0,28,0.88,Short,37,Tuesday,0.09,4.07
ggiLCd5-tpE,Song,2023-02-07,1224.0,50335,68.0,27,1.37,Short,96,Tuesday,0.14,2.43
DVoL4T9hXEo,Other,2023-02-07,2431.0,92644,139.0,26,1.98,Short,90,Tuesday,0.15,2.62
nI9TBoMlmv4,Teaser,2023-02-06,32301.0,1520529,881.0,3,2.12,Short,71,Monday,0.06,2.12
Bi2hMGJpRJA,Other,2023-02-05,2290.0,147388,0.0,23,1.27,Short,66,Sunday,0.0,1.55
CwA1ok3ZIjA,Behind the Scenes,2023-02-05,833.0,29267,31.0,22,2.35,Short,78,Sunday,0.11,2.85
C02x4zwYrFM,Other,2023-02-05,431.0,19996,65.0,27,0.33,Short,79,Sunday,0.33,2.16
eAIfCdeN1zM,Action,2023-02-04,1304.0,76064,88.0,19,2.93,Short,85,Saturday,0.12,1.71
w6cmCoLOaxk,Clip,2023-02-04,977.0,51598,35.0,22,1.65,Short,96,Saturday,0.07,1.89
8W0WrUcuVpM,Other,2023-02-03,1515.0,94583,170.0,27,0.82,Short,73,Friday,0.18,1.6
Z9jmYkkteTg,Announcement,2023-02-03,13654.0,472283,235.0,24,1.53,Short,81,Friday,0.05,2.89
C5ppQpI09hw,Teaser,2023-02-02,20836.0,1574078,471.0,17,2.87,Short,68,Thursday,0.03,1.32
fZJ10Uc-J_Y,Romance,2023-02-02,2917.0,121880,115.0,20,1.58,Short,70,Thursday,0.09,2.39
Zfi1Kjvgk-E,Other,2023-02-02,35864.0,2259697,308.0,20,5.82,Short,79,Thursday,0.01,1.59
k3LXdrHa7Dw,Action,2023-02-01,2539.0,81708,59.0,19,3.03,Short,97,Wednesday,0.07,3.11
myG0f2RKizY,Teaser,2023-02-01,44404.0,40328282,1361.0,26,2.4,Short,93,Wednesday,0.0,0.11
6-QyjCdUDRY,Clip,2023-01-31,4020.0,542196,116.0,25,2.17,Short,70,Tuesday,0.02,0.74
OX1L6tQ6J-I,Song,2023-01-31,1703.0,105189,49.0,27,0.77,Short,83,Tuesday,0.05,1.62
jkD19aWrSQk,Action,2023-01-31,9480.0,312458,276.0,20,1.53,Short,70,Tuesday,0.09,3.03
D23eWbt_rW0,Teaser,2023-01-30,7659.0,770545,243.0,27,2.65,Short,51,Monday,0.03,0.99
IGQuk2vkAgA,Action,2023-01-30,17163.0,1076358,233.0,19,6.45,Short,98,Monday,0.02,1.59
EbMI1B76pBs,Teaser,2023-01-30,4633.0,3273886,286.0,27,1.33,Short,37,Monday,0.01,0.14
pD03VK-c-nk,Teaser,2023-01-29,888.0,38820,43.0,28,1.38,Short,87,Sunday,0.11,2.29
P2PR8_M-sO0,Clip,2023-01-29,2102.0,127869,77.0,22,1.65,Short,95,Sunday,0.06,1.64
77jiph_JMNI,Teaser,2023-01-28,17829.0,2570136,493.0,20,1.77,Short,50,Saturday,0.02,0.69
s3FSbWQKBHc,Other,2023-01-28,984.0,42517,75.0,28,0.33,Short,46,Saturday,0.18,2.31
0zrN9Ody4HI,Other,2023-01-27,794.0,38351,36.0,23,1.18,Short,73,Friday,0.09,2.07
uhkKade5Qyc,Teaser,2023-01-27,14322.0,1115003,480.0,20,2.45,Short,85,Friday,0.04,1.28
4Gdmd4nqQig,Action,2023-01-27,15527.0,1376039,435.0,19,2.95,Short,87,Friday,0.03,1.13
A0UiDOXMkLE,Other,2023-01-26,3636.0,234657,138.0,24,1.52,Short,87,Thursday,0.06,1.55
A9ObVE9sU6I,Other,2023-01-26,424.0,15055,25.0,23,0.78,Short,72,Thursday,0.17,2.82
Eq3k0cuTU4A,Teaser,2023-01-26,893.0,45170,87.0,28,0.25,Short,48,Thursday,0.19,1.98
5X7fMusu_2c,Other,2023-01-25,42162.0,1376138,912.0,23,19.75,Long,73,Wednesday,0.07,3.06
4_OImLGBv24,Other,2023-01-25,1167.0,7413710,54.0,12,0.75,Short,91,Wednesday,0.0,0.02
leGMSgSeU-Q,Action,2023-01-24,2048.0,205542,77.0,22,2.08,Short,61,Tuesday,0.04,1.0
Hkf7n7m_KgY,Teaser,2023-01-24,1732.0,82959,59.0,18,2.77,Short,54,Tuesday,0.07,2.09
jL-a-OfJnGw,Action,2023-01-23,8466.0,972068,206.0,18,2.33,Short,59,Monday,0.02,0.87
TiI8eKh7q20,Other,2023-01-23,21888.0,1524181,1020.0,22,1.73,Short,97,Monday,0.07,1.44
z6XRVucW60o,Other,2023-01-22,425.0,19238,35.0,19,1.4,Short,63,Sunday,0.18,2.21
0AyGdBtMiFQ,Other,2023-01-22,71977.0,2912554,1048.0,23,17.23,Long,74,Sunday,0.04,2.47
88qEJgxMJGM,Other,2023-01-21,662.0,40865,50.0,10,1.92,Short,47,Saturday,0.12,1.62
hSn-rIIgJXI,Teaser,2023-01-21,36822.0,2166612,752.0,15,1.8,Short,65,Saturday,0.03,1.7
joW_Bcv-iSw,Other,2023-01-20,45011.0,1464227,1485.0,21,14.92,Long,79,Friday,0.1,3.07
Dm70ALp_NpA,Other,2023-01-20,1505.0,9471053,60.0,9,1.0,Short,73,Friday,0.0,0.02
nMEI_nRoLGU,Teaser,2023-01-19,11735.0,933493,341.0,3,2.58,Short,83,Thursday,0.04,1.26
1kHRsco6zGo,Teaser,2023-01-19,4815.0,593833,189.0,20,2.73,Short,84,Thursday,0.03,0.81
FwNcXWKWyPo,Other,2023-01-19,697.0,24595,31.0,23,4.07,Short,66,Thursday,0.13,2.83
3LirGynUMJg,Action,2023-01-18,11905.0,325029,670.0,30,2.37,Short,91,Wednesday,0.21,3.66
7rp77ZWhBzc,Other,2023-01-18,5064.0,1018373,111.0,9,1.18,Short,89,Wednesday,0.01,0.5
PNScZcNPI1g,Teaser,2023-01-18,11585.0,409409,361.0,27,5.87,Short,64,Wednesday,0.09,2.83
uE7kpMO_9f8,Other,2023-01-17,25758.0,741492,390.0,23,16.92,Long,62,Tuesday,0.05,3.47
nuSMGtZhsAc,Teaser,2023-01-17,47020.0,34150133,5101.0,27,2.4,Short,40,Tuesday,0.01,0.14
S4UfmiXlXho,Other,2023-01-16,2426.0,136118,80.0,25,2.25,Short,84,Monday,0.06,1.78
vZJASzdeH-s,Other,2023-01-16,1387709.0,45260030,21261.0,26,20.95,Long,54,Monday,0.05,3.07
CQFGa85ae8o,Action,2023-01-15,2208.0,42344,153.0,25,1.32,Short,48,Sunday,0.36,5.21
wH9m_3ZfeRg,Other,2023-01-15,5861.0,879651,272.0,15,52.78,Long,86,Sunday,0.03,0.67
l3-l_ycYGx4,Horror,2023-01-14,22380.0,480467,736.0,20,0.85,Short,72,Saturday,0.15,4.66
r52R-HANcXE,Other,2023-01-14,22033.0,3737574,327.0,22,1.75,Short,93,Saturday,0.01,0.59
NkQVkrf24Oc,Other,2023-01-13,398.0,25096,19.0,21,1.82,Short,61,Friday,0.08,1.59
Sb8sasFaRTM,Other,2023-01-13,2850.0,3999302,180.0,16,1.03,Short,67,Friday,0.0,0.07
qBsDLxGLRKM,Horror,2023-01-12,1684.0,131951,151.0,17,1.78,Short,63,Thursday,0.11,1.28
Rb45XC4qyCI,Other,2023-01-12,988.0,35621,31.0,22,1.7,Short,85,Thursday,0.09,2.77
J2qMuPQtv0c,Clip,2023-01-11,75537.0,2790121,848.0,24,17.5,Long,64,Wednesday,0.03,2.71
fJI-f7GUIvk,Other,2023-01-10,608.0,87852,37.0,14,1.87,Short,52,Tuesday,0.04,0.69
XSAtNxlMOA0,Other,2023-01-10,1281.0,45615,70.0,20,3.07,Short,95,Tuesday,0.15,2.81
Gw77Nx4eBMc,Teaser,2023-01-09,237278.0,39824983,13991.0,9,2.48,Short,87,Monday,0.04,0.6
l9VMb73YAns,Clip,2023-01-09,252.0,15142,7.0,16,2.38,Short,85,Monday,0.05,1.66
ZUKwI90ZOGU,Romance,2023-01-08,1456.0,121973,63.0,15,1.22,Short,86,Sunday,0.05,1.19
yBOFZ2WiJdE,Action,2023-01-08,68298.0,9975630,1504.0,20,2.07,Short,59,Sunday,0.02,0.68
zUCKQY7ptqc,Other,2023-01-07,462.0,17835,30.0,14,3.02,Short,59,Saturday,0.17,2.59
1aaSA9ltzXw,Other,2023-01-07,8547.0,581891,184.0,10,10.82,Long,91,Saturday,0.03,1.47
t-ZSOyTiptg,Announcement,2023-01-06,17995.0,1058881,599.0,5,0.75,Short,56,Friday,0.06,1.7
AizQ0QEeNTQ,Teaser,2023-01-06,931.0,56753,34.0,17,1.97,Short,79,Friday,0.06,1.64
08alafhCRKU,Teaser,2023-01-06,88367.0,5038907,2408.0,9,1.88,Short,63,Friday,0.05,1.75
a7ckcJZkwH8,Teaser,2023-01-05,14327.0,1648877,216.0,20,2.13,Short,82,Thursday,0.01,0.87
d0IJCN7zOzQ,Other,2023-01-05,871.0,68093,45.0,7,1.67,Short,58,Thursday,0.07,1.28
7rMFBiglRXI,Teaser,2023-01-04,37155.0,2841419,778.0,11,2.08,Short,48,Wednesday,0.03,1.31
C0loBeUpcGg,Other,2023-01-03,8146.0,922402,225.0,16,2.25,Short,57,Tuesday,0.02,0.88
hvxhCW_7TD4,Other,2023-01-03,357.0,14346,17.0,22,2.9,Short,98,Tuesday,0.12,2.49
ENfn439YJ44,Other,2023-01-03,3224.0,456696,370.0,17,1.7,Short,38,Tuesday,0.08,0.71
7jIwqnRiBzw,Clip,2023-01-02,2184.0,103248,66.0,18,1.62,Short,79,Monday,0.06,2.12
n0LtZ1c0J3s,Other,2023-01-02,6699.0,208168,298.0,10,13.37,Long,60,Monday,0.14,3.22
CIOeP9UElrM,Other,2023-01-01,452.0,30865,0.0,30,1.63,Short,61,Sunday,0.0,1.46
zd7086wO_HA,Other,2023-01-01,1505.0,236221,127.0,6,2.22,Short,63,Sunday,0.05,0.64
ETVx8JvY95k,Other,2022-12-31,476.0,23424,18.0,3,1.75,Short,73,Saturday,0.08,2.03
qqvzfuwoNUU,Clip,2022-12-31,910.0,43726,37.0,10,2.05,Short,79,Saturday,0.08,2.08
fl6T_UcHbes,Interview,2022-12-30,1821.0,314110,54.0,20,2.28,Short,61,Friday,0.02,0.58
RX9sn_BRxZs,Teaser,2022-12-30,20101.0,1931514,869.0,6,2.13,Short,70,Friday,0.04,1.04
NFRpbFliMjM,Other,2022-12-29,7681.0,406429,334.0,26,2.07,Short,58,Thursday,0.08,1.89
5X7JJGQK6o0,Other,2022-12-29,384.0,34038,32.0,16,1.48,Short,94,Thursday,0.09,1.13
D7MIyufv-mY,Other,2022-12-28,414.0,27376,13.0,16,1.48,Short,89,Wednesday,0.05,1.51
hFjg7Vj0_KY,Teaser,2022-12-28,19086.0,1577319,627.0,3,3.03,Short,75,Wednesday,0.04,1.21
DJZl2TJBvrI,Action,2022-12-27,1005.0,32747,29.0,23,1.47,Short,85,Tuesday,0.09,3.07
FXhadEH-0fQ,Other,2022-12-27,989.0,48793,28.0,7,5.57,Short,82,Tuesday,0.06,2.03
TxxRXKrh0Xc,Horror,2022-12-26,21418.0,4769075,324.0,24,1.67,Short,60,Monday,0.01,0.45
G8p8NBmkLRA,Other,2022-12-26,527.0,20261,31.0,14,0.87,Short,79,Monday,0.15,2.6
Ad1iCbyO1QE,Other,2022-12-26,982.0,30182,63.0,17,9.27,Short,52,Monday,0.21,3.25
5YVgxbV_m0Y,Other,2022-12-25,404.0,15532,19.0,23,2.28,Short,63,Sunday,0.12,2.6
GxOHuOx8RQk,Other,2022-12-25,701.0,33713,43.0,3,1.32,Short,74,Sunday,0.13,2.08
QzoxyjjLRQA,Other,2022-12-25,481.0,17788,8.0,22,1.68,Short,65,Sunday,0.04,2.7
fZisFIlxn_o,Other,2022-12-24,17644.0,490457,304.0,16,12.75,Long,97,Saturday,0.06,3.6
EiHqOV-bHSk,Teaser,2022-12-24,4504.0,164581,249.0,14,1.57,Short,51,Saturday,0.15,2.74
F9cH9q9-y9k,Other,2022-12-23,417.0,26148,29.0,3,1.58,Short,90,Friday,0.11,1.59
-2Nl0Gm3qU4,Other,2022-12-23,198.0,10896,12.0,21,1.73,Short,82,Friday,0.11,1.82
LlYv-GXdrWs,Other,2022-12-23,3908.0,120651,133.0,23,1.25,Short,65,Friday,0.11,3.24
UgyDVoxmt1k,Other,2022-12-22,14147.0,573791,259.0,18,16.97,Long,74,Thursday,0.05,2.47
ljzKJaucFE4,Other,2022-12-22,722.0,42653,38.0,6,1.37,Short,81,Thursday,0.09,1.69
vRWc2Wh-BBk,Other,2022-12-21,365.0,42670,19.0,21,2.65,Short,76,Wednesday,0.04,0.86
AR7OOpVtabU,Other,2022-12-21,1221.0,154779,18.0,19,6.55,Short,61,Wednesday,0.01,0.79
dnMQuhyaQmU,Clip,2022-12-20,27885.0,884048,729.0,3,6.52,Short,75,Tuesday,0.08,3.15
_-nqkErvF1E,Clip,2022-12-20,106255.0,164219558,2857.0,19,3.35,Short,99,Tuesday,0.0,0.06
VGduSZIL5i0,Other,2022-12-19,1155.0,110398,23.0,18,3.33,Short,74,Monday,0.02,1.05
mPpK9N7Www0,Clip,2022-12-19,491.0,24046,40.0,21,35.8,Long,96,Monday,0.17,2.04
ceeN6AmwhC8,Interview,2022-12-18,1101.0,103531,31.0,23,1.6,Short,81,Sunday,0.03,1.06
uV5SuXeWVEw,Other,2022-12-18,522.0,29133,43.0,3,1.9,Short,62,Sunday,0.15,1.79
uh_rPbFV5oE,Other,2022-12-18,2178.0,293912,229.0,21,65.4,Long,100,Sunday,0.08,0.74
xSAHkokZx9E,Other,2022-12-17,17889.0,656499,463.0,22,6.4,Short,66,Saturday,0.07,2.72
bcoV1IyoGqs,Other,2022-12-17,25143.0,1955996,3090.0,19,88.3,Long,100,Saturday,0.16,1.29
Nyz7suxlrI4,Teaser,2022-12-16,142726.0,15909349,6063.0,9,1.33,Short,86,Friday,0.04,0.9
Tip6_D0gHxQ,Romance,2022-12-16,1787.0,128753,37.0,23,1.83,Short,80,Friday,0.03,1.39
EBqff6xV-cQ,Other,2022-12-15,30056.0,1652611,2239.0,18,42.48,Long,76,Thursday,0.14,1.82
ZFBw2qLYefc,Teaser,2022-12-15,910.0,59815,82.0,3,1.65,Short,98,Thursday,0.14,1.52
QVzMEgz713I,Other,2022-12-15,1636.0,182359,61.0,3,2.0,Short,94,Thursday,0.03,0.9
KgQ4Nlj09Xk,Other,2022-12-14,3864.0,282233,274.0,24,1.85,Short,50,Wednesday,0.1,1.37
dNoDS6UF1GU,Teaser,2022-12-14,4488.0,431588,447.0,14,1.4,Short,95,Wednesday,0.1,1.04
uaAcEaNkEec,Other,2022-12-14,5001.0,529697,132.0,23,2.18,Short,58,Wednesday,0.02,0.94
eFkLfBVWZ6s,Other,2022-12-13,20236.0,709699,383.0,12,9.98,Short,93,Tuesday,0.05,2.85
cM7wcgyZ57A,Other,2022-12-13,8586.0,301466,185.0,9,1.25,Short,73,Tuesday,0.06,2.85
IIEHcj9H_BA,Other,2022-12-12,1393.0,62668,51.0,24,1.93,Short,65,Monday,0.08,2.22
bsehwjiqUCg,Interview,2022-12-12,22107.0,1027018,772.0,24,10.17,Long,83,Monday,0.08,2.15
PNbeObDWYrk,Other,2022-12-11,1317.0,92291,94.0,6,1.95,Short,93,Sunday,0.1,1.43
hyN79ayLNrM,Other,2022-12-11,631.0,37367,45.0,16,1.13,Short,50,Sunday,0.12,1.69
yIGP6U8Nb04,Comedy,2022-12-10,16767.0,666495,197.0,9,23.33,Long,82,Saturday,0.03,2.52
7j1aKxsKI3s,Other,2022-12-10,133164.0,18285782,2828.0,24,2.8,Short,58,Saturday,0.02,0.73
5hpQ8P-rUBY,Romance,2022-12-09,17403.0,2184651,86.0,20,2.13,Short,64,Friday,0.0,0.8
hY_e3BhFYBw,Teaser,2022-12-09,38868.0,3885683,594.0,23,2.85,Short,97,Friday,0.02,1.0
8bp0LuHltYg,Other,2022-12-09,1051.0,54126,64.0,16,1.05,Short,51,Friday,0.12,1.94
6oKFao0aISA,Teaser,2022-12-08,81186.0,5113648,2096.0,3,2.85,Short,91,Thursday,0.04,1.59
p5_8INY4Jrk,Teaser,2022-12-08,3254.0,165940,88.0,5,2.17,Short,53,Thursday,0.05,1.96
Cxzc0TcSMjM,Other,2022-12-07,817.0,27566,37.0,21,0.9,Short,60,Wednesday,0.13,2.96
TBE0VUG3N3M,Teaser,2022-12-07,15846.0,1731710,412.0,21,2.47,Short,91,Wednesday,0.02,0.92
8t_O95aBCqA,Romance,2022-12-07,22803.0,2381751,242.0,20,2.4,Short,78,Wednesday,0.01,0.96
T7W1Klhl_LY,Other,2022-12-06,607.0,22552,11.0,16,0.5,Short,54,Tuesday,0.05,2.69
KeaXKac8wkc,Announcement,2022-12-06,45939.0,1455393,1340.0,24,0.88,Short,86,Tuesday,0.09,3.16
hLfrWgbcmwA,Other,2022-12-06,1250.0,45684,64.0,24,0.83,Short,41,Tuesday,0.14,2.74
lCTeRKfRnjM,Other,2022-12-05,1807.0,185907,55.0,3,1.5,Short,80,Monday,0.03,0.97
ZVotxVcjT-w,Romance,2022-12-05,254.0,14069,9.0,3,0.72,Short,79,Monday,0.06,1.81
YlPZOpdQ8d8,Other,2022-12-05,559.0,23344,32.0,16,1.32,Short,66,Monday,0.14,2.39
Qn0Jkhwaqpw,Other,2022-12-04,930.0,42746,49.0,24,1.23,Short,65,Sunday,0.11,2.18
0KCGnDlWKQQ,Action,2022-12-04,2730.0,187429,131.0,3,2.12,Short,67,Sunday,0.07,1.46
H1y9W31XDh8,Teaser,2022-12-04,2494.0,86795,112.0,34,2.58,Short,60,Sunday,0.13,2.87
7A2bTjF_Pp4,Other,2022-12-03,86570.0,3226442,1478.0,8,7.23,Short,93,Saturday,0.05,2.68
OiBgRR7ek6c,Other,2022-12-03,12510.0,765205,215.0,24,4.95,Short,97,Saturday,0.03,1.63
81_IQtOiAZE,Other,2022-12-02,2261.0,82302,70.0,6,0.83,Short,80,Friday,0.09,2.75
28Njog1KJmQ,Other,2022-12-02,596.0,23234,15.0,16,0.83,Short,60,Friday,0.06,2.57
XcW9MABKK90,Teaser,2022-12-02,15015.0,1029188,557.0,27,1.5,Short,53,Friday,0.05,1.46
ZnJjCvNrJRc,Teaser,2022-12-02,48635.0,3617546,867.0,28,1.5,Short,59,Friday,0.02,1.34
Xjw4ZbCIYS0,Romance,2022-12-01,29943.0,2321284,584.0,3,2.57,Short,96,Thursday,0.03,1.29
vwcYl644bpk,Other,2022-12-01,3622.0,307385,173.0,21,5.22,Short,89,Thursday,0.06,1.18
_k8kqPlULac,Other,2022-12-01,1522.0,70832,52.0,24,1.5,Short,97,Thursday,0.07,2.15
66gtwAw7Hww,Teaser,2022-11-30,5444.0,245258,101.0,23,2.33,Short,58,Wednesday,0.04,2.22
QKJkxHPrDew,Teaser,2022-11-30,28261.0,2408900,526.0,10,2.9,Short,93,Wednesday,0.02,1.17
a0J0b_OVa9w,Teaser,2022-11-30,179472.0,6622326,6482.0,11,2.68,Short,58,Wednesday,0.1,2.71
SzMH4Dq78UI,Other,2022-11-29,17731.0,840410,474.0,24,5.2,Short,53,Tuesday,0.06,2.11
q05AbgNey6w,Song,2022-11-29,147838.0,7335202,1589.0,24,1.48,Short,78,Tuesday,0.02,2.02
VF9JCS5l70I,Other,2022-11-29,16724.0,710282,275.0,6,2.0,Short,94,Tuesday,0.04,2.35
7WGFjIdy6y4,Other,2022-11-28,13021.0,667303,431.0,24,7.82,Short,92,Monday,0.06,1.95
O4tD2zPon5M,Other,2022-11-28,2401.0,98687,73.0,3,5.08,Short,81,Monday,0.07,2.43
IWATR_Q-w10,Other,2022-11-28,402.0,18224,11.0,16,0.5,Short,61,Monday,0.06,2.21
5mFjpvPgZ3A,Other,2022-11-27,709.0,36482,25.0,22,2.85,Short,84,Sunday,0.07,1.94
3ZSS8PxUbzI,Action,2022-11-27,1823.0,267153,183.0,19,2.15,Short,59,Sunday,0.07,0.68
xlOh05Kf1jw,Other,2022-11-26,21860.0,386981,619.0,21,9.1,Short,96,Saturday,0.16,5.65
bW7QqXNAJGQ,Comedy,2022-11-26,1781.0,53397,121.0,29,29.6,Long,64,Saturday,0.23,3.34
AiXvQpP0Nzo,Clip,2022-11-25,909.0,36316,40.0,26,1.8,Short,84,Friday,0.11,2.5
pTT2-KFG_2w,Other,2022-11-25,861.0,68985,12.0,24,0.6,Short,76,Friday,0.02,1.25
LFkso9te69A,Action,2022-11-24,1705.0,152599,284.0,19,2.17,Short,64,Thursday,0.19,1.12
p2AhRPOWzOU,Other,2022-11-24,405.0,22787,24.0,18,1.95,Short,90,Thursday,0.11,1.78
MlCNLfenfm4,Other,2022-11-23,482.0,25945,19.0,18,6.38,Short,89,Wednesday,0.07,1.86
W5m2Hc0BhDM,Other,2022-11-23,500.0,17884,92.0,28,1.8,Short,55,Wednesday,0.51,2.8
xIvgXu2JPs4,Other,2022-11-23,1476.0,106208,47.0,24,0.92,Short,72,Wednesday,0.04,1.39
fobZ6Eolqu4,Other,2022-11-22,3432.0,334521,101.0,26,3.02,Short,94,Tuesday,0.03,1.03
Uz4LkPAtdjY,Teaser,2022-11-22,5342.0,310748,228.0,22,2.2,Short,76,Tuesday,0.07,1.72
I-ewD7d8xsE,Other,2022-11-21,377.0,20073,22.0,3,1.02,Short,92,Monday,0.11,1.88
mtXf29g0jaQ,Other,2022-11-21,77770.0,2303295,1206.0,20,15.38,Long,107,Monday,0.05,3.38
FY3dhgDwvvw,Other,2022-11-20,518.0,27748,31.0,12,0.75,Short,98,Sunday,0.11,1.87
E9dVs50IErA,Other,2022-11-20,258.0,19898,12.0,7,5.15,Short,90,Sunday,0.06,1.3
o0gCQaU-s6k,Other,2022-11-20,429.0,19546,14.0,3,1.08,Short,74,Sunday,0.07,2.19
czfbm75ObT8,Other,2022-11-19,46933.0,1531447,616.0,19,21.55,Long,62,Saturday,0.04,3.06
gJeAj_XosaY,Other,2022-11-19,736.0,26145,40.0,3,0.73,Short,48,Saturday,0.15,2.82
MgooDpXkNso,Other,2022-11-19,730.0,46800,23.0,8,0.85,Short,94,Saturday,0.05,1.56
lBurP2iNipc,Clip,2022-11-18,3043.0,149330,114.0,3,3.1,Short,91,Friday,0.08,2.04
doTBNZnSwaI,Teaser,2022-11-18,33073.0,3055937,621.0,18,2.75,Short,86,Friday,0.02,1.08
PLsF0sd6GiY,Teaser,2022-11-18,56823.0,33575857,1542.0,16,1.68,Short,60,Friday,0.0,0.17
4vrnEoBLRu0,Teaser,2022-11-18,5256.0,346651,302.0,16,1.7,Short,54,Friday,0.09,1.52
3rRSBsOcc_Q,Other,2022-11-17,670.0,25715,64.0,29,0.53,Short,55,Thursday,0.25,2.61
6dHlFJzq3d8,Clip,2022-11-17,1071.0,48910,56.0,18,3.85,Short,97,Thursday,0.11,2.19
reLM5DtJcZE,Other,2022-11-17,1041.0,11362035,37.0,12,1.0,Short,93,Thursday,0.0,0.01
YtfdvDd31Kk,Teaser,2022-11-17,2650.0,218849,248.0,22,2.07,Short,90,Thursday,0.11,1.21
6S9PjMtYTUQ,Other,2022-11-16,1858.0,82141,117.0,20,0.5,Short,80,Wednesday,0.14,2.26
S_UsLny-EuU,Other,2022-11-16,1137.0,83714,34.0,12,0.98,Short,88,Wednesday,0.04,1.36
2g2sXGixh3w,Teaser,2022-11-15,174877.0,30386361,3031.0,15,2.12,Short,92,Tuesday,0.01,0.58
ADT33haC8Oo,Other,2022-11-15,688.0,62624,28.0,12,1.13,Short,96,Tuesday,0.04,1.1
6bCGwNacV64,Other,2022-11-14,3190.0,144914,73.0,12,2.28,Short,96,Monday,0.05,2.2
wZwvyl4vlRg,Other,2022-11-14,1035.0,64754,50.0,12,0.73,Short,88,Monday,0.08,1.6
OwYNndCgyW8,Other,2022-11-14,77013.0,1371711,2285.0,18,9.67,Short,93,Monday,0.17,5.61
N48-XPGr3mQ,Action,2022-11-13,933.0,85399,0.0,20,1.97,Short,73,Sunday,0.0,1.09
e6A99QPZKmo,Other,2022-11-13,9249.0,548892,159.0,14,25.93,Long,101,Sunday,0.03,1.69
wjPAIWgQGrQ,Teaser,2022-11-12,2132.0,80176,118.0,22,1.23,Short,67,Saturday,0.15,2.66
BdvZCcLLw0I,Other,2022-11-12,173733.0,8509992,1933.0,3,8.35,Short,82,Saturday,0.02,2.04
N11HR8QjjBI,Teaser,2022-11-11,1884.0,47562,112.0,34,1.1,Short,81,Friday,0.24,3.96
Z9ePM1XZqGo,Other,2022-11-11,72301.0,3162144,1072.0,10,25.07,Long,88,Friday,0.03,2.29
LG4FkWFTLVk,Other,2022-11-11,604.0,27765,18.0,20,1.17,Short,54,Friday,0.06,2.18
dhD4vRZ8-Dk,Other,2022-11-10,1081.0,38507,21.0,10,1.82,Short,97,Thursday,0.05,2.81
eYkzBQJHCw0,Teaser,2022-11-10,7825.0,937837,113.0,12,2.18,Short,69,Thursday,0.01,0.83
gPZtRSCx-kU,Other,2022-11-09,480.0,24051,13.0,15,2.08,Short,62,Wednesday,0.05,2.0
UHhlAkX9MPI,Other,2022-11-09,1786.0,2149535,75.0,8,0.5,Short,64,Wednesday,0.0,0.08
lmhKXQBgEQU,Song,2022-11-08,305408.0,18940080,2766.0,20,3.43,Short,93,Tuesday,0.01,1.61
WoedLBNAvC4,Other,2022-11-08,1108.0,5773478,35.0,8,0.5,Short,61,Tuesday,0.0,0.02
4Ba6CmGPbz4,Teaser,2022-11-07,13796.0,63238801,293.0,31,2.52,Short,68,Monday,0.0,0.02
KahYkxIQQwM,Other,2022-11-07,911.0,3098578,19.0,8,0.5,Short,61,Monday,0.0,0.03
8GF5A3XKnT8,Clip,2022-11-06,2515.0,52531,122.0,20,1.87,Short,99,Sunday,0.23,4.79
Sr8DjPKWDfM,Other,2022-11-06,2066.0,410020,63.0,17,2.28,Short,91,Sunday,0.02,0.5
B-D6olIkVwU,Horror,2022-11-05,755.0,38751,56.0,15,1.95,Short,83,Saturday,0.14,1.95
MK5A0klYcP4,Teaser,2022-11-05,2056.0,67944,143.0,6,4.47,Short,95,Saturday,0.21,3.03
f9tFUpf3Dqk,Clip,2022-11-04,8609.0,247776,67.0,20,2.75,Short,100,Friday,0.03,3.47
XneHBxjMg_Y,Teaser,2022-11-04,109373.0,61267753,4125.0,3,2.2,Short,60,Friday,0.01,0.18
aw8cem2SDac,Clip,2022-11-03,78185.0,7001905,1679.0,11,2.5,Short,66,Thursday,0.02,1.12
71SChOkx3e4,Teaser,2022-11-02,2337.0,84226,244.0,21,1.68,Short,50,Wednesday,0.29,2.77
1Do7TVtrV3A,Horror,2022-11-02,1769.0,170832,112.0,3,2.03,Short,82,Wednesday,0.07,1.04
7ZAnfs7Kr3s,Other,2022-11-01,2907.0,96495,207.0,3,12.93,Long,54,Tuesday,0.21,3.01
Krd8vzRmA5A,Other,2022-11-01,788.0,42939,77.0,3,10.93,Long,63,Tuesday,0.18,1.84
5NsH9t-Lr8Q,Other,2022-11-01,22464.0,1152918,850.0,3,13.15,Long,57,Tuesday,0.07,1.95
TWcjwQpnzGA,Other,2022-11-01,6505.0,250420,299.0,3,10.28,Long,67,Tuesday,0.12,2.6
Gm-b0jB7nX0,Other,2022-11-01,5363.0,299479,176.0,3,12.23,Long,51,Tuesday,0.06,1.79
ro8_hL7xk1U,Other,2022-11-01,3612.0,206293,232.0,3,12.9,Long,57,Tuesday,0.11,1.75
qPAbXKBKdIc,Other,2022-11-01,1561.0,104759,96.0,3,12.02,Long,58,Tuesday,0.09,1.49
3_b7u6mN9Vw,Other,2022-11-01,1962.0,38553,183.0,3,13.1,Long,67,Tuesday,0.47,5.09
3Snlj7yzFQw,Other,2022-11-01,3167.0,128530,204.0,3,11.0,Long,48,Tuesday,0.16,2.46
tfl9FGkrQ-k,Other,2022-11-01,4581.0,170550,208.0,3,13.03,Long,49,Tuesday,0.12,2.69
7ePxlGxDqe8,Teaser,2022-11-01,15935.0,1299897,455.0,15,1.92,Short,93,Tuesday,0.04,1.23
FGfjIatMjJc,Other,2022-10-31,17978.0,502634,479.0,17,20.05,Long,74,Monday,0.1,3.58
AQubo_u_jec,Teaser,2022-10-31,129486.0,48021065,2825.0,8,2.42,Short,99,Monday,0.01,0.27
gbWE47w2oLE,Other,2022-10-31,36644.0,2131919,934.0,23,3.63,Short,68,Monday,0.04,1.72
ZpSNktbeULo,Other,2022-10-30,21448.0,850250,315.0,12,5.12,Short,81,Sunday,0.04,2.52
C2vDonfLLBM,Horror,2022-10-30,849.0,60734,41.0,16,2.0,Short,64,Sunday,0.07,1.4
ODMCn6tGJGE,Other,2022-10-29,835.0,29627,29.0,16,1.85,Short,67,Saturday,0.1,2.82
9bJ_uTIZbX4,Teaser,2022-10-29,633.0,57997,36.0,33,1.92,Short,62,Saturday,0.06,1.09
IMJKgwJaz_I,Other,2022-10-28,10476.0,367692,53.0,20,1.27,Short,87,Friday,0.01,2.85
94lLJy5-Kww,Teaser,2022-10-28,45427.0,2118085,1867.0,32,1.17,Short,59,Friday,0.09,2.14
1GpILuQn04I,Clip,2022-10-27,2674.0,253009,49.0,22,1.98,Short,70,Thursday,0.02,1.06
GSUKUQvfGOA,Other,2022-10-27,321.0,47382,12.0,15,2.25,Short,77,Thursday,0.03,0.68
qiEinfFH98A,Romance,2022-10-26,8591.0,390148,80.0,16,1.85,Short,79,Wednesday,0.02,2.2
UDjCsnT4lBI,Other,2022-10-26,2978.0,94088,75.0,24,2.57,Short,87,Wednesday,0.08,3.17
VQL_FmwLV5Y,Teaser,2022-10-26,3600.0,195190,117.0,31,0.9,Short,80,Wednesday,0.06,1.84
G5G2ymTAqtw,Other,2022-10-25,7731.0,2945178,0.0,14,1.88,Short,78,Tuesday,0.0,0.26
HBvKqJ4TFnI,Comedy,2022-10-25,603.0,28501,29.0,11,0.97,Short,84,Tuesday,0.1,2.12
131QoiwfMXg,Other,2022-10-24,1081.0,45916,18.0,12,1.03,Short,93,Monday,0.04,2.35
mY8VV1Lw8Is,Other,2022-10-23,14580.0,24217375,367.0,3,2.83,Short,63,Sunday,0.0,0.06
78eeUia19q8,Other,2022-10-23,10661.0,1829768,341.0,3,53.12,Long,89,Sunday,0.02,0.58
NoSHtotqMw4,Other,2022-10-22,20013.0,18080539,434.0,3,2.83,Short,64,Saturday,0.0,0.11
6Si2KjpmL04,Clip,2022-10-22,8356.0,333834,660.0,18,2.93,Short,73,Saturday,0.2,2.5
gEXC0SwXyRM,Other,2022-10-22,25796.0,1041193,262.0,20,24.12,Long,95,Saturday,0.03,2.48
fmU56rK_VxE,Teaser,2022-10-21,428.0,38352,24.0,12,3.25,Short,87,Friday,0.06,1.12
NALpUMraeug,Other,2022-10-21,164782.0,134892340,4314.0,3,2.83,Short,60,Friday,0.0,0.12
5jKtHmbJOxM,Teaser,2022-10-21,23181.0,2105234,728.0,27,1.8,Short,84,Friday,0.03,1.1
8ICfEDiuTU8,Teaser,2022-10-20,3703.0,173662,198.0,14,2.52,Short,53,Thursday,0.11,2.13
qQlryViBW9A,Other,2022-10-20,8268.0,755192,109.0,11,2.1,Short,75,Thursday,0.01,1.09
ESBZC9tGJFw,Other,2022-10-19,99121.0,4682003,464.0,20,7.07,Short,94,Wednesday,0.01,2.12
LHRWk7l_SO0,Teaser,2022-10-19,2398.0,124979,116.0,3,1.68,Short,93,Wednesday,0.09,1.92
LDThZYiRk6Y,Other,2022-10-18,587.0,21713,36.0,17,1.22,Short,86,Tuesday,0.17,2.7
RM63JE6EFQ4,Other,2022-10-18,44596.0,1934707,303.0,20,8.28,Short,92,Tuesday,0.02,2.31
vxeIJbZ7VHU,Other,2022-10-17,2788.0,103675,129.0,22,9.17,Short,91,Monday,0.12,2.69
fpNVDDDcb4k,Other,2022-10-17,29876.0,993502,210.0,18,3.85,Short,81,Monday,0.02,3.01
1vkTTesCudE,Other,2022-10-16,29295.0,2389835,1157.0,16,2.53,Short,88,Sunday,0.05,1.23
ls-Ou44A4SI,Other,2022-10-16,8379.0,310882,101.0,18,1.4,Short,80,Sunday,0.03,2.7
L1u1U_WnDVM,Other,2022-10-15,119499.0,6473955,2941.0,16,1.57,Short,94,Saturday,0.05,1.85
l4Hc-pmnuDg,Other,2022-10-15,61138.0,2353154,262.0,3,5.93,Short,88,Saturday,0.01,2.6
_sfW4HTtDCo,Song,2022-10-14,55746.0,3745020,376.0,22,1.57,Short,98,Friday,0.01,1.49
Qo3MRcjEeG8,Other,2022-10-14,4350.0,123840,102.0,18,0.82,Short,83,Friday,0.08,3.51
hlPL8sKpx5w,Other,2022-10-13,35002.0,1278106,514.0,13,22.32,Long,94,Thursday,0.04,2.74
6alZprbaLSk,Teaser,2022-10-12,2041.0,218183,57.0,15,2.43,Short,98,Wednesday,0.03,0.94
D2zogYRUexg,Other,2022-10-12,5442.0,217571,113.0,18,1.0,Short,85,Wednesday,0.05,2.5
YjllO7-K9k4,Other,2022-10-12,252146.0,21020258,2652.0,21,3.67,Short,97,Wednesday,0.01,1.2
kHlMGvltF8s,Teaser,2022-10-11,6066.0,180621,149.0,26,1.98,Short,92,Tuesday,0.08,3.36
oG1L-Pi7T1M,Other,2022-10-11,486.0,23135,36.0,11,0.88,Short,74,Tuesday,0.16,2.1
7y-10dAzZGM,Romance,2022-10-11,3725.0,141726,110.0,22,2.82,Short,91,Tuesday,0.08,2.63
RJarTarsY18,Other,2022-10-09,14030.0,643019,299.0,18,3.3,Short,82,Sunday,0.05,2.18
yi1SNV25d88,Teaser,2022-10-08,944.0,42866,41.0,11,2.15,Short,77,Saturday,0.1,2.2
AIuqLXQhW8U,Other,2022-10-08,8320.0,501441,79.0,15,3.12,Short,69,Saturday,0.02,1.66
z957oUHfqxQ,Other,2022-10-07,161728.0,10248499,2091.0,18,2.03,Short,90,Friday,0.02,1.58
Qlz5xjmrbF0,Romance,2022-10-07,1009.0,46596,55.0,18,0.8,Short,84,Friday,0.12,2.17
e1WdU2kjiDA,Teaser,2022-10-06,3477.0,126531,85.0,37,2.9,Short,61,Thursday,0.07,2.75
dkFBvqxu_Dk,Behind the Scenes,2022-10-06,14843.0,519126,67.0,11,1.28,Short,84,Thursday,0.01,2.86
AKYole6-_Wk,Teaser,2022-10-06,1668.0,63235,184.0,15,0.65,Short,70,Thursday,0.29,2.64
ktRx5MpmK6s,Action,2022-10-05,2180.0,72411,59.0,13,1.62,Short,66,Wednesday,0.08,3.01
AeTsMFbmK14,Teaser,2022-10-05,16174.0,1679046,842.0,17,2.12,Short,90,Wednesday,0.05,0.96
oA8-z3p4oh0,Other,2022-10-05,187844.0,8748451,1514.0,15,29.65,Long,74,Wednesday,0.02,2.15
8vQk0TRJJkE,Romance,2022-10-04,646.0,36438,19.0,6,2.68,Short,94,Tuesday,0.05,1.77
i1-WFSPGv-8,Other,2022-10-04,41356.0,2048768,1072.0,24,27.85,Long,90,Tuesday,0.05,2.02
49Y_ZjvKado,Other,2022-10-03,42007.0,928920,965.0,29,0.9,Short,61,Monday,0.1,4.52
HCazexjzYaI,Other,2022-10-03,1262.0,65776,24.0,22,2.75,Short,91,Monday,0.04,1.92
qo0zljM_xyc,Clip,2022-10-02,1182.0,77257,48.0,3,2.43,Short,98,Sunday,0.06,1.53
YcSG2LgF2vI,Clip,2022-10-02,596.0,22414,11.0,18,2.18,Short,75,Sunday,0.05,2.66
83VDc0a6YHs,Other,2022-10-01,5047.0,876340,99.0,8,1.22,Short,52,Saturday,0.01,0.58
4bpwjm1dVRU,Clip,2022-10-01,2781.0,75521,105.0,4,29.33,Long,93,Saturday,0.14,3.68
LgLRAujbJos,Other,2022-09-30,1895.0,199090,51.0,8,1.53,Short,69,Friday,0.03,0.95
XbY_iYjGHCo,Action,2022-09-30,4341.0,484216,263.0,24,3.6,Short,93,Friday,0.05,0.9
rOscX8EnQDw,Other,2022-09-29,32902.0,835701,852.0,20,9.25,Short,69,Thursday,0.1,3.94
6F68COnwCkk,Teaser,2022-09-29,7116.0,457406,138.0,4,2.63,Short,89,Thursday,0.03,1.56
xRbDzLL3q2I,Other,2022-09-28,21153.0,707510,498.0,17,20.52,Long,67,Wednesday,0.07,2.99
DbsnUTZcTbc,Other,2022-09-28,713.0,43645,27.0,25,4.13,Short,97,Wednesday,0.06,1.63
cq7Btw-NQyQ,Clip,2022-09-27,793.0,44902,20.0,11,1.43,Short,74,Tuesday,0.04,1.77
OUT5d6-HUzI,Other,2022-09-27,785.0,66381,71.0,8,0.5,Short,54,Tuesday,0.11,1.18
s4H_3GICRPY,Other,2022-09-27,1262.0,32923,22.0,11,1.88,Short,52,Tuesday,0.07,3.83
zwKusghpo-c,Other,2022-09-26,1325.0,130245,31.0,8,2.02,Short,88,Monday,0.02,1.02
TSe_PxijyTQ,Announcement,2022-09-26,2518.0,57727,145.0,21,1.27,Short,51,Monday,0.25,4.36
XeCt1zg2t3c,Other,2022-09-26,2166.0,231462,128.0,6,2.5,Short,95,Monday,0.06,0.94
R4ccpO4hgUs,Clip,2022-09-26,637.0,35356,17.0,24,2.77,Short,66,Monday,0.05,1.8
GvdpQkb1R2I,Other,2022-09-25,6249.0,183790,124.0,25,1.5,Short,57,Sunday,0.07,3.4
O-yUhtCaDIY,Teaser,2022-09-25,1296.0,76357,95.0,22,2.45,Short,53,Sunday,0.12,1.7
4bfILyejyaI,Other,2022-09-25,336.0,18890,5.0,26,1.82,Short,59,Sunday,0.03,1.78
KUZd3OAD3Vc,Clip,2022-09-25,593.0,31918,26.0,11,1.83,Short,52,Sunday,0.08,1.86
ZTMac-qbBSc,Teaser,2022-09-25,866.0,74319,21.0,23,0.75,Short,66,Sunday,0.03,1.17
JdTJEQNuAXo,Announcement,2022-09-25,1576.0,45787,64.0,17,0.75,Short,49,Sunday,0.14,3.44
dEt4sprqwLg,Action,2022-09-24,54111.0,1151303,1051.0,21,1.78,Short,51,Saturday,0.09,4.7
mNawKx9-vyQ,Announcement,2022-09-24,2780.0,102518,159.0,16,1.58,Short,48,Saturday,0.16,2.71
Zt8E5u8jXdA,Other,2022-09-24,18096.0,585199,651.0,20,1.6,Short,43,Saturday,0.11,3.09
QLtBdv1Z73A,Teaser,2022-09-24,11947.0,307788,261.0,26,2.2,Short,57,Saturday,0.08,3.88
Bg00W8-cxWs,Other,2022-09-24,25615.0,5839534,559.0,22,34.27,Long,39,Saturday,0.01,0.44
eRaNXtcThww,Teaser,2022-09-24,83099.0,3959575,2803.0,9,0.75,Short,95,Saturday,0.07,2.1
02H-PnMNt5c,Teaser,2022-09-24,156957.0,11548553,2271.0,6,1.08,Short,67,Saturday,0.02,1.36
uHBLwhFt2tA,Teaser,2022-09-24,36190.0,2724877,510.0,7,0.55,Short,82,Saturday,0.02,1.33
PLzui4qIcxo,Teaser,2022-09-24,18108.0,697171,664.0,6,1.6,Short,86,Saturday,0.1,2.6
51wDl5h3R9w,Teaser,2022-09-24,46761.0,2577937,1220.0,4,0.97,Short,53,Saturday,0.05,1.81
oLGUkAs82co,Teaser,2022-09-24,46519.0,3335461,820.0,7,1.1,Short,81,Saturday,0.02,1.39
JO58WTosGSs,Teaser,2022-09-24,76538.0,4716756,1526.0,7,1.02,Short,83,Saturday,0.03,1.62
o84-SXX020Q,Teaser,2022-09-24,17011.0,1525062,394.0,4,0.97,Short,70,Saturday,0.03,1.12
lCam4jxpfCI,Teaser,2022-09-24,11013.0,565088,1001.0,5,1.08,Short,39,Saturday,0.18,1.95
9kcYzWG7fxA,Teaser,2022-09-24,28280.0,2850373,530.0,7,1.42,Short,73,Saturday,0.02,0.99
6pfYi8r9K6E,Teaser,2022-09-24,73670.0,3256702,1580.0,6,0.97,Short,98,Saturday,0.05,2.26
Sh0It6RjyVE,Other,2022-09-24,10054.0,656234,265.0,7,1.77,Short,86,Saturday,0.04,1.53
CO4CPqTAvmo,Other,2022-09-24,1208.0,72478,91.0,31,30.53,Long,39,Saturday,0.13,1.67
8TfFviTqMc4,Other,2022-09-23,5136.0,286865,404.0,3,1.28,Short,92,Friday,0.14,1.79
2IIE704TWjc,Other,2022-09-23,75096.0,1979390,1057.0,3,1.23,Short,103,Friday,0.05,3.79
AHOYPUI7_Fc,Other,2022-09-23,2740.0,158222,76.0,14,1.43,Short,73,Friday,0.05,1.73
8lTNIlvwvuk,Other,2022-09-22,1060.0,60972,49.0,24,0.67,Short,73,Thursday,0.08,1.74
ja5mA82IOqE,Other,2022-09-22,1274.0,55467,50.0,21,3.93,Short,95,Thursday,0.09,2.3
1FRRYhmrUjE,Other,2022-09-22,2234.0,96136,54.0,18,4.87,Short,80,Thursday,0.06,2.32
_drYIVu_wHE,Clip,2022-09-21,1607.0,55570,60.0,12,3.47,Short,95,Wednesday,0.11,2.89
6w15JIb7UXc,Other,2022-09-21,20327.0,1905995,349.0,3,3.77,Short,89,Wednesday,0.02,1.07
vIZWLvcMS9c,Teaser,2022-09-21,102481.0,31519557,1682.0,15,2.15,Short,100,Wednesday,0.01,0.33
PIMgIRmZF3w,Other,2022-09-20,1934.0,234633,85.0,3,3.37,Short,95,Tuesday,0.04,0.82
tJqu0y3KafI,Clip,2022-09-20,849.0,28639,35.0,3,2.8,Short,66,Tuesday,0.12,2.96
XrMzY7W1ZXE,Other,2022-09-20,892.0,6400330,27.0,3,0.5,Short,96,Tuesday,0.0,0.01
Y1MEmbu-ycg,Other,2022-09-19,1619.0,69310,68.0,6,5.27,Short,92,Monday,0.1,2.34
DbspRYc0T_s,Other,2022-09-19,241.0,16325,10.0,17,0.72,Short,71,Monday,0.06,1.48
jDhYLBtAj5c,Other,2022-09-19,125.0,8765,8.0,17,0.73,Short,74,Monday,0.09,1.43
pF86DMWCZeE,Teaser,2022-09-19,7318.0,29670231,111.0,2,0.48,Short,66,Monday,0.0,0.02
_Pq6c-ttwDw,Other,2022-09-18,534.0,33806,15.0,23,0.5,Short,89,Sunday,0.04,1.58
0NaD007-LZM,Other,2022-09-18,2549.0,254135,103.0,8,1.78,Short,86,Sunday,0.04,1.0
QdT7CI0ifhU,Song,2022-09-18,1762.0,60118,100.0,3,1.33,Short,79,Sunday,0.17,2.93
g6XSRs5XXPA,Other,2022-09-17,504.0,26755,17.0,22,0.5,Short,85,Saturday,0.06,1.88
c4CNLj1dcOY,Other,2022-09-17,2147.0,53851,98.0,9,2.15,Short,54,Saturday,0.18,3.99
1aLPy3fId9o,Other,2022-09-17,36194.0,1609383,476.0,23,1.02,Short,84,Saturday,0.03,2.25
WXeevWGujmA,Song,2022-09-17,3530.0,184911,118.0,17,3.6,Short,97,Saturday,0.06,1.91
gC_HwIt1cAg,Other,2022-09-16,7572.0,521107,144.0,10,1.83,Short,74,Friday,0.03,1.45
35sJvBfHlic,Other,2022-09-16,3391.0,357107,114.0,18,2.13,Short,51,Friday,0.03,0.95
QxaYhP4xfD8,Other,2022-09-16,957.0,22653,49.0,9,1.02,Short,61,Friday,0.22,4.22
kUlfeMUUy-c,Other,2022-09-15,1019.0,81755,55.0,24,2.23,Short,68,Thursday,0.07,1.25
zFhhdCFhEg0,Teaser,2022-09-15,1047.0,22942,61.0,3,1.33,Short,64,Thursday,0.27,4.56
rqRHK1Jewvg,Announcement,2022-09-15,15874.0,413281,267.0,17,1.5,Short,86,Thursday,0.06,3.84
OFFAYRmV9Wg,Teaser,2022-09-14,5421.0,233316,349.0,32,2.0,Short,77,Wednesday,0.15,2.32
rGkY--aI_JM,Other,2022-09-14,1412.0,109166,35.0,22,2.17,Short,85,Wednesday,0.03,1.29
9bhsxzE8zqk,Other,2022-09-14,19720.0,919375,758.0,3,1.9,Short,74,Wednesday,0.08,2.14
xDG57NLYTc4,Other,2022-09-13,1686.0,80742,116.0,3,2.1,Short,82,Tuesday,0.14,2.09
0Pz2vL6tVrk,Other,2022-09-13,7011.0,535759,258.0,3,11.2,Long,79,Tuesday,0.05,1.31
HykofdboPyg,Teaser,2022-09-13,114333.0,22858443,2148.0,9,2.18,Short,85,Tuesday,0.01,0.5
BgKf6p0VmxI,Other,2022-09-12,324.0,22484,14.0,7,1.23,Short,78,Monday,0.06,1.44
u0PzNbXthEc,Other,2022-09-12,1496.0,4387105,78.0,22,0.82,Short,89,Monday,0.0,0.03
5upM-G67_Rs,Other,2022-09-12,24139.0,2501200,406.0,21,26.8,Long,92,Monday,0.02,0.97
MLWb4z12-U4,Other,2022-09-12,68092.0,6203003,885.0,21,34.55,Long,92,Monday,0.01,1.1
Xm7PI2dl92E,Other,2022-09-11,1095.0,66131,38.0,17,0.53,Short,82,Sunday,0.06,1.66
S3pzBFRsXHg,Other,2022-09-11,64265.0,5029361,1212.0,10,2.08,Short,55,Sunday,0.02,1.28
HQOVn8tuMg0,Other,2022-09-11,13809.0,1699329,456.0,24,1.07,Short,84,Sunday,0.03,0.81
0h0YBYpnp64,Other,2022-09-10,22006.0,430956,200.0,22,10.65,Long,76,Saturday,0.05,5.11
Kk4wMknL0zg,Other,2022-09-10,1817.0,187562,88.0,17,0.6,Short,85,Saturday,0.05,0.97
lfc2uGRWf80,Other,2022-09-09,6175.0,526226,296.0,3,1.97,Short,76,Friday,0.06,1.17
B2fIIjl6zEg,Other,2022-09-09,958.0,42424,18.0,17,0.67,Short,84,Friday,0.04,2.26
UjpGVNbEkRU,Other,2022-09-09,1341.0,130120,61.0,3,1.78,Short,82,Friday,0.05,1.03
MsIWSI1XhEk,Teaser,2022-09-08,6896.0,238023,196.0,26,1.65,Short,75,Thursday,0.08,2.9
0Lsa8Iy0JHo,Other,2022-09-08,997.0,84399,22.0,23,2.12,Short,83,Thursday,0.03,1.18
S8Y_WeUHAeg,Teaser,2022-09-07,1743.0,75539,69.0,28,2.65,Short,49,Wednesday,0.09,2.31
jIVlPRlGNF0,Song,2022-09-07,98456.0,3320302,2231.0,9,3.67,Short,94,Wednesday,0.07,2.97
_FR_HeAMRoA,Other,2022-09-07,1537.0,98559,58.0,17,0.52,Short,97,Wednesday,0.06,1.56
NOI8LDS2lmY,Action,2022-09-06,16550.0,2883091,415.0,18,1.72,Short,84,Tuesday,0.01,0.57
RZeGm16Y1Ks,Other,2022-09-06,446.0,15749,18.0,26,1.67,Short,84,Tuesday,0.11,2.83
rnx9-acfi_E,Other,2022-09-05,5636.0,351861,145.0,9,7.2,Short,88,Monday,0.04,1.6
bKhlFqlZu68,Teaser,2022-09-05,10324.0,695825,413.0,3,2.7,Short,94,Monday,0.06,1.48
B7DITYZzlrU,Other,2022-09-05,640.0,31776,20.0,17,0.53,Short,88,Monday,0.06,2.01
NhS5R6hDVaw,Other,2022-09-04,1406.0,158080,116.0,4,2.4,Short,87,Sunday,0.07,0.89
XHX0w9wO2PY,Clip,2022-09-04,1344.0,63689,45.0,3,1.5,Short,91,Sunday,0.07,2.11
wObi2Wi4jIY,Other,2022-09-03,2092.0,135733,94.0,3,5.77,Short,91,Saturday,0.07,1.54
hq70XgYmAoQ,Other,2022-09-03,520.0,29002,40.0,3,1.93,Short,75,Saturday,0.14,1.79
cnqH0vL2S3M,Other,2022-09-02,124467.0,6843628,3336.0,34,26.23,Long,90,Friday,0.05,1.82
mVWqbfNOBWA,Other,2022-09-01,2371.0,266915,44.0,26,1.72,Short,81,Thursday,0.02,0.89
V4kiwm52MK4,Other,2022-09-01,644.0,30548,27.0,18,2.02,Short,81,Thursday,0.09,2.11
6DQ_lEmt0aM,Teaser,2022-09-01,46609.0,13800265,953.0,21,1.98,Short,99,Thursday,0.01,0.34
hHtJ2NnMc0U,Other,2022-08-31,1100.0,47996,20.0,17,0.7,Short,96,Wednesday,0.04,2.29
8yBXaMDHitw,Other,2022-08-31,1242.0,63896,31.0,29,5.83,Short,88,Wednesday,0.05,1.94
cgSiZjOX1v8,Other,2022-08-30,892.0,56691,26.0,10,0.78,Short,91,Tuesday,0.05,1.57
PY9nJhb4p-0,Teaser,2022-08-30,40798.0,2864777,631.0,3,1.08,Short,98,Tuesday,0.02,1.42
X3VgZVsvt-U,Teaser,2022-08-30,87520.0,28855642,5396.0,5,2.22,Short,100,Tuesday,0.02,0.3
HWhLSLcxYmw,Other,2022-08-29,919.0,10155198,59.0,19,0.5,Short,75,Monday,0.0,0.01
tV4BB6NWWGo,Other,2022-08-29,2258.0,138762,62.0,3,1.2,Short,57,Monday,0.04,1.63
oekuBnuDLa0,Other,2022-08-29,795.0,38924,19.0,3,1.0,Short,97,Monday,0.05,2.04
JNpS1wwDCrM,Teaser,2022-08-29,7142.0,367601,293.0,3,1.1,Short,99,Monday,0.08,1.94
vE_bBl-9q1c,Other,2022-08-29,4951.0,413884,211.0,3,0.75,Short,87,Monday,0.05,1.2
0plrLFZyrA4,Teaser,2022-08-29,23969.0,1840705,800.0,3,0.8,Short,76,Monday,0.04,1.3
Y22eDTdgbr0,Other,2022-08-29,8210.0,840065,128.0,3,0.47,Short,82,Monday,0.02,0.98
P77qIyRwfRw,Teaser,2022-08-29,24740.0,1872597,460.0,3,0.65,Short,84,Monday,0.02,1.32
_ZC5F89iUgg,Other,2022-08-29,1340.0,96633,214.0,3,2.38,Short,65,Monday,0.22,1.39
zk8KRT_0v6U,Interview,2022-08-28,578.0,26452,18.0,3,1.9,Short,97,Sunday,0.07,2.19
2Z0k-ZftJrs,Other,2022-08-28,18924.0,3342643,309.0,20,2.93,Short,84,Sunday,0.01,0.57
lXcgIS7nN-s,Other,2022-08-27,494.0,38959,22.0,3,1.87,Short,75,Saturday,0.06,1.27
Nn0zEUug-qw,Other,2022-08-27,578.0,32511,19.0,18,1.13,Short,85,Saturday,0.06,1.78
XE8jfVf-iYI,Other,2022-08-26,77891.0,2553560,2246.0,20,6.35,Short,70,Friday,0.09,3.05
TRS_tr7I_DQ,Other,2022-08-26,809.0,44610,49.0,10,0.25,Short,75,Friday,0.11,1.81
4UAGIwrktmw,Other,2022-08-25,58281.0,5164301,558.0,21,3.03,Short,87,Thursday,0.01,1.13
ZMTz4SGeZiE,Other,2022-08-25,465.0,16725,17.0,21,0.97,Short,81,Thursday,0.1,2.78
GakRxnC0MWw,Action,2022-08-24,1963.0,219033,130.0,24,1.98,Short,78,Wednesday,0.06,0.9
pfKMhJh_i9s,Teaser,2022-08-24,14180.0,991196,652.0,21,2.45,Short,86,Wednesday,0.07,1.43
SbM3GbcCASg,Announcement,2022-08-24,4831.0,202577,125.0,18,0.53,Short,97,Wednesday,0.06,2.38
_MtiuhnDVuk,Other,2022-08-23,623.0,59363,30.0,3,2.53,Short,92,Tuesday,0.05,1.05
arBEnssgW3A,Other,2022-08-23,1552.0,146012,102.0,3,1.02,Short,100,Tuesday,0.07,1.06
t3oxUEIMaQo,Other,2022-08-23,1450.0,83609,37.0,11,1.73,Short,92,Tuesday,0.04,1.73
X0y0_BLv7EA,Other,2022-08-22,1114.0,145506,35.0,3,1.1,Short,63,Monday,0.02,0.77
UATicuk8QrM,Other,2022-08-22,2013.0,80857,51.0,10,0.93,Short,59,Monday,0.06,2.49
w-Uo7wnwoKQ,Other,2022-08-22,7621.0,465974,105.0,12,2.1,Short,63,Monday,0.02,1.64
fph9_LuX73g,Action,2022-08-21,1042.0,43288,38.0,3,0.5,Short,90,Sunday,0.09,2.41
XMIpcMB_H2s,Other,2022-08-21,8277.0,1330228,286.0,3,2.92,Short,55,Sunday,0.02,0.62
lsf7gU3gy34,Teaser,2022-08-20,17278.0,1199373,338.0,17,1.3,Short,91,Saturday,0.03,1.44
HZgw0nTRqSg,Teaser,2022-08-20,31554.0,1008114,1255.0,3,0.7,Short,94,Saturday,0.12,3.13
FPRmOV_nEL8,Other,2022-08-19,47091.0,1671349,1304.0,3,28.43,Long,107,Friday,0.08,2.82
eVmzR3nWaUg,Other,2022-08-19,3503.0,223486,151.0,18,2.65,Short,93,Friday,0.07,1.57
2l0cBaq4gDM,Teaser,2022-08-19,7911.0,13305544,806.0,4,1.6,Short,78,Friday,0.01,0.06
fumFCAW5XCY,Other,2022-08-18,1069.0,66839,55.0,3,3.07,Short,93,Thursday,0.08,1.6
HlA3mytHZdg,Clip,2022-08-18,23747.0,1583182,305.0,3,5.87,Short,91,Thursday,0.02,1.5
myvwDhahxeg,Teaser,2022-08-17,13200.0,599388,326.0,19,2.05,Short,50,Wednesday,0.05,2.2
QtVXIdPzqiM,Other,2022-08-17,8880.0,429214,243.0,23,16.37,Long,76,Wednesday,0.06,2.07
12dY6AOfXCQ,Other,2022-08-16,1511.0,28389,42.0,3,5.58,Short,85,Tuesday,0.15,5.32
KxkdHcmycO8,Announcement,2022-08-16,1864.0,77930,86.0,3,0.7,Short,81,Tuesday,0.11,2.39
xj_evEi7g60,Other,2022-08-15,11159.0,412344,130.0,3,2.38,Short,100,Monday,0.03,2.71
tPk_Z2ebku8,Other,2022-08-15,3863.0,188267,117.0,3,1.88,Short,49,Monday,0.06,2.05
aa1JCvqXOuE,Other,2022-08-14,3230.0,372049,73.0,34,2.85,Short,77,Sunday,0.02,0.87
mS3GvDq5TKM,Other,2022-08-14,34541.0,839223,592.0,3,2.67,Short,61,Sunday,0.07,4.12
ZLrSR9iuzl4,Other,2022-08-13,9745.0,210144,102.0,22,14.08,Long,81,Saturday,0.05,4.64
S13jaOR8Xfo,Other,2022-08-13,2967.0,2624712,48.0,20,1.3,Short,47,Saturday,0.0,0.11
fS3m1KUKSWg,Other,2022-08-12,5906.0,234907,276.0,16,3.83,Short,94,Friday,0.12,2.51
oqzkK8a_3sc,Other,2022-08-12,9942.0,835989,132.0,20,2.85,Short,94,Friday,0.02,1.19
LOvuXfCWAmQ,Action,2022-08-11,2387.0,204525,66.0,3,2.62,Short,80,Thursday,0.03,1.17
YrMtpFyTEjM,Other,2022-08-11,1107.0,52871,35.0,18,0.93,Short,85,Thursday,0.07,2.09
KKOMx1m2D8o,Action,2022-08-11,814.0,30213,37.0,18,2.07,Short,67,Thursday,0.12,2.69
_8FoPS7pbw4,Other,2022-08-10,10332.0,605791,176.0,20,4.4,Short,92,Wednesday,0.03,1.71
5vPp_F2so3k,Other,2022-08-10,129569.0,2196203,1973.0,3,6.12,Short,67,Wednesday,0.09,5.9
pyFyEMQBhu0,Other,2022-08-09,12075.0,555506,167.0,20,2.75,Short,85,Tuesday,0.03,2.17
eBw8rFThGd4,Other,2022-08-09,1801.0,7268786,123.0,3,1.9,Short,84,Tuesday,0.0,0.02
If2QN6kdpo4,Teaser,2022-08-08,4220.0,271341,123.0,19,2.08,Short,49,Monday,0.05,1.56
uLX_gQVsCK4,Teaser,2022-08-08,62676.0,40327118,1372.0,10,2.25,Short,56,Monday,0.0,0.16
T1JvNN1bGfg,Other,2022-08-07,712.0,29294,102.0,20,2.73,Short,61,Sunday,0.35,2.43
KsNdM5X327c,Clip,2022-08-07,575.0,18693,21.0,3,0.95,Short,99,Sunday,0.11,3.08
7a3Llo4pAgE,Other,2022-08-07,4520.0,724627,79.0,30,1.92,Short,89,Sunday,0.01,0.62
XCr0amrMPt0,Romance,2022-08-06,12822.0,2012529,208.0,14,3.27,Short,78,Saturday,0.01,0.64
0RjO-EX0ARQ,Other,2022-08-06,6086.0,611233,100.0,29,2.25,Short,93,Saturday,0.02,1.0
RUImwYM7dGk,Other,2022-08-06,65247.0,1510231,728.0,19,12.92,Long,74,Saturday,0.05,4.32
lahLsY8imYQ,Interview,2022-08-05,3273.0,167461,40.0,21,7.88,Short,93,Friday,0.02,1.95
qOZ1Zkbc5TQ,Other,2022-08-05,1488.0,67295,54.0,25,0.5,Short,82,Friday,0.08,2.21
gmuGkYwBo9Y,Other,2022-08-04,4667.0,535003,79.0,18,1.55,Short,66,Thursday,0.01,0.87
J6zrQdn85pk,Other,2022-08-04,4383.0,206851,207.0,23,2.45,Short,66,Thursday,0.1,2.12
9Yrq68XPbtY,Other,2022-08-03,681.0,19742,29.0,23,3.0,Short,62,Wednesday,0.15,3.45
eyp7oGmWEw0,Other,2022-08-03,2502.0,134424,43.0,21,5.8,Short,94,Wednesday,0.03,1.86
np6HQyadE20,Other,2022-08-02,1567.0,52892,64.0,27,2.27,Short,70,Tuesday,0.12,2.96
Vjpwz1TMlTE,Teaser,2022-08-02,6608.0,304212,176.0,32,1.95,Short,62,Tuesday,0.06,2.17
FSFRygFUfsQ,Other,2022-08-02,9702.0,1209020,150.0,13,2.17,Short,82,Tuesday,0.01,0.8
WmL0tZd8rUE,Other,2022-08-01,5720.0,124887,115.0,20,1.47,Short,55,Monday,0.09,4.58
tFlAVlLKmgc,Other,2022-08-01,1189.0,37424,50.0,17,0.52,Short,48,Monday,0.13,3.18
WYmPbrM51U8,Other,2022-07-31,17937.0,1842018,410.0,18,2.0,Short,58,Sunday,0.02,0.97
LpjCzDQvRFE,Other,2022-07-31,2968.0,2332982,41.0,3,0.5,Short,67,Sunday,0.0,0.13
SuelqWaOLKU,Other,2022-07-31,751.0,69813,26.0,18,0.92,Short,71,Sunday,0.04,1.08
evplN0jbTMg,Other,2022-07-30,7122.0,734827,119.0,21,0.9,Short,89,Saturday,0.02,0.97
PG3D3_3pbMM,Other,2022-07-30,2992.0,2400397,36.0,3,0.5,Short,73,Saturday,0.0,0.12
x8H-06pNZJM,Other,2022-07-30,29478.0,1029022,1700.0,10,37.75,Long,89,Saturday,0.17,2.86
JqDyWHWS92w,Other,2022-07-30,58285.0,2442842,4390.0,21,10.73,Long,85,Saturday,0.18,2.39
Ph9F1SddyTA,Other,2022-07-29,1800.0,47130,30.0,24,4.12,Short,75,Friday,0.06,3.82
LYyU74Gtwj8,Other,2022-07-29,2684.0,2183561,38.0,3,0.5,Short,67,Friday,0.0,0.12
97va-h9DynA,Other,2022-07-29,1602.0,55866,37.0,21,0.68,Short,81,Friday,0.07,2.87
Hkhz87qgIgM,Other,2022-07-29,303.0,17703,11.0,21,1.13,Short,92,Friday,0.06,1.71
MwydGN-mao0,Teaser,2022-07-28,5170.0,371338,365.0,3,1.7,Short,63,Thursday,0.1,1.39
ZZujnToODx8,Other,2022-07-28,29417.0,1258948,451.0,21,14.57,Long,70,Thursday,0.04,2.34
S2oeTjwn-GQ,Other,2022-07-28,580.0,19737,13.0,15,2.2,Short,61,Thursday,0.07,2.94
U9EniXkKOT0,Other,2022-07-28,6987.0,2518761,111.0,3,0.5,Short,67,Thursday,0.0,0.28
uAIV8gmXioA,Other,2022-07-28,5237.0,138663,31.0,14,0.78,Short,96,Thursday,0.02,3.78
xkplAcOLKaU,Other,2022-07-27,175688.0,4110665,1625.0,20,14.73,Long,90,Wednesday,0.04,4.27
1_pr14WrXAU,Other,2022-07-27,10601.0,360351,37.0,25,0.53,Short,99,Wednesday,0.01,2.94
Zpu7aa7gack,Teaser,2022-07-26,11219.0,387970,146.0,22,13.37,Long,79,Tuesday,0.04,2.89
PWV-3KsGVWs,Other,2022-07-26,1428.0,55778,157.0,18,2.17,Short,88,Tuesday,0.28,2.56
8MnGG667fa4,Other,2022-07-26,73163.0,850291,292.0,20,0.3,Short,79,Tuesday,0.03,8.6
nQ8fbCuwrhE,Teaser,2022-07-25,7094.0,226914,33.0,20,0.4,Short,89,Monday,0.01,3.13
zXnAOpiuVmM,Action,2022-07-25,756.0,18674,0.0,16,1.98,Short,69,Monday,0.0,4.05
Dmx5KDOpqeg,Teaser,2022-07-25,182752.0,47843026,7248.0,16,2.57,Short,98,Monday,0.02,0.38
wljTLyszOhk,Other,2022-07-24,3142.0,107582,9.0,14,0.38,Short,89,Sunday,0.01,2.92
koJIUqz1WNY,Romance,2022-07-24,38151.0,1019909,35.0,15,0.52,Short,51,Sunday,0.0,3.74
gH7Smyqlo74,Other,2022-07-24,1077.0,184838,29.0,18,1.2,Short,87,Sunday,0.02,0.58
IeNFeAfil2A,Interview,2022-07-23,154996.0,1940372,508.0,15,0.85,Short,84,Saturday,0.03,7.99
Y4IdUcZ4YeM,Other,2022-07-23,1659.0,55079,50.0,18,1.85,Short,59,Saturday,0.09,3.01
y9X6QCqu7SQ,Other,2022-07-23,397698.0,7337687,944.0,15,0.12,Short,70,Saturday,0.01,5.42
2cJA8ggRxJk,Other,2022-07-22,4824.0,171511,42.0,14,0.7,Short,81,Friday,0.02,2.81
3MSVYaB8blg,Other,2022-07-22,6367.0,136090,43.0,15,0.25,Short,91,Friday,0.03,4.68
ydoqfYCwmxQ,Teaser,2022-07-22,32421.0,1450600,649.0,8,0.95,Short,55,Friday,0.04,2.24
ndfAKSj3V0E,Other,2022-07-21,11409.0,444415,216.0,3,5.35,Short,99,Thursday,0.05,2.57
7TQ0bKp9UKk,Teaser,2022-07-21,21623.0,1547146,536.0,18,2.57,Short,90,Thursday,0.03,1.4
EQlhv-L6tFU,Other,2022-07-21,64538.0,1047133,369.0,3,0.45,Short,93,Thursday,0.04,6.16
t8zgZxuIwNA,Behind the Scenes,2022-07-20,834.0,24594,53.0,26,0.57,Short,55,Wednesday,0.22,3.39
MMAFLPVlSRs,Other,2022-07-20,528.0,39014,13.0,21,0.95,Short,92,Wednesday,0.03,1.35
rvQz-rH41YY,Clip,2022-07-20,2268.0,117080,86.0,13,3.02,Short,92,Wednesday,0.07,1.94
zeBTnAIC_98,Other,2022-07-20,5245.0,233950,85.0,21,3.88,Short,81,Wednesday,0.04,2.24
EY_4JbRHIGQ,Other,2022-07-19,736.0,31937,35.0,22,1.07,Short,70,Tuesday,0.11,2.3
IkF8uIC4W5k,Other,2022-07-19,68308.0,3725487,548.0,13,1.5,Short,86,Tuesday,0.01,1.83
XMwvgZR35wo,Clip,2022-07-19,35311.0,1569926,523.0,20,8.33,Short,95,Tuesday,0.03,2.25
SJuptHVO0s4,Other,2022-07-18,4210.0,70432,20.0,21,0.62,Short,66,Monday,0.03,5.98
jS_lxIZZN8w,Other,2022-07-18,14414.0,913798,264.0,21,5.95,Short,84,Monday,0.03,1.58
mG4khaXzLsA,Action,2022-07-18,9461.0,584699,699.0,22,10.88,Long,89,Monday,0.12,1.62
0sgj8ltvUOQ,Other,2022-07-17,3535.0,82845,15.0,19,0.77,Short,75,Sunday,0.02,4.27
5hwv9ubfbv8,Other,2022-07-17,3536.0,84827,8.0,16,0.93,Short,86,Sunday,0.01,4.17
g9U5gCIZUmc,Other,2022-07-17,58193.0,2375941,1627.0,19,26.32,Long,83,Sunday,0.07,2.45
1e0qq-8fqks,Other,2022-07-16,1750.0,69215,61.0,28,0.55,Short,83,Saturday,0.09,2.53
XwCJxackVpI,Other,2022-07-16,19289.0,1061677,249.0,15,2.2,Short,79,Saturday,0.02,1.82
Rwo70OVgvt0,Other,2022-07-16,2608.0,66243,30.0,22,0.27,Short,59,Saturday,0.05,3.94
rExZeNAxJu4,Teaser,2022-07-16,15249.0,16419326,310.0,18,1.83,Short,98,Saturday,0.0,0.09
ikgCK6YMElU,Other,2022-07-15,4423.0,59691,23.0,16,0.93,Short,89,Friday,0.04,7.41
6vuXYVYJX4k,Teaser,2022-07-15,7414.0,647055,193.0,21,1.73,Short,73,Friday,0.03,1.15
Dzx2hnXrkQE,Other,2022-07-15,7848.0,947809,168.0,19,2.15,Short,73,Friday,0.02,0.83
DfE2NtGK3mQ,Other,2022-07-15,3767.0,6290679,219.0,14,1.1,Short,98,Friday,0.0,0.06
uEnBbXEbaQc,Other,2022-07-14,1251.0,43397,38.0,15,0.88,Short,80,Thursday,0.09,2.88
q1zKRLgrJvQ,Other,2022-07-14,511.0,31893,19.0,20,2.05,Short,61,Thursday,0.06,1.6
4MKW3S2pL9w,Other,2022-07-14,3756.0,109214,114.0,3,1.48,Short,75,Thursday,0.1,3.44
GTLS6QCTm3I,Other,2022-07-14,1095.0,32640,38.0,15,3.73,Short,71,Thursday,0.12,3.35
aZrgi-02Y9c,Other,2022-07-13,31201.0,688101,136.0,9,0.3,Short,95,Wednesday,0.02,4.53
U-3QHCuKW4U,Other,2022-07-13,6245.0,259484,78.0,17,8.48,Short,100,Wednesday,0.03,2.41
hewaloVB6JQ,Other,2022-07-13,19729.0,1547046,340.0,21,1.83,Short,67,Wednesday,0.02,1.28
bcpnmw6vCC4,Other,2022-07-13,12403.0,825671,2771.0,26,2.65,Short,82,Wednesday,0.34,1.5
xrm2P0ehYdc,Other,2022-07-12,1512.0,67099,47.0,15,2.6,Short,97,Tuesday,0.07,2.25
cdyuHqIyNm8,Teaser,2022-07-12,5250.0,161747,143.0,32,2.92,Short,86,Tuesday,0.09,3.25
D346arxIYBk,Action,2022-07-12,188096.0,6585691,5111.0,26,0.97,Short,75,Tuesday,0.08,2.86
dywZA69ehsU,Other,2022-07-11,32658.0,846207,945.0,19,65.25,Long,94,Monday,0.11,3.86
QbdYDayDfns,Other,2022-07-11,1173.0,67858,21.0,19,1.95,Short,64,Monday,0.03,1.73
TJrHoWytRDQ,Other,2022-07-11,5817.0,129342,157.0,24,4.32,Short,68,Monday,0.12,4.5
SF85FdixGvQ,Announcement,2022-07-11,46533.0,1305971,776.0,26,1.08,Short,89,Monday,0.06,3.56
Yz9Xju10CmY,Other,2022-07-10,33359.0,666737,611.0,21,25.82,Long,104,Sunday,0.09,5.0
_86v8UZ83AA,Other,2022-07-10,754.0,34539,34.0,20,1.77,Short,73,Sunday,0.1,2.18
aqwPd6DlkX4,Other,2022-07-10,3219.0,66247,7.0,22,1.0,Short,75,Sunday,0.01,4.86
TcCuEnWMFig,Clip,2022-07-09,1422.0,73916,43.0,23,2.23,Short,84,Saturday,0.06,1.92
4vjA_sRRSY0,Other,2022-07-09,12154.0,796795,249.0,3,7.7,Short,79,Saturday,0.03,1.53
EGG-2VJQe6Q,Other,2022-07-09,12035.0,212343,285.0,13,1.93,Short,99,Saturday,0.13,5.67
9NXD048klnc,Other,2022-07-08,16967.0,1445522,325.0,21,1.88,Short,69,Friday,0.02,1.17
cJbjEgd9Mko,Clip,2022-07-08,3825.0,96240,66.0,20,6.22,Short,66,Friday,0.07,3.97
RHUAG8UZ-pc,Song,2022-07-08,3718.0,15870078,88.0,17,2.82,Short,88,Friday,0.0,0.02
5DF8PEUiZeo,Other,2022-07-07,1255.0,3286119,30.0,3,0.5,Short,98,Thursday,0.0,0.04
5X01WsH9TbE,Teaser,2022-07-07,13349.0,1038332,315.0,20,2.43,Short,90,Thursday,0.03,1.29
RK3YzH4iWjA,Other,2022-07-07,7195.0,3189465,101.0,3,0.5,Short,96,Thursday,0.0,0.23
904Ik_9m5b4,Other,2022-07-06,3010.0,68268,8.0,20,0.53,Short,60,Wednesday,0.01,4.41
j3x3Ox8Fz_g,Other,2022-07-06,7615.0,204070,169.0,21,3.37,Short,68,Wednesday,0.08,3.73
3jAyt9u8LTs,Other,2022-07-06,2654.0,151888,31.0,21,0.88,Short,75,Wednesday,0.02,1.75
kg3Xd260qIY,Teaser,2022-07-05,39761.0,3122816,743.0,19,2.75,Short,73,Tuesday,0.02,1.27
Me0LLk7FXZ4,Other,2022-07-05,1141.0,2984075,17.0,3,0.5,Short,99,Tuesday,0.0,0.04
Ny_24QMdyYM,Teaser,2022-07-05,151218.0,6657178,3792.0,6,1.67,Short,97,Tuesday,0.06,2.27
nTZMZL8PTzw,Other,2022-07-05,1757.0,45730,62.0,15,0.85,Short,72,Tuesday,0.14,3.84
A99NJTFob4Q,Other,2022-07-04,2386.0,67403,79.0,6,0.67,Short,88,Monday,0.12,3.54
IBMyqh92CFc,Other,2022-07-04,2209.0,61893,73.0,19,6.18,Short,81,Monday,0.12,3.57
4o0q1hQDK2o,Other,2022-07-04,2236.0,48300,15.0,20,0.4,Short,76,Monday,0.03,4.63
wJalxZ3UbVw,Clip,2022-07-03,153.0,21614,14.0,22,2.07,Short,57,Sunday,0.06,0.71
dmIFhpQe9Zk,Clip,2022-07-03,398767.0,13866256,10331.0,32,3.6,Short,75,Sunday,0.07,2.88
owK9H-cnND8,Behind the Scenes,2022-07-02,1936.0,56635,42.0,16,6.38,Short,61,Saturday,0.07,3.42
BL3ytBo6kV4,Clip,2022-07-02,726.0,23361,25.0,17,2.55,Short,90,Saturday,0.11,3.11
nXQVoJdDdBg,Clip,2022-07-02,103780.0,17332263,2483.0,29,2.28,Short,50,Saturday,0.01,0.6
fcSqg11QKEY,Other,2022-07-01,25565.0,578033,774.0,14,9.78,Short,83,Friday,0.13,4.42
w1UU3cMRtRE,Other,2022-07-01,1184.0,61907,67.0,20,2.07,Short,76,Friday,0.11,1.91
00skpoG10AY,Other,2022-07-01,7636.0,125267,119.0,33,0.32,Short,69,Friday,0.09,6.1
L5jpfFrOilc,Clip,2022-06-30,4105.0,122329,113.0,21,5.43,Short,96,Thursday,0.09,3.36
MLLU4U_86x4,Other,2022-06-30,5145.0,139257,80.0,3,0.6,Short,91,Thursday,0.06,3.69
p3nfFI7YWos,Announcement,2022-06-30,342.0,24257,16.0,19,0.47,Short,91,Thursday,0.07,1.41
TFW-abYoAt8,Other,2022-06-29,3039.0,73823,20.0,18,0.97,Short,78,Wednesday,0.03,4.12
N4CtctYMzl0,Other,2022-06-29,1010.0,26341,39.0,14,2.67,Short,61,Wednesday,0.15,3.83
hNL91YjEhSo,Clip,2022-06-29,54492.0,4393941,876.0,15,3.02,Short,80,Wednesday,0.02,1.24
ErYEPkzNm9M,Other,2022-06-29,3653.0,71675,103.0,24,2.83,Short,92,Wednesday,0.14,5.1
IOKt2EuPOCE,Other,2022-06-28,3157.0,75082,20.0,18,0.43,Short,84,Tuesday,0.03,4.2
4RLJs6YefbU,Other,2022-06-28,851.0,81270,42.0,21,0.65,Short,85,Tuesday,0.05,1.05
qtI1HnBmcew,Other,2022-06-28,1940.0,49187,14.0,21,0.97,Short,85,Tuesday,0.03,3.94
_Nx5qg9Yejw,Teaser,2022-06-28,69041.0,4398152,1312.0,28,1.43,Short,72,Tuesday,0.03,1.57
pyOIo6p6cUQ,Other,2022-06-27,2461.0,51838,27.0,3,0.7,Short,50,Monday,0.05,4.75
Ae7plcH0xaA,Other,2022-06-27,3138.0,54707,18.0,18,0.75,Short,84,Monday,0.03,5.74
pTtU59-JH6A,Teaser,2022-06-27,2223.0,61813,15.0,24,0.33,Short,70,Monday,0.02,3.6
14qAupmfWF4,Other,2022-06-27,3403.0,85613,130.0,14,3.27,Short,65,Monday,0.15,3.97
0IylZ0FE2SU,Other,2022-06-26,6357.0,147437,48.0,18,0.25,Short,76,Sunday,0.03,4.31
zpNYWsdPhq8,Other,2022-06-26,43878.0,829447,1429.0,12,6.78,Short,83,Sunday,0.17,5.29
J4tI9NJvEzk,Other,2022-06-26,3117.0,95315,11.0,21,0.88,Short,79,Sunday,0.01,3.27
PY01T-Lt83g,Other,2022-06-25,4251.0,104511,18.0,21,0.5,Short,95,Saturday,0.02,4.07
TqDqN0ukE7o,Behind the Scenes,2022-06-25,2484.0,70154,78.0,16,5.63,Short,64,Saturday,0.11,3.54
2V69tiQ2Dc4,Song,2022-06-25,45112.0,2279230,1622.0,13,2.98,Short,96,Saturday,0.07,1.98
joH3je2HrxA,Teaser,2022-06-24,131468.0,29997533,3414.0,15,2.77,Short,67,Friday,0.01,0.44
2fdRGblZ5Hc,Other,2022-06-24,1206.0,48572,98.0,21,8.3,Short,64,Friday,0.2,2.48
uxZSgCSO9fY,Other,2022-06-24,6020.0,172405,546.0,32,0.88,Short,72,Friday,0.32,3.49
-1KKiwdWn10,Other,2022-06-23,65530.0,2351442,1547.0,27,18.35,Long,67,Thursday,0.07,2.79
eIY03l7lEUQ,Other,2022-06-23,376608.0,18037517,506.0,21,0.43,Short,72,Thursday,0.0,2.09
aO8XJPMQYRY,Other,2022-06-23,840.0,31865,26.0,21,5.1,Short,84,Thursday,0.08,2.64
V0oFxeGqFdU,Other,2022-06-22,67173.0,1403734,153.0,17,1.0,Short,85,Wednesday,0.01,4.79
l5OAxkuq850,Teaser,2022-06-22,61763.0,1465807,1834.0,33,1.92,Short,58,Wednesday,0.13,4.21
uctztNtbsck,Other,2022-06-22,8196.0,100667,65.0,23,0.45,Short,80,Wednesday,0.06,8.14
r5oDqWJRoFo,Teaser,2022-06-21,22503.0,466981,902.0,33,1.92,Short,52,Tuesday,0.19,4.82
ks933lmUMu4,Other,2022-06-21,2947.0,76522,235.0,32,4.98,Short,72,Tuesday,0.31,3.85
i7yFiUio0u0,Teaser,2022-06-21,336296.0,23560602,7817.0,16,2.62,Short,91,Tuesday,0.03,1.43
N21mMaIRQQ8,Other,2022-06-20,1762.0,48790,83.0,23,1.48,Short,99,Monday,0.17,3.61
g6S9uomLG1k,Other,2022-06-20,3562.0,241895,196.0,21,3.38,Short,92,Monday,0.08,1.47
dKzlFmgO8aY,Other,2022-06-20,109135.0,1744644,1345.0,20,3.25,Short,71,Monday,0.08,6.26
fUC7qpH6Pmw,Other,2022-06-19,22292.0,693816,389.0,27,14.27,Long,87,Sunday,0.06,3.21
HVj2vViC0mY,Other,2022-06-19,1277.0,28667,50.0,21,2.13,Short,96,Sunday,0.17,4.45
ZRnUVILQ82A,Other,2022-06-19,22258.0,578899,244.0,18,8.4,Short,80,Sunday,0.04,3.84
X0zIZR-Lwqk,Clip,2022-06-18,152255.0,10475829,1251.0,21,2.5,Short,67,Saturday,0.01,1.45
s-UvmjTo7nM,Behind the Scenes,2022-06-18,4348.0,95850,99.0,16,4.93,Short,63,Saturday,0.1,4.54
aNcBgWvwpCk,Other,2022-06-18,4249.0,646675,147.0,21,3.13,Short,68,Saturday,0.02,0.66
qoJJl-WU0yw,Announcement,2022-06-17,6571.0,288191,208.0,17,0.33,Short,86,Friday,0.07,2.28
jQxM_TUxWcg,Other,2022-06-17,2794.0,5099123,80.0,21,0.8,Short,87,Friday,0.0,0.05
0W3aiSZ6Aq4,Other,2022-06-17,1270888.0,37059244,20566.0,22,11.47,Long,96,Friday,0.06,3.43
mUf24Vjev1A,Teaser,2022-06-16,1382.0,88737,25.0,21,1.75,Short,87,Thursday,0.03,1.56
EgIYsNkyBlE,Romance,2022-06-16,920.0,31047,26.0,21,2.37,Short,99,Thursday,0.08,2.96
r2Q9sLD-z1E,Other,2022-06-16,2797.0,217418,105.0,21,0.87,Short,91,Thursday,0.05,1.29
Gi_7hrQ2lrs,Teaser,2022-06-15,3268.0,226149,48.0,21,1.75,Short,86,Wednesday,0.02,1.45
B2TtbJhBfn0,Other,2022-06-15,3707.0,880054,160.0,21,2.33,Short,93,Wednesday,0.02,0.42
MSGY4vOoyO4,Other,2022-06-15,14291.0,293240,389.0,21,2.27,Short,65,Wednesday,0.13,4.87
vj5wFI_VhUY,Other,2022-06-14,5019.0,2621763,126.0,21,1.13,Short,70,Tuesday,0.0,0.19
DnS76XzOTEs,Other,2022-06-14,65899.0,4982924,409.0,21,1.82,Short,65,Tuesday,0.01,1.32
qiy10lDSFuY,Announcement,2022-06-13,2629.0,53104,94.0,23,1.68,Short,47,Monday,0.18,4.95
2bviJV1clD4,Other,2022-06-13,35007.0,1051207,834.0,21,15.73,Long,74,Monday,0.08,3.33
UEVvLKG6jrU,Other,2022-06-12,35756.0,2608539,354.0,21,2.13,Short,72,Sunday,0.01,1.37
3lAuUdTye78,Behind the Scenes,2022-06-11,4962.0,163480,138.0,16,9.45,Short,76,Saturday,0.08,3.04
vgnDpwsN0WA,Teaser,2022-06-11,29279.0,563363,453.0,34,0.73,Short,55,Saturday,0.08,5.2
YyJG0BnX_s4,Other,2022-06-10,2304.0,105040,282.0,20,3.63,Short,72,Friday,0.27,2.19
Ic6Xjm0w4BU,Teaser,2022-06-10,70661.0,2246880,1312.0,17,0.68,Short,66,Friday,0.06,3.14
Q8UuV_T6v2Y,Other,2022-06-10,61055.0,1665431,554.0,21,2.3,Short,67,Friday,0.03,3.67
xuPw_myGt6w,Action,2022-06-09,6074.0,182671,235.0,28,83.58,Long,95,Thursday,0.13,3.33
UkdQALIOgpA,Other,2022-06-09,2258.0,41705,54.0,29,44.33,Long,92,Thursday,0.13,5.41
mHCFYJ9OvH4,Other,2022-06-09,9710.0,286521,231.0,33,2.65,Short,88,Thursday,0.08,3.39
bjqR5FTGB7s,Action,2022-06-09,1260.0,38262,44.0,18,0.28,Short,92,Thursday,0.11,3.29
G2nIAZw4zr8,Teaser,2022-06-08,9042.0,210188,559.0,27,1.28,Short,69,Wednesday,0.27,4.3
LjaaoWOvUWM,Action,2022-06-08,32729.0,3838121,727.0,34,2.33,Short,74,Wednesday,0.02,0.85
HFr4GOsj_kw,Teaser,2022-06-08,74815.0,8485576,691.0,21,1.75,Short,80,Wednesday,0.01,0.88
Qm9G5pDZS6s,Clip,2022-06-07,3832.0,132609,113.0,33,1.97,Short,76,Tuesday,0.09,2.89
TvKoei-9FS0,Teaser,2022-06-07,244.0,7410,11.0,18,24.32,Long,91,Tuesday,0.15,3.29
bU6q7FmOTlA,Clip,2022-06-07,243.0,12168,6.0,37,3.6,Short,75,Tuesday,0.05,2.0
HASOwS3Jayg,Clip,2022-06-07,1286.0,27336,111.0,19,25.02,Long,73,Tuesday,0.41,4.7
zYbbp6kf7YI,Other,2022-06-07,306.0,8608,9.0,28,35.92,Long,89,Tuesday,0.1,3.55
f2eRPbthYgA,Announcement,2022-06-07,53259.0,2100128,1244.0,12,0.35,Short,87,Tuesday,0.06,2.54
hsjdKsksPJE,Other,2022-06-06,9827.0,476920,194.0,24,1.5,Short,60,Monday,0.04,2.06
5cOXDvV95Z8,Clip,2022-06-06,2153.0,51239,61.0,25,29.23,Long,71,Monday,0.12,4.2
2O-uxI-6SaY,Announcement,2022-06-06,579.0,12890,18.0,24,24.58,Long,64,Monday,0.14,4.49
tEJql12gwxg,Announcement,2022-06-06,41357.0,686398,1877.0,29,0.3,Short,58,Monday,0.27,6.03
I8eMzcqwjf4,Other,2022-06-06,704.0,14872,108.0,28,65.58,Long,89,Monday,0.73,4.73
uoUlX9HSoYU,Other,2022-06-06,29329.0,3264796,373.0,21,1.9,Short,70,Monday,0.01,0.9
en4dS92zClM,Other,2022-06-05,11080.0,1247441,413.0,19,1.52,Short,69,Sunday,0.03,0.89
4MvVHhKQjqc,Action,2022-06-04,54507.0,1682389,1456.0,29,0.88,Short,78,Saturday,0.09,3.24
4J4WrrnHT5U,Other,2022-06-03,207136.0,3935922,3181.0,18,6.42,Short,84,Friday,0.08,5.26
fNEtMv79QCY,Teaser,2022-06-03,13795.0,1523854,345.0,21,1.23,Short,83,Friday,0.02,0.91
fpnfIoal4kA,Romance,2022-06-02,9659.0,735608,362.0,18,0.8,Short,64,Thursday,0.05,1.31
bzlo8GyBUd0,Clip,2022-06-02,5902.0,171618,442.0,24,2.13,Short,98,Thursday,0.26,3.44
IQmZy6DsRdY,Other,2022-06-01,5069.0,109598,156.0,35,2.47,Short,85,Wednesday,0.14,4.63
jvGgBN-v3Z8,Other,2022-06-01,1663.0,44693,0.0,12,1.72,Short,67,Wednesday,0.0,3.72
P9zouOSirLQ,Other,2022-06-01,2288.0,271012,36.0,21,1.78,Short,88,Wednesday,0.01,0.84
8Ww7Kl2HWJM,Other,2022-05-31,1179.0,30273,60.0,14,5.93,Short,69,Tuesday,0.2,3.89
YBk3J9Cq274,Comedy,2022-05-30,1370.0,29000,38.0,20,1.13,Short,100,Monday,0.13,4.72
OWRv66xc-Ps,Other,2022-05-30,34361.0,879956,757.0,24,1.43,Short,66,Monday,0.09,3.9
zEThdNtc568,Clip,2022-05-29,21508.0,823200,1303.0,32,1.92,Short,73,Sunday,0.16,2.61
j_S_NBhQNTs,Clip,2022-05-28,126071.0,19883094,2516.0,27,2.42,Short,51,Saturday,0.01,0.63
NQyBjHWC4No,Other,2022-05-27,2450.0,75777,59.0,28,6.85,Short,68,Friday,0.08,3.23
H_56Ty2-vt4,Other,2022-05-26,8948.0,207416,170.0,24,0.42,Short,53,Thursday,0.08,4.31
OKiIE3Ou3KI,Other,2022-05-26,90261.0,2894509,1705.0,16,2.25,Short,66,Thursday,0.06,3.12
OryyR6ad2rQ,Teaser,2022-05-25,3150.0,118485,203.0,25,1.98,Short,57,Wednesday,0.17,2.66
Fnsb3VuBms8,Teaser,2022-05-25,6324.0,197601,107.0,25,1.98,Short,54,Wednesday,0.05,3.2
pfLY_2f44pc,Teaser,2022-05-25,39452.0,783077,717.0,25,1.98,Short,53,Wednesday,0.09,5.04
AFiAk8FRuuA,Song,2022-05-25,44562.0,897901,1020.0,3,2.68,Short,59,Wednesday,0.11,4.96
c1ICmUAe92E,Teaser,2022-05-24,95695.0,2481585,3679.0,24,2.0,Short,47,Tuesday,0.15,3.86
POLixFkmK9A,Teaser,2022-05-24,78480.0,2672903,1442.0,24,1.98,Short,53,Tuesday,0.05,2.94
pkuE0gs60yk,Other,2022-05-24,4495.0,164248,84.0,31,4.25,Short,96,Tuesday,0.05,2.74
uHfOz-Fpg6k,Other,2022-05-24,6394.0,309859,237.0,6,1.33,Short,99,Tuesday,0.08,2.06
5W1X3L91LZc,Teaser,2022-05-23,11576.0,160262,263.0,32,1.42,Short,58,Monday,0.16,7.22
MI8VQmS7RRo,Clip,2022-05-23,2423.0,110919,81.0,28,1.9,Short,90,Monday,0.07,2.18
_XNqlYs0rO0,Clip,2022-05-23,36048.0,6778088,715.0,29,2.25,Short,78,Monday,0.01,0.53
Kh1TpZKUe_Y,Other,2022-05-22,509.0,19607,30.0,17,3.8,Short,88,Sunday,0.15,2.6
coD54N5F61U,Teaser,2022-05-22,17006.0,891498,626.0,29,0.52,Short,65,Sunday,0.07,1.91
dSxGAoWOxuk,Clip,2022-05-21,93169.0,17572011,2001.0,27,2.28,Short,87,Saturday,0.01,0.53
cdGXEvYtH-0,Other,2022-05-21,4022.0,126077,121.0,27,3.87,Short,76,Saturday,0.1,3.19
ZtNlLk1jRcg,Clip,2022-05-21,3971.0,180250,180.0,27,1.8,Short,84,Saturday,0.1,2.2
c21mw2R86gI,Other,2022-05-20,3715.0,110041,122.0,24,0.57,Short,81,Friday,0.11,3.38
EJqK_V6RQCw,Other,2022-05-20,16044.0,1157579,532.0,26,0.52,Short,68,Friday,0.05,1.39
2v-_mzlRJfM,Other,2022-05-20,6065.0,100676051,171.0,3,0.75,Short,91,Friday,0.0,0.01
ZK1cQLcMY0k,Other,2022-05-18,4419.0,98916,136.0,19,6.5,Short,96,Wednesday,0.14,4.47
1pEN3Q_2-6E,Teaser,2022-05-18,56498.0,1974839,678.0,33,2.0,Short,69,Wednesday,0.03,2.86
kIJdBtI9vjY,Teaser,2022-05-17,79838.0,3362947,1234.0,35,2.0,Short,63,Tuesday,0.04,2.37
1bdkx3Fluew,Other,2022-05-17,266.0,15787,16.0,23,3.37,Short,70,Tuesday,0.1,1.68
E5BlE6oql7A,Other,2022-05-17,243323.0,5308017,6039.0,23,11.58,Long,76,Tuesday,0.11,4.58
yhEyxfLCNv0,Teaser,2022-05-16,1876.0,53985,97.0,11,2.08,Short,76,Monday,0.18,3.48
BS-e9vP4zjw,Other,2022-05-16,43709.0,3539648,900.0,19,2.08,Short,63,Monday,0.03,1.23
ho0wk1SxaKs,Interview,2022-05-16,51823.0,5994697,974.0,34,3.27,Short,79,Monday,0.02,0.86
DVYnf5D4Q8M,Teaser,2022-05-15,2241.0,147015,104.0,25,2.27,Short,98,Sunday,0.07,1.52
mI_LjbbYf08,Other,2022-05-15,66734.0,1276175,1171.0,11,9.18,Short,77,Sunday,0.09,5.23
l_fNPSrJKu0,Other,2022-05-14,35342.0,946334,968.0,24,16.15,Long,96,Saturday,0.1,3.73
_x5BvWZavQ8,Announcement,2022-05-14,61468.0,3994823,15153.0,14,1.58,Short,61,Saturday,0.38,1.54
PxZ5gGfPtCQ,Teaser,2022-05-13,32933.0,1084698,2370.0,27,1.57,Short,56,Friday,0.22,3.04
zLrIcrX-wzU,Horror,2022-05-13,51745.0,974632,1258.0,23,1.55,Short,70,Friday,0.13,5.31
Bs4CskXw0Lw,Other,2022-05-13,25015.0,602386,230.0,27,2.05,Short,62,Friday,0.04,4.15
nawWsZPZIww,Other,2022-05-11,2002.0,66838,73.0,6,0.33,Short,63,Wednesday,0.11,3.0
oLEH_H5NTzg,Other,2022-05-11,1349.0,53897,57.0,6,0.33,Short,60,Wednesday,0.11,2.5
7h-DVpJSSYE,Other,2022-05-11,6393.0,150702,197.0,6,0.35,Short,59,Wednesday,0.13,4.24
16Ffc-H3HM0,Other,2022-05-11,3332.0,194869,133.0,29,10.93,Long,99,Wednesday,0.07,1.71
UWKTzX0JoH0,Clip,2022-05-11,144141.0,11674552,1852.0,18,2.27,Short,78,Wednesday,0.02,1.23
qj86Ph-3ITg,Romance,2022-05-10,61222.0,3841439,907.0,24,1.82,Short,69,Tuesday,0.02,1.59
0_SDtR307mc,Other,2022-05-09,1535.0,66908,106.0,28,13.0,Long,70,Monday,0.16,2.29
JrPZQ8QV8n4,Other,2022-05-09,30394.0,3401744,670.0,24,2.22,Short,74,Monday,0.02,0.89
yLXrdq4Uty8,Other,2022-05-08,35839.0,817540,765.0,21,21.08,Long,94,Sunday,0.09,4.38
ML4yztPoDCo,Other,2022-05-08,1319.0,44874,29.0,12,6.92,Short,89,Sunday,0.06,2.94
ta-10q4yKpY,Romance,2022-05-07,6613.0,335654,144.0,33,2.42,Short,95,Saturday,0.04,1.97
xlectlA9oc0,Other,2022-05-06,1643.0,85907,54.0,30,1.02,Short,92,Friday,0.06,1.91
fCTWkSt8Kec,Interview,2022-05-05,39146.0,5464553,889.0,23,2.08,Short,83,Thursday,0.02,0.72
f4LM97j0iYE,Action,2022-05-05,6920.0,291161,117.0,29,13.92,Long,89,Thursday,0.04,2.38
lAgRU0Iru34,Other,2022-05-04,12029.0,345391,142.0,23,13.9,Long,76,Wednesday,0.04,3.48
1iT1fAjZols,Other,2022-05-04,1224.0,59916,46.0,30,5.23,Short,87,Wednesday,0.08,2.04
QkO4X-6nRjo,Romance,2022-05-03,1085.0,107463,38.0,20,2.97,Short,84,Tuesday,0.04,1.01
CNn7cG-rJdM,Other,2022-05-02,61237.0,6076612,839.0,19,2.87,Short,78,Monday,0.01,1.01
TTLqo6MqeIw,Other,2022-05-02,723.0,24248,40.0,27,2.6,Short,62,Monday,0.16,2.98
SbrY-Gc10mQ,Romance,2022-05-01,1288.0,33959,98.0,29,1.53,Short,82,Sunday,0.29,3.79
nt0jMfcgFv4,Other,2022-04-30,2840.0,52654,306.0,19,2.67,Short,55,Saturday,0.58,5.39
KoLOdkpEiAw,Other,2022-04-30,98709.0,7794360,1041.0,19,2.88,Short,72,Saturday,0.01,1.27
I7_TVa9rMhg,Other,2022-04-29,5867.0,235975,117.0,26,5.53,Short,64,Friday,0.05,2.49
CsNhdyGIkDM,Announcement,2022-04-29,15414.0,426274,574.0,32,0.7,Short,70,Friday,0.13,3.62
oyRN86Dmv58,Other,2022-04-28,88479.0,1577822,1688.0,30,19.18,Long,81,Thursday,0.11,5.61
ysKOLNgHRxY,Other,2022-04-28,73827.0,2529803,557.0,27,3.38,Short,94,Thursday,0.02,2.92
_J7tNBa9yVg,Other,2022-04-27,20706.0,2006921,383.0,22,1.65,Short,68,Wednesday,0.02,1.03
Mtc8Se5qgxs,Other,2022-04-27,902.0,46522,32.0,22,1.05,Short,97,Wednesday,0.07,1.94
1awooHZvJMc,Other,2022-04-26,2701.0,73029,67.0,23,1.18,Short,77,Tuesday,0.09,3.7
WCDp2oHrv-k,Other,2022-04-26,651.0,19135,18.0,27,1.22,Short,81,Tuesday,0.09,3.4
kbGQWb2J9jw,Other,2022-04-25,39631.0,2576617,512.0,20,3.23,Short,97,Monday,0.02,1.54
_54W_M7GSBQ,Other,2022-04-25,4509.0,260755,102.0,17,2.22,Short,68,Monday,0.04,1.73
d8MRiTszGf4,Other,2022-04-24,2595.0,79275,0.0,14,2.08,Short,53,Sunday,0.0,3.27
vFrIJV_Fd1o,Clip,2022-04-24,5700.0,611268,127.0,34,2.37,Short,74,Sunday,0.02,0.93
NtOPxiPYsRU,Comedy,2022-04-23,1967.0,56840,46.0,18,2.13,Short,75,Saturday,0.08,3.46
Va2mn29pGLE,Clip,2022-04-23,2390.0,131557,59.0,34,3.12,Short,95,Saturday,0.04,1.82
TSrm5dGV678,Other,2022-04-22,3003.0,263090,123.0,24,13.72,Long,91,Friday,0.05,1.14
ZOldovwNOdk,Other,2022-04-21,600.0,22042,25.0,16,0.77,Short,51,Thursday,0.11,2.72
Wz2dhjANVtg,Other,2022-04-21,1305.0,34679,70.0,17,1.1,Short,64,Thursday,0.2,3.76
Rq8DSIKoxig,Other,2022-04-21,1102.0,117033,37.0,16,2.17,Short,72,Thursday,0.03,0.94
rLe66LyOrDY,Other,2022-04-20,76839.0,1413892,6062.0,24,20.43,Long,76,Wednesday,0.43,5.43
EJmGsXA9bps,Other,2022-04-20,6131.0,195538,206.0,27,0.5,Short,98,Wednesday,0.11,3.14
y6k23UZP2k4,Other,2022-04-19,531.0,27727,46.0,16,1.32,Short,46,Tuesday,0.17,1.92
jO5othqAMnI,Other,2022-04-19,740.0,43447,30.0,18,1.23,Short,94,Tuesday,0.07,1.7
Z4OyzkewkDE,Other,2022-04-18,91531.0,1728832,1470.0,25,11.62,Long,98,Monday,0.09,5.29
8SdUGQkJYEs,Teaser,2022-04-18,123437.0,21565763,2267.0,16,2.0,Short,95,Monday,0.01,0.57
p7yLKGcYbkw,Other,2022-04-17,1227.0,80792,44.0,17,0.77,Short,53,Sunday,0.05,1.52
3lC_CA5huJE,Other,2022-04-16,534.0,32760,23.0,17,1.63,Short,59,Saturday,0.07,1.63
6ROBk1o3_fE,Other,2022-04-15,1530.0,77299,27.0,16,2.1,Short,77,Friday,0.03,1.98
8r5HHb5Ol-o,Other,2022-04-15,1438.0,65090,70.0,18,1.58,Short,83,Friday,0.11,2.21
Jwow0hEb8vg,Teaser,2022-04-14,29252.0,520105,663.0,17,11.97,Long,93,Thursday,0.13,5.62
6Uhp8ygp4rM,Other,2022-04-14,20935.0,2583333,632.0,15,45.22,Long,99,Thursday,0.02,0.81
9qth9dHXO9U,Teaser,2022-04-13,5435.0,151480,275.0,31,3.52,Short,59,Wednesday,0.18,3.59
OvblHC3wSU0,Action,2022-04-12,3867.0,871856,0.0,20,1.72,Short,82,Tuesday,0.0,0.44
EV3liGzfdJ4,Other,2022-04-11,25329.0,1600109,0.0,31,7.7,Short,78,Monday,0.0,1.58
EYVve79ty8w,Other,2022-04-11,532.0,18383,30.0,3,4.32,Short,66,Monday,0.16,2.89
kzzZCZAjm1U,Other,2022-04-10,7750.0,804768,196.0,28,1.2,Short,70,Sunday,0.02,0.96
053t3PR0VEk,Other,2022-04-10,39695.0,3962009,793.0,30,30.92,Long,95,Sunday,0.02,1.0
cCFMbT2-BT8,Other,2022-04-09,13954.0,1797635,352.0,28,2.25,Short,69,Saturday,0.02,0.78
8BX3MPOgzP0,Other,2022-04-08,3596.0,297217,64.0,9,1.88,Short,98,Friday,0.02,1.21
kdnOdogVKRo,Teaser,2022-04-07,377.0,15238,11.0,10,0.92,Short,54,Thursday,0.07,2.47
Eh4dss4SDFI,Other,2022-04-07,5895.0,147901,218.0,3,13.63,Long,99,Thursday,0.15,3.99
I25lMkfXh1U,Other,2022-04-06,7649.0,484200,186.0,9,2.45,Short,86,Wednesday,0.04,1.58
XdhF3VgdvBk,Teaser,2022-04-06,1112.0,80176,27.0,3,0.92,Short,50,Wednesday,0.03,1.39
DxQhPryA5SQ,Other,2022-04-06,8719.0,395520,214.0,21,3.45,Short,80,Wednesday,0.05,2.2
5pToev59l_Y,Teaser,2022-04-05,607.0,21964,37.0,10,0.75,Short,44,Tuesday,0.17,2.76
sc1iWvVtYAM,Other,2022-04-05,246530.0,5054144,4406.0,24,13.4,Long,67,Tuesday,0.09,4.88
SwkPVh85KgY,Teaser,2022-04-04,1017.0,41800,45.0,10,0.65,Short,43,Monday,0.11,2.43
h37wR-Kp_Ng,Other,2022-04-03,4286.0,307632,77.0,6,1.67,Short,72,Sunday,0.03,1.39
VmOJidC_AI8,Other,2022-04-03,5456.0,210092,266.0,7,5.65,Short,73,Sunday,0.13,2.6
YrHMnE00-Ho,Comedy,2022-04-02,3422.0,98270,56.0,13,1.92,Short,99,Saturday,0.06,3.48
9FfMLf6EUBE,Other,2022-04-02,9508.0,250080,101.0,15,12.57,Long,75,Saturday,0.04,3.8
hx6PDa7STiY,Other,2022-04-01,34311.0,909204,476.0,16,24.13,Long,62,Friday,0.05,3.77
ui_ZmkAGxAw,Other,2022-04-01,140857.0,3541179,1831.0,8,9.02,Short,90,Friday,0.05,3.98
Evslg1cBbm8,Teaser,2022-03-31,17573.0,1758100,1018.0,3,2.2,Short,99,Thursday,0.06,1.0
f2371CjayMA,Teaser,2022-03-31,2547.0,156866,141.0,21,2.0,Short,63,Thursday,0.09,1.62
OxRikNXSk4k,Romance,2022-03-30,879.0,37286,32.0,3,0.88,Short,95,Wednesday,0.09,2.36
NdBY5TcXr6o,Other,2022-03-30,35438.0,1023507,542.0,19,10.7,Long,97,Wednesday,0.05,3.46
Iwj9SwOOw38,Romance,2022-03-29,36146.0,1164258,555.0,10,4.65,Short,92,Tuesday,0.05,3.1
8uJgtegurag,Other,2022-03-29,1923.0,63814,101.0,9,2.6,Short,54,Tuesday,0.16,3.01
ol4KKPJripE,Other,2022-03-29,10745.0,934638,220.0,3,1.88,Short,90,Tuesday,0.02,1.15
tNOXvofcp2U,Other,2022-03-27,853.0,42626,32.0,10,2.55,Short,78,Sunday,0.08,2.0
FmZzno7aRM0,Romance,2022-03-26,1102.0,54935,32.0,12,1.25,Short,95,Saturday,0.06,2.01
_JC2nb3QGBY,Other,2022-03-26,18110.0,6172375,0.0,16,2.17,Short,84,Saturday,0.0,0.29
DmgPYFCSWq0,Other,2022-03-26,6937.0,418911,143.0,17,1.85,Short,68,Saturday,0.03,1.66
Ohg8Iee4WCo,Other,2022-03-25,126045.0,2625167,3068.0,7,8.22,Short,68,Friday,0.12,4.8
m89P-tsA65c,Comedy,2022-03-24,16820.0,563612,164.0,13,2.38,Short,101,Thursday,0.03,2.98
lT_ud0NY_MU,Teaser,2022-03-24,138792.0,17733015,3032.0,16,2.17,Short,79,Thursday,0.02,0.78
mO-poxO4m1o,Teaser,2022-03-23,505.0,30506,20.0,18,3.7,Short,94,Wednesday,0.07,1.66
DPxDnyOdUWU,Teaser,2022-03-23,881.0,31309,26.0,18,3.72,Short,96,Wednesday,0.08,2.81
HEZAi9O2pIM,Drama,2022-03-23,3818.0,134411,148.0,18,6.15,Short,60,Wednesday,0.11,2.84
UWQOv0f8LVU,Teaser,2022-03-22,630.0,36240,24.0,18,3.72,Short,93,Tuesday,0.07,1.74
UEReI2rn7GU,Teaser,2022-03-22,2441.0,102734,76.0,3,3.72,Short,92,Tuesday,0.07,2.38
FTY1eutDWCU,Other,2022-03-22,21404.0,1770079,381.0,18,2.23,Short,96,Tuesday,0.02,1.21
yBK1gUPR_48,Other,2022-03-22,3404.0,134637,73.0,10,14.77,Long,99,Tuesday,0.05,2.53
J1Z0nSqCK3I,Other,2022-03-21,6597.0,208154,109.0,21,10.1,Long,94,Monday,0.05,3.17
vR2pyKATTw4,Other,2022-03-21,7782.0,350112,231.0,25,16.2,Long,85,Monday,0.07,2.22
j_9nbOLon-Q,Drama,2022-03-20,6371.0,261803,248.0,12,1.92,Short,64,Sunday,0.09,2.43
6FvuOls3tQc,Action,2022-03-20,106933.0,9390239,1324.0,14,1.93,Short,96,Sunday,0.01,1.14
iBhbSbVzGdk,Romance,2022-03-20,18409.0,476105,334.0,8,20.08,Long,98,Sunday,0.07,3.87
5nX3XT-r_ss,Other,2022-03-19,3583.0,110312,70.0,14,1.22,Short,95,Saturday,0.06,3.25
ZjWdkkcmrio,Other,2022-03-19,14051.0,497450,303.0,24,1.05,Short,96,Saturday,0.06,2.82
eknnOXJnVXM,Romance,2022-03-18,7956.0,233533,111.0,8,10.35,Long,100,Friday,0.05,3.41
TNNeJNHnX04,Other,2022-03-17,923.0,20633,19.0,13,3.13,Short,83,Thursday,0.09,4.47
PSKVTiqasro,Romance,2022-03-17,1501.0,111192,64.0,18,7.08,Short,98,Thursday,0.06,1.35
1JU1uxQCG-E,Other,2022-03-17,1586.0,50644,0.0,28,8.85,Short,80,Thursday,0.0,3.13
pBOIHeA-sfM,Announcement,2022-03-16,10332.0,776808,513.0,8,0.6,Short,92,Wednesday,0.07,1.33
sRKgcD3gHSM,Other,2022-03-15,20022.0,534449,993.0,24,22.22,Long,98,Tuesday,0.19,3.75
QOA07YwPc3I,Romance,2022-03-15,1332.0,53055,39.0,3,1.98,Short,100,Tuesday,0.07,2.51
Qg9a030KTGI,Other,2022-03-14,6782.0,521551,126.0,23,1.6,Short,88,Monday,0.02,1.3
djC1_5uSlDA,Other,2022-03-14,40847.0,1173008,455.0,8,16.12,Long,83,Monday,0.04,3.48
_yTtx6eLKSQ,Other,2022-03-13,157716.0,2806615,3850.0,19,9.37,Short,72,Sunday,0.14,5.62
Ezh1uxguF_4,Other,2022-03-13,1520.0,54206,41.0,22,4.7,Short,83,Sunday,0.08,2.8
XEPNiWMFbbQ,Other,2022-03-12,789.0,17602,33.0,11,3.18,Short,93,Saturday,0.19,4.48
uPdpHCklnzA,Clip,2022-03-12,1473.0,79217,39.0,15,4.13,Short,82,Saturday,0.05,1.86
MCy9FQZnkLc,Comedy,2022-03-11,5668.0,261849,292.0,25,2.72,Short,100,Friday,0.11,2.16
qCDvr-6Auas,Other,2022-03-11,689.0,30993,25.0,10,0.25,Short,86,Friday,0.08,2.22
hh5ci27__Q0,Interview,2022-03-11,948.0,30791,56.0,11,19.03,Long,72,Friday,0.18,3.08
Mx8nUsNkjAM,Teaser,2022-03-10,1093.0,29103,34.0,21,1.97,Short,59,Thursday,0.12,3.76
e0-QRL-_whg,Other,2022-03-10,9348.0,450635,245.0,15,18.67,Long,90,Thursday,0.05,2.07
QQEy6QsbdUY,Clip,2022-03-10,1181.0,48950,53.0,15,4.28,Short,97,Thursday,0.11,2.41
0CJIYcRHhx0,Teaser,2022-03-09,2981.0,118376,99.0,6,2.0,Short,77,Wednesday,0.08,2.52
sWoimTmTD3c,Romance,2022-03-09,972.0,57911,50.0,14,1.05,Short,88,Wednesday,0.09,1.68
1vG53O6cdYI,Other,2022-03-08,18181.0,676547,362.0,25,21.17,Long,93,Tuesday,0.05,2.69
p9ZABBSa3vE,Action,2022-03-07,17796.0,1842465,692.0,16,2.53,Short,70,Monday,0.04,0.97
CntZyNFY0Jo,Other,2022-03-07,57363.0,1185601,631.0,13,12.87,Long,62,Monday,0.05,4.84
LaSNsv7jFVY,Other,2022-03-07,20277.0,663088,391.0,3,2.98,Short,67,Monday,0.06,3.06
Dpo_522-N_I,Other,2022-03-06,4275.0,303744,272.0,8,21.15,Long,82,Sunday,0.09,1.41
uyQSG9XQGMk,Other,2022-03-05,1146.0,39919,79.0,12,1.53,Short,91,Saturday,0.2,2.87
AT7anFFlqGY,Romance,2022-03-05,1413.0,59241,49.0,14,1.8,Short,78,Saturday,0.08,2.39
pEMdMQe8DNc,Announcement,2022-03-05,10047.0,697605,230.0,8,0.45,Short,63,Saturday,0.03,1.44
aBEBA3dm-Yo,Other,2022-03-04,1126.0,32080,47.0,3,0.8,Short,53,Friday,0.15,3.51
4R6sirlwtJk,Announcement,2022-03-04,17978.0,1130718,317.0,11,0.85,Short,88,Friday,0.03,1.59
oEgFgA022jM,Other,2022-03-03,8960.0,1038109,96.0,17,2.05,Short,66,Thursday,0.01,0.86
bGf_MAzDQKg,Drama,2022-03-03,35133.0,776433,1259.0,25,3.58,Short,74,Thursday,0.16,4.52
nCGjeBAdmY8,Comedy,2022-03-02,3834.0,169708,188.0,11,1.6,Short,94,Wednesday,0.11,2.26
Q45Mg0LKNoE,Teaser,2022-03-02,4564.0,144376,68.0,10,2.7,Short,96,Wednesday,0.05,3.16
YmcMTf_zN6c,Teaser,2022-03-02,16364.0,385025,258.0,10,2.7,Short,95,Wednesday,0.07,4.25
E5WTcvs1FRI,Teaser,2022-03-02,103771.0,14328956,1240.0,37,2.7,Short,95,Wednesday,0.01,0.72
JwKDASotCxk,Teaser,2022-03-01,10091.0,234492,278.0,3,2.68,Short,89,Tuesday,0.12,4.3
bDGwNcggFWQ,Other,2022-03-01,699.0,25752,25.0,7,0.75,Short,49,Tuesday,0.1,2.71
mVhJvkPap5I,Other,2022-02-28,2203.0,74173,50.0,15,2.78,Short,98,Monday,0.07,2.97
E-A_43zFWiM,Other,2022-02-28,2213.0,58778,136.0,12,15.43,Long,92,Monday,0.23,3.77
eEjy4dAW6i8,Other,2022-02-28,2530.0,92040,69.0,8,18.75,Long,94,Monday,0.07,2.75
eToHipi_utc,Song,2022-02-27,117894.0,11029653,3353.0,18,3.03,Short,82,Sunday,0.03,1.07
GVUxdV5qs1U,Other,2022-02-26,134640.0,12580055,0.0,14,1.53,Short,92,Saturday,0.0,1.07
48ZXhON2TBY,Other,2022-02-26,1985.0,143416,61.0,3,0.92,Short,72,Saturday,0.04,1.38
iqnD2I7KWgs,Other,2022-02-26,50661.0,1066149,1256.0,16,9.17,Short,85,Saturday,0.12,4.75
bnb1HOcUmIE,Other,2022-02-25,913.0,36660,39.0,15,0.57,Short,48,Friday,0.11,2.49
NKPPeEpaMm4,Other,2022-02-25,4167.0,100178,0.0,16,2.28,Short,90,Friday,0.0,4.16
v26XYo_ssnw,Other,2022-02-24,140276.0,3385649,3114.0,27,9.82,Short,64,Thursday,0.09,4.14
Zd65VbG8GnI,Romance,2022-02-24,14023.0,1132428,315.0,17,1.05,Short,89,Thursday,0.03,1.24
TmCLjO8tPrM,Other,2022-02-24,2364.0,88010,59.0,3,2.72,Short,100,Thursday,0.07,2.69
t3nNxjex2CI,Other,2022-02-23,108318.0,3006055,1090.0,19,1.02,Short,73,Wednesday,0.04,3.6
IThYkH06XnY,Other,2022-02-23,1775.0,59270,66.0,3,0.63,Short,90,Wednesday,0.11,2.99
hDulf7189zs,Other,2022-02-22,16129.0,2325009,377.0,19,1.88,Short,72,Tuesday,0.02,0.69
gdbNjetarbk,Other,2022-02-22,4886.0,283916,129.0,25,2.1,Short,68,Tuesday,0.05,1.72
Cz0JljAqEms,Other,2022-02-22,86702.0,2538608,1304.0,8,24.78,Long,87,Tuesday,0.05,3.42
k8rHdfbKrpk,Other,2022-02-21,2489.0,69921,109.0,12,15.33,Long,71,Monday,0.16,3.56
Ts14TpMZwaE,Other,2022-02-20,3849.0,50838,144.0,9,1.05,Short,52,Sunday,0.28,7.57
mQ5BF2BlUN4,Other,2022-02-19,2447.0,40402,0.0,8,2.42,Short,57,Saturday,0.0,6.06
H68UT2uf6IE,Other,2022-02-19,1084.0,29415,66.0,9,0.52,Short,94,Saturday,0.22,3.69
dv1LUMJPB5Y,Teaser,2022-02-18,1586.0,48449,59.0,21,1.17,Short,55,Friday,0.12,3.27
Ilxpl3eYO0k,Other,2022-02-18,4880.0,345139,104.0,12,1.83,Short,95,Friday,0.03,1.41
ZHGLjlSzOCU,Romance,2022-02-18,12872.0,10974674,507.0,14,1.8,Short,72,Friday,0.0,0.12
GQpMA_vJJJo,Other,2022-02-17,28982.0,551273,952.0,12,18.55,Long,74,Thursday,0.17,5.26
LgxqiYObmA8,Other,2022-02-17,4241.0,9869529,101.0,3,0.25,Short,60,Thursday,0.0,0.04
u5ZOrEbEVLE,Romance,2022-02-17,3148.0,165121,98.0,14,0.65,Short,80,Thursday,0.06,1.91
fYBBK6w5u04,Other,2022-02-15,30265.0,2128126,582.0,13,2.43,Short,83,Tuesday,0.03,1.42
_jp7xMkEjeA,Other,2022-02-15,2540.0,66921,58.0,8,4.35,Short,96,Tuesday,0.09,3.8
O6UBtr8YHlg,Other,2022-02-14,45574.0,1052213,847.0,14,22.13,Long,69,Monday,0.08,4.33
KBOuXYrNVYc,Other,2022-02-14,5409.0,153934,450.0,12,15.82,Long,69,Monday,0.29,3.51
JXwrfU6fuDM,Other,2022-02-13,4137.0,202016,116.0,23,11.33,Long,72,Sunday,0.06,2.05
jkflHulY7UM,Other,2022-02-13,23760.0,659757,535.0,17,18.2,Long,89,Sunday,0.08,3.6
2Zb9MvbVYO8,Other,2022-02-12,7733.0,297854,148.0,11,2.6,Short,72,Saturday,0.05,2.6
xI1YfAfEdSo,Other,2022-02-11,4339.0,109189,162.0,10,2.35,Short,74,Friday,0.15,3.97
D-ug3G4uOrE,Other,2022-02-11,2484.0,5521086,158.0,3,0.75,Short,60,Friday,0.0,0.04
q3HEQsu_s3M,Teaser,2022-02-10,19602.0,1163536,654.0,36,2.33,Short,58,Thursday,0.06,1.68
2EnMuY1g664,Teaser,2022-02-10,79021.0,21993953,2315.0,11,2.17,Short,96,Thursday,0.01,0.36
196BTFrqcKw,Other,2022-02-09,142450.0,3167027,2290.0,28,5.68,Short,79,Wednesday,0.07,4.5
MnYrSvUmu2w,Teaser,2022-02-09,3439.0,121148,111.0,9,0.77,Short,95,Wednesday,0.09,2.84
aA9aZ752AV4,Romance,2022-02-08,3207.0,311861,122.0,20,2.22,Short,82,Tuesday,0.04,1.03
eiiCdxfyRUA,Romance,2022-02-08,29817.0,548775,1675.0,13,13.7,Long,79,Tuesday,0.31,5.43
jH3BM2fHhtM,Teaser,2022-02-07,9682.0,249576,611.0,34,2.38,Short,52,Monday,0.24,3.88
rSxnqzwbf3U,Other,2022-02-07,1398.0,36811,70.0,14,1.02,Short,94,Monday,0.19,3.8
Dpz30MGXtmA,Song,2022-02-06,1984.0,53573,109.0,19,2.55,Short,84,Sunday,0.2,3.7
lCZaTvDp6zw,Interview,2022-02-05,2493.0,71870,74.0,13,2.13,Short,61,Saturday,0.1,3.47
NcCO-p-YQog,Other,2022-02-05,16344.0,308351,356.0,3,55.58,Long,104,Saturday,0.12,5.3
GLLhHMRMmsM,Other,2022-02-05,12410.0,329156,200.0,26,3.55,Short,91,Saturday,0.06,3.77
L9J8Jd9VagY,Other,2022-02-04,26363.0,638500,973.0,22,10.28,Long,50,Friday,0.15,4.13
GLBp-hCtSxs,Other,2022-02-04,94512.0,1994583,1340.0,26,19.88,Long,58,Friday,0.07,4.74
cX9_dOJvt1w,Other,2022-02-04,5425.0,136941,102.0,15,10.17,Long,92,Friday,0.07,3.96
t7cLWHX-ZxU,Teaser,2022-02-03,7645.0,261482,318.0,31,2.97,Short,86,Thursday,0.12,2.92
8lyWKvsy5Us,Other,2022-02-03,2314.0,148554,70.0,20,2.25,Short,54,Thursday,0.05,1.56
9r44EKwIR-s,Other,2022-02-03,2080.0,67087,45.0,3,72.93,Long,102,Thursday,0.07,3.1
wn8p6BF657I,Other,2022-02-03,31760.0,703431,235.0,24,1.75,Short,76,Thursday,0.03,4.52
IVksyuty3EA,Other,2022-02-02,2644.0,139123,159.0,16,22.45,Long,87,Wednesday,0.11,1.9
5LkK9e7Zbqo,Clip,2022-02-02,58364.0,4796090,1433.0,22,6.53,Short,54,Wednesday,0.03,1.22
HL0JGgpjEiw,Teaser,2022-02-02,30307.0,950281,751.0,23,2.3,Short,58,Wednesday,0.08,3.19
rSaNLNHj8uI,Other,2022-02-01,4958.0,93367,162.0,11,5.1,Short,67,Tuesday,0.17,5.31
LbxMz0bCDks,Other,2022-01-31,2444.0,108444,89.0,11,2.53,Short,88,Monday,0.08,2.25
gp1-SO8TRBU,Other,2022-01-31,25852.0,1103454,340.0,14,10.35,Long,59,Monday,0.03,2.34
Mf43MkmBZrI,Other,2022-01-30,4231.0,196573,69.0,15,5.95,Short,93,Sunday,0.04,2.15
AtjuRwJVnms,Song,2022-01-30,8087.0,624402,302.0,17,2.12,Short,79,Sunday,0.05,1.3
IKKHZbRk1FA,Announcement,2022-01-30,14189.0,332909,820.0,28,1.83,Short,55,Sunday,0.25,4.26
Z8mAThD44eY,Other,2022-01-29,96120.0,3580125,724.0,13,70.98,Long,82,Saturday,0.02,2.68
dZARUSMEbNI,Song,2022-01-29,3004.0,147153,128.0,17,2.35,Short,96,Saturday,0.09,2.04
4E1AuVKIsg4,Other,2022-01-29,6159.0,274107,218.0,12,3.35,Short,72,Saturday,0.08,2.25
LjvKo4pjAWs,Teaser,2022-01-28,1889.0,68335,94.0,16,2.1,Short,56,Friday,0.14,2.76
07DUyY1inxM,Other,2022-01-28,51081.0,1397326,332.0,16,1.87,Short,85,Friday,0.02,3.66
Ba7Ken9fO0w,Clip,2022-01-28,5168.0,209204,183.0,12,3.23,Short,100,Friday,0.09,2.47
Jx987D-5udk,Other,2022-01-27,19970.0,561373,197.0,16,1.0,Short,75,Thursday,0.04,3.56
PqPg8Kx18mY,Song,2022-01-27,3609.0,172755,129.0,17,1.92,Short,88,Thursday,0.07,2.09
2OvbNYON_nQ,Other,2022-01-26,11138.0,2676772,0.0,16,1.32,Short,53,Wednesday,0.0,0.42
bwL5zEq9wuY,Other,2022-01-26,2904.0,125621,83.0,12,1.55,Short,100,Wednesday,0.07,2.31
PtYNuGHWQyc,Teaser,2022-01-25,1414.0,36050,54.0,30,0.67,Short,63,Tuesday,0.15,3.92
6eqMbWPVaDw,Other,2022-01-25,1465.0,61697,46.0,15,0.88,Short,82,Tuesday,0.07,2.37
ZsI82MHVhcI,Interview,2022-01-25,397062.0,12018360,2155.0,17,7.6,Short,74,Tuesday,0.02,3.3
T1dBvOBquws,Interview,2022-01-24,6893.0,196401,267.0,14,13.33,Long,99,Monday,0.14,3.51
wGbzk6Tge_8,Other,2022-01-24,2786.0,62374,115.0,3,1.75,Short,96,Monday,0.18,4.47
OE2m37oU_Io,Other,2022-01-24,85229.0,1185051,764.0,17,1.32,Short,87,Monday,0.06,7.19
DqKFx0F7kls,Other,2022-01-23,79679.0,8680390,584.0,11,2.75,Short,62,Sunday,0.01,0.92
GCYwcmXDfD0,Other,2022-01-23,3892.0,120097,116.0,7,12.4,Long,77,Sunday,0.1,3.24
X1B05Dpfbkw,Interview,2022-01-22,8208.0,262922,272.0,18,3.02,Short,82,Saturday,0.1,3.12
0cdapmsgRhI,Other,2022-01-21,6552.0,439833,192.0,12,1.65,Short,77,Friday,0.04,1.49
TK7AzkVgrqk,Other,2022-01-21,4694.0,5057032,103.0,7,0.33,Short,44,Friday,0.0,0.09
77uORsn6UCE,Other,2022-01-20,20931.0,382846,1472.0,17,2.57,Short,68,Thursday,0.38,5.47
1aojy1pS_f8,Behind the Scenes,2022-01-20,53926.0,1637699,877.0,11,5.53,Short,82,Thursday,0.05,3.29
y4AjN5PnplI,Other,2022-01-20,2443.0,99561,83.0,15,0.78,Short,85,Thursday,0.08,2.45
4MLUec5Pf_8,Action,2022-01-19,1381.0,97052,0.0,8,1.9,Short,47,Wednesday,0.0,1.42
AJZZi-vibHI,Announcement,2022-01-18,36243.0,876830,1554.0,3,1.23,Short,77,Tuesday,0.18,4.13
jBLCQPhv8p0,Other,2022-01-18,4578.0,180882,152.0,16,1.58,Short,99,Tuesday,0.08,2.53
yhDx81hGbp0,Other,2022-01-18,13040.0,10297853,293.0,3,0.92,Short,59,Tuesday,0.0,0.13
AwIoGj6GvEM,Teaser,2022-01-17,27096.0,976775,1083.0,22,2.38,Short,53,Monday,0.11,2.77
0HUhGUVoUfQ,Announcement,2022-01-17,13447.0,375682,565.0,19,1.68,Short,75,Monday,0.15,3.58
GScqYHotv1A,Song,2022-01-17,4525.0,267925,205.0,16,2.02,Short,91,Monday,0.08,1.69
tCxUu-tn03E,Other,2022-01-17,80391.0,2221744,472.0,16,1.0,Short,73,Monday,0.02,3.62
r3PHOYBdyM0,Clip,2022-01-16,2948.0,145132,43.0,8,1.12,Short,99,Sunday,0.03,2.03
6SE7t2Ag6yg,Song,2022-01-15,1429.0,28064,47.0,11,1.02,Short,103,Saturday,0.17,5.09
Y_Rovgk1vJU,Other,2022-01-15,589.0,28967,26.0,13,1.3,Short,82,Saturday,0.09,2.03
SU6c83hLp5s,Other,2022-01-14,1076.0,32023,43.0,10,1.72,Short,85,Friday,0.13,3.36
rzFOnCJqlsk,Other,2022-01-14,888.0,25616,33.0,10,1.72,Short,84,Friday,0.13,3.47
QdaDMM83kdg,Other,2022-01-14,2153.0,54071,70.0,10,1.72,Short,83,Friday,0.13,3.98
50DkvOXS_eA,Other,2022-01-14,22435.0,417403,494.0,10,1.72,Short,87,Friday,0.12,5.37
P2hw2tB3kzs,Other,2022-01-14,7028.0,137243,207.0,7,1.72,Short,83,Friday,0.15,5.12
wie3HR_mfzI,Other,2022-01-14,2337.0,68880,96.0,12,1.3,Short,96,Friday,0.14,3.39
QNbFkqCaOwA,Other,2022-01-14,7786.0,275529,151.0,11,17.88,Long,89,Friday,0.05,2.83
bmkDYrMgOMQ,Other,2022-01-13,1803.0,106422,46.0,11,2.72,Short,87,Thursday,0.04,1.69
bRN5m0sBJy8,Teaser,2022-01-13,108802.0,12844171,3910.0,5,2.6,Short,81,Thursday,0.03,0.85
tYr_r4Pzspg,Teaser,2022-01-12,3627.0,2333566,94.0,16,0.5,Short,72,Wednesday,0.0,0.16
20KqgqI9OZs,Song,2022-01-11,19550.0,1299540,477.0,16,2.78,Short,94,Tuesday,0.04,1.5
DIuqg2arRoc,Romance,2022-01-11,4148.0,181360,47.0,12,1.02,Short,86,Tuesday,0.03,2.29
3xAE97ZDBEo,Teaser,2022-01-11,2298.0,2059837,67.0,16,0.5,Short,92,Tuesday,0.0,0.11
Kd3SBl2UtGw,Teaser,2022-01-10,3565.0,2200508,161.0,16,0.52,Short,83,Monday,0.01,0.16
MYH9sMe4b2Q,Teaser,2022-01-10,1192.0,37457,53.0,22,2.33,Short,67,Monday,0.14,3.18
i0jgz7S-6Iw,Teaser,2022-01-10,116185.0,2783597,1363.0,8,1.98,Short,84,Monday,0.05,4.17
3KQUDG5ZU4A,Other,2022-01-09,4355.0,186181,126.0,12,12.6,Long,96,Sunday,0.07,2.34
3WIvyJ5yl9E,Other,2022-01-09,1971.0,4024537,66.0,3,0.35,Short,48,Sunday,0.0,0.05
rRHj6O-2Qhw,Other,2022-01-08,7566.0,969475,152.0,9,1.87,Short,71,Saturday,0.02,0.78
O2qBQGeCyOE,Other,2022-01-08,11032.0,256722,222.0,15,3.2,Short,80,Saturday,0.09,4.3
BjprUjcOoUY,Other,2022-01-07,8990.0,707593,212.0,11,2.02,Short,94,Friday,0.03,1.27
cpso3RckWmA,Action,2022-01-07,1816.0,64225,142.0,13,2.43,Short,65,Friday,0.22,2.83
P7fRcF6BR5s,Teaser,2022-01-06,2757.0,104166,168.0,18,2.2,Short,48,Thursday,0.16,2.65
WriyhHlM0Z0,Announcement,2022-01-06,135433.0,5294791,4426.0,8,1.07,Short,70,Thursday,0.08,2.56
ex0-0Jqc1lw,Other,2022-01-05,103983.0,2591066,1192.0,3,1.5,Short,68,Wednesday,0.05,4.01
nweqkaQBm7Q,Other,2022-01-05,53877.0,1194412,734.0,3,1.58,Short,91,Wednesday,0.06,4.51
tFuHI_MwD6U,Other,2022-01-04,29201.0,644251,709.0,3,20.43,Long,77,Tuesday,0.11,4.53
6PcY7fn3ptc,Teaser,2022-01-04,96314.0,23409565,2352.0,9,2.47,Short,92,Tuesday,0.01,0.41
j8qt4bnp0x0,Other,2022-01-03,5150.0,886833,0.0,14,1.5,Short,56,Monday,0.0,0.58
sL06-vMW4Fc,Song,2022-01-03,2754.0,120583,63.0,16,1.15,Short,95,Monday,0.05,2.28
rJVptjMonvQ,Song,2022-01-03,8473.0,401121,183.0,15,1.78,Short,100,Monday,0.05,2.11
RiJdBAOtL5Y,Interview,2022-01-02,2615.0,246644,314.0,15,2.28,Short,92,Sunday,0.13,1.06
R7P7HrV-Zbw,Other,2022-01-02,22914.0,630957,397.0,15,18.32,Long,100,Sunday,0.06,3.63
M7w4MsUfqyM,Other,2022-01-02,165624.0,3252203,4184.0,19,5.43,Short,69,Sunday,0.13,5.09
qlRJZkxDeLU,Other,2022-01-01,1614.0,64576,63.0,11,2.35,Short,97,Saturday,0.1,2.5
9ZcCLu3qUps,Other,2022-01-01,23419.0,1088137,466.0,15,2.27,Short,74,Saturday,0.04,2.15
cnsyOV5KKrk,Other,2022-01-01,34158.0,857763,1145.0,19,17.38,Long,100,Saturday,0.13,3.98
AlPPP1iKf8o,Other,2021-12-31,7872.0,264881,135.0,8,2.1,Short,97,Friday,0.05,2.97
xiQ685WYmf0,Other,2021-12-31,36587.0,1523438,1108.0,15,2.17,Short,83,Friday,0.07,2.4
LOZU263ByZQ,Other,2021-12-31,6911.0,154684,108.0,16,3.57,Short,84,Friday,0.07,4.47
KfA8vUCdym4,Other,2021-12-30,2057.0,61773,117.0,7,3.63,Short,56,Thursday,0.19,3.33
4wrHALUeIrE,Other,2021-12-30,41582.0,756747,2150.0,5,8.53,Short,52,Thursday,0.28,5.49
9eUox06RGPA,Other,2021-12-30,5938.0,363106,614.0,10,54.6,Long,92,Thursday,0.17,1.64
y7YKSW42bqY,Other,2021-12-29,1446.0,70731,74.0,7,4.9,Short,93,Wednesday,0.1,2.04
Vu7Youzca2k,Other,2021-12-29,39049.0,667951,1148.0,8,3.13,Short,72,Wednesday,0.17,5.85
tAKQu7_OKPc,Teaser,2021-12-29,2084.0,97074,250.0,3,0.98,Short,81,Wednesday,0.26,2.15
7uyEfa6B18s,Other,2021-12-29,66000.0,1529281,1062.0,18,6.65,Short,100,Wednesday,0.07,4.32
gxZjJl93Snk,Other,2021-12-28,24710.0,640437,724.0,7,10.78,Long,88,Tuesday,0.11,3.86
4Mym5yCrOgY,Other,2021-12-28,23715.0,1743509,2525.0,17,56.13,Long,90,Tuesday,0.14,1.36
C3RVZdoN9to,Other,2021-12-27,503343.0,13885365,7901.0,17,14.43,Long,92,Monday,0.06,3.62
MXKORKpAOHo,Teaser,2021-12-27,3506.0,168143,376.0,11,0.87,Short,93,Monday,0.22,2.09
8fL0Mk3pxbA,Other,2021-12-27,16352.0,23825351,552.0,3,0.83,Short,48,Monday,0.0,0.07
50_C-3OKuLk,Other,2021-12-26,15912.0,1007253,381.0,12,3.13,Short,53,Sunday,0.04,1.58
Ewft-3FOSHQ,Other,2021-12-26,48878.0,608035,1107.0,3,1.02,Short,40,Sunday,0.18,8.04
xmRvHhjbQfA,Other,2021-12-26,117368.0,2388654,1063.0,5,5.13,Short,63,Sunday,0.04,4.91
yOnELC2doXc,Other,2021-12-25,31100.0,727995,713.0,21,20.08,Long,103,Saturday,0.1,4.27
WYtCctAxfNQ,Other,2021-12-24,1159.0,55926,58.0,8,1.8,Short,89,Friday,0.1,2.07
hXezYKuhx-8,Other,2021-12-24,63178.0,1021193,2363.0,17,7.97,Short,76,Friday,0.23,6.19
hGZewl_ak2g,Other,2021-12-23,17428.0,313816,424.0,10,1.08,Short,68,Thursday,0.14,5.55
tMW3Q9h67y4,Clip,2021-12-23,1463.0,53134,52.0,14,2.83,Short,60,Thursday,0.1,2.75
KbZuBENAR8Y,Behind the Scenes,2021-12-23,231353.0,6856991,5082.0,3,3.43,Short,99,Thursday,0.07,3.37
aHzRdPED2NQ,Announcement,2021-12-22,9781.0,601590,203.0,3,2.28,Short,75,Wednesday,0.03,1.63
qSiO0_LFdlo,Other,2021-12-22,49851.0,951372,4355.0,10,2.95,Short,106,Wednesday,0.46,5.24
7nN7iRl0PEM,Other,2021-12-21,17312.0,556869,419.0,19,7.5,Short,85,Tuesday,0.08,3.11
lG69F7oUD3g,Teaser,2021-12-21,31987.0,1510700,502.0,14,1.32,Short,98,Tuesday,0.03,2.12
ilR8KywwK4s,Other,2021-12-21,57370.0,926508,973.0,3,1.07,Short,88,Tuesday,0.11,6.19
u0387M52G98,Other,2021-12-20,1910.0,61879,56.0,10,1.0,Short,98,Monday,0.09,3.09
7wrxP2PPzLA,Other,2021-12-20,8162.0,480986,204.0,3,0.9,Short,76,Monday,0.04,1.7
OssFtKmCrRs,Other,2021-12-19,1074.0,44399,46.0,16,2.58,Short,100,Sunday,0.1,2.42
MnWCe5oCRP4,Other,2021-12-19,6935.0,317085,116.0,8,14.28,Long,97,Sunday,0.04,2.19
INK38yEsM2Y,Behind the Scenes,2021-12-19,293913.0,9633975,5204.0,7,3.78,Short,88,Sunday,0.05,3.05
BRKnep-ip_s,Other,2021-12-18,2440.0,195838,49.0,3,1.1,Short,85,Saturday,0.03,1.25
L-_Mk6yRwxI,Romance,2021-12-18,2173.0,57810,55.0,3,3.8,Short,99,Saturday,0.1,3.76
agqcsj2f_ow,Behind the Scenes,2021-12-18,133503.0,2657226,2016.0,7,2.33,Short,68,Saturday,0.08,5.02
GjHd0R5t_-A,Other,2021-12-17,3991.0,187147,113.0,8,1.37,Short,100,Friday,0.06,2.13
a0OHJrnSMh8,Other,2021-12-17,19562.0,727053,352.0,11,3.78,Short,79,Friday,0.05,2.69
rhhosrOi6OQ,Other,2021-12-17,58643.0,2695696,858.0,3,21.05,Long,101,Friday,0.03,2.18
RyF37CeK30c,Other,2021-12-16,40061.0,1073156,1220.0,24,2.37,Short,84,Thursday,0.11,3.73
S0BLZPW1Z_E,Romance,2021-12-16,948.0,35780,44.0,10,3.3,Short,70,Thursday,0.12,2.65
QE_6KTYCa0k,Other,2021-12-16,1093.0,28375,60.0,3,1.73,Short,62,Thursday,0.21,3.85
D77XJ0R7pj4,Other,2021-12-16,27757.0,1986288,546.0,11,6.52,Short,89,Thursday,0.03,1.4
v3uSUKqHCDs,Teaser,2021-12-15,17971.0,239252,401.0,5,0.98,Short,59,Wednesday,0.17,7.51
gMtYfm_FggA,Other,2021-12-15,23129.0,11856883,957.0,3,0.43,Short,65,Wednesday,0.01,0.2
tUngXqLJnQg,Other,2021-12-14,26242.0,947415,420.0,24,2.37,Short,82,Tuesday,0.04,2.77
kbp04AS5VB0,Other,2021-12-14,1262.0,37010,81.0,3,3.27,Short,38,Tuesday,0.22,3.41
iJYFeqnYLVw,Announcement,2021-12-14,80816.0,6521197,1153.0,11,1.62,Short,64,Tuesday,0.02,1.24
NdFWkj_Uv18,Other,2021-12-13,17815.0,278110,330.0,14,1.57,Short,74,Monday,0.12,6.41
nMaB87coyCQ,Other,2021-12-13,2085.0,154624,81.0,8,11.8,Long,75,Monday,0.05,1.35
RI5lP3q8HG4,Announcement,2021-12-13,4123.0,156598,135.0,14,0.48,Short,77,Monday,0.09,2.63
ssz9L3vsXo8,Romance,2021-12-12,117961.0,1702197,1404.0,14,2.42,Short,82,Sunday,0.08,6.93
9a3WZ6b-HCE,Clip,2021-12-12,4192.0,92387,143.0,13,1.55,Short,90,Sunday,0.15,4.54
ORKOb4sdEks,Other,2021-12-12,4836.0,199619,148.0,10,9.25,Short,77,Sunday,0.07,2.42
yf-FwlB1SNo,Other,2021-12-11,9465.0,163921,250.0,29,1.22,Short,58,Saturday,0.15,5.77
-9PxZ1wQk9I,Clip,2021-12-11,22897.0,357797,295.0,14,4.67,Short,74,Saturday,0.08,6.4
xVN95Df_yIY,Other,2021-12-10,60460.0,1187597,755.0,15,1.3,Short,54,Friday,0.06,5.09
vw0IwHmr-pg,Other,2021-12-10,27686.0,433053,537.0,17,1.87,Short,63,Friday,0.12,6.39
XTp8oD3ZLQw,Other,2021-12-10,1596.0,61620,70.0,11,3.22,Short,72,Friday,0.11,2.59
Ve_wyfMx-R4,Other,2021-12-10,1322.0,35590,73.0,11,1.0,Short,94,Friday,0.21,3.71
gAb_Wnf1zH0,Other,2021-12-10,154940.0,4556744,3529.0,31,19.4,Long,102,Friday,0.08,3.4
1a0WmTt8u-A,Other,2021-12-09,4118.0,100364,151.0,17,6.33,Short,50,Thursday,0.15,4.1
naqz6CI4C1Q,Other,2021-12-09,21384.0,379906,532.0,3,5.4,Short,109,Thursday,0.14,5.63
3f44sn9zpIQ,Clip,2021-12-08,17499.0,447688,273.0,17,1.72,Short,57,Wednesday,0.06,3.91
Ga4TzjAeJIc,Other,2021-12-08,32771.0,517902,1752.0,3,9.88,Short,98,Wednesday,0.34,6.33
g57ZJ2uTIOM,Other,2021-12-08,27744.0,845318,1083.0,13,23.77,Long,100,Wednesday,0.13,3.28
eRCspHm7j50,Teaser,2021-12-07,666.0,29933,54.0,7,0.88,Short,71,Tuesday,0.18,2.22
3dy5xE7eQmk,Teaser,2021-12-07,1690.0,49402,67.0,7,0.82,Short,65,Tuesday,0.14,3.42
jOMDoRELKLk,Teaser,2021-12-07,1149.0,33928,45.0,7,0.77,Short,66,Tuesday,0.13,3.39
CEURXi1uSvo,Other,2021-12-07,148254.0,2988897,7696.0,17,12.02,Long,82,Tuesday,0.26,4.96
juIcenNQWLs,Other,2021-12-06,331644.0,9702405,5672.0,15,1.27,Short,69,Monday,0.06,3.42
dM-lmcCt_PQ,Other,2021-12-05,367579.0,6046820,2443.0,15,1.53,Short,72,Sunday,0.04,6.08
Inm451w2gWM,Other,2021-12-04,918447.0,14388313,13554.0,22,7.35,Short,81,Saturday,0.09,6.38
cxEMqx0jUEU,Other,2021-12-03,348324.0,7018836,7337.0,15,0.7,Short,53,Friday,0.1,4.96
XFeqoKQV534,Other,2021-12-02,43630.0,1050538,1388.0,15,3.85,Short,52,Thursday,0.13,4.15
g7e8I7F4kZI,Other,2021-12-02,11521.0,212603,208.0,16,3.33,Short,74,Thursday,0.1,5.42
8SXSI-clUYI,Other,2021-12-02,103617.0,1692751,2129.0,20,8.57,Short,83,Thursday,0.13,6.12
Q59aCUnrFLQ,Teaser,2021-12-02,61193.0,1237061,940.0,16,2.28,Short,44,Thursday,0.08,4.95
hiPsSXP4M9Q,Interview,2021-12-02,478488.0,6178762,4914.0,3,1.63,Short,65,Thursday,0.08,7.74
ZRiqha2WJ60,Teaser,2021-12-01,3038.0,64633,102.0,18,1.17,Short,98,Wednesday,0.16,4.7
T7rDY5XDhak,Teaser,2021-12-01,3574.0,78462,106.0,18,1.17,Short,97,Wednesday,0.14,4.56
8x676km4ONg,Teaser,2021-12-01,6841.0,118906,132.0,18,1.17,Short,96,Wednesday,0.11,5.75
PI5m7TcIrTg,Teaser,2021-12-01,19862.0,459725,477.0,18,1.17,Short,96,Wednesday,0.1,4.32
xRlK8X9r14E,Teaser,2021-12-01,191540.0,3681725,4897.0,18,1.17,Short,99,Wednesday,0.13,5.2
Sq01sCDiot0,Other,2021-11-30,13347.0,446806,293.0,17,3.0,Short,81,Tuesday,0.07,2.99
RMTpFsYzpXM,Other,2021-11-30,8729.0,213510,184.0,15,1.92,Short,69,Tuesday,0.09,4.09
2Eyna9U4ZDY,Drama,2021-11-30,42281.0,1288051,668.0,15,3.23,Short,71,Tuesday,0.05,3.28
e0dea7qrLdk,Other,2021-11-30,69316.0,2363785,1409.0,15,2.22,Short,61,Tuesday,0.06,2.93
vaq0p9Vxocs,Other,2021-11-29,63916.0,1385592,720.0,17,18.67,Long,100,Monday,0.05,4.61
C7LWjfwjV6k,Other,2021-11-29,65075.0,1552799,1118.0,13,1.58,Short,54,Monday,0.07,4.19
MCDK6LF5jTw,Other,2021-11-29,79476.0,14974046,835.0,3,1.6,Short,91,Monday,0.01,0.53
f4UQuMbLp9g,Teaser,2021-11-28,4820.0,170710,197.0,36,2.27,Short,57,Sunday,0.12,2.82
sEeJw8k6-OA,Other,2021-11-28,17591.0,758613,171.0,11,3.27,Short,79,Sunday,0.02,2.32
XToW5-3tEr8,Other,2021-11-28,44585.0,4315897,1028.0,3,2.92,Short,79,Sunday,0.02,1.03
wGlXX5rbPIU,Teaser,2021-11-27,16696.0,691599,411.0,18,2.72,Short,53,Saturday,0.06,2.41
X9Lux8h1ifg,Announcement,2021-11-27,1437.0,37770,68.0,10,1.55,Short,62,Saturday,0.18,3.8
eUX0h6ruvMY,Announcement,2021-11-27,2670.0,181103,309.0,10,0.67,Short,73,Saturday,0.17,1.47
DDCck9aeMSo,Other,2021-11-26,4336.0,102708,127.0,3,1.32,Short,88,Friday,0.12,4.22
GTvvnY7kTOg,Interview,2021-11-26,23628.0,1181834,307.0,8,7.7,Short,79,Friday,0.03,2.0
ReM4nmU7olw,Teaser,2021-11-25,272.0,17022,4.0,3,1.9,Short,83,Thursday,0.02,1.6
3tRi8zIv5Gw,Other,2021-11-25,7750.0,167486,194.0,3,1.83,Short,74,Thursday,0.12,4.63
ceGuvcl45Xs,Other,2021-11-25,4536.0,117827,225.0,11,0.98,Short,83,Thursday,0.19,3.85
OqCuz_9DQiw,Other,2021-11-24,38158.0,944954,524.0,10,16.07,Long,86,Wednesday,0.06,4.04
ZcgZirys6S0,Other,2021-11-24,1561.0,55550,59.0,11,3.38,Short,65,Wednesday,0.11,2.81
9UW5A-1WWzk,Other,2021-11-23,5180.0,91540,203.0,8,1.15,Short,63,Tuesday,0.22,5.66
oanwTx3kpzo,Other,2021-11-23,76498.0,5035909,1292.0,30,0.92,Short,86,Tuesday,0.03,1.52
KcWcu1ytazY,Teaser,2021-11-22,68710.0,18670110,1780.0,3,2.08,Short,97,Monday,0.01,0.37
ctVUTQfIxuA,Action,2021-11-20,1523.0,34016,74.0,3,1.77,Short,89,Saturday,0.22,4.48
HsXdE8Z5IMQ,Other,2021-11-19,1572.0,61684,57.0,9,1.93,Short,73,Friday,0.09,2.55
0Q01RmribAA,Other,2021-11-19,3593.0,102014,158.0,12,0.92,Short,70,Friday,0.15,3.52
MYJVPAxGh2Y,Teaser,2021-11-18,11182.0,483631,211.0,35,2.05,Short,58,Thursday,0.04,2.31
zYfu4HmfBwI,Teaser,2021-11-18,1820.0,54882,92.0,25,1.37,Short,57,Thursday,0.17,3.32
dYHwB-1c0H4,Action,2021-11-18,39701.0,4047717,630.0,14,3.0,Short,87,Thursday,0.02,0.98
CzRlI0Ktl10,Teaser,2021-11-17,101238.0,3023740,1570.0,3,1.87,Short,43,Wednesday,0.05,3.35
4tSruK586QI,Other,2021-11-17,6715.0,155667,202.0,11,5.67,Short,103,Wednesday,0.13,4.31
XOf46XeU7jo,Teaser,2021-11-16,40295.0,1298150,1244.0,18,2.72,Short,47,Tuesday,0.1,3.1
WEJRErOEq4s,Romance,2021-11-16,12269.0,526206,253.0,10,2.1,Short,90,Tuesday,0.05,2.33
I1kA5YSYuEU,Interview,2021-11-16,18172.0,543890,592.0,11,7.02,Short,54,Tuesday,0.11,3.34
fGZULK8usag,Other,2021-11-15,25306.0,1431096,544.0,11,4.25,Short,81,Monday,0.04,1.77
Ls2apW__D4U,Other,2021-11-15,3425.0,79279,204.0,6,4.5,Short,84,Monday,0.26,4.32
fOgL3f3l5a4,Comedy,2021-11-14,39074.0,2080971,274.0,9,11.6,Long,68,Sunday,0.01,1.88
WNWMRdEqjYc,Other,2021-11-14,2813.0,84731,161.0,7,6.32,Short,96,Sunday,0.19,3.32
C5I_Gnq28gs,Other,2021-11-13,3618.0,146969,92.0,14,6.75,Short,90,Saturday,0.06,2.46
7xcIdpdINLU,Song,2021-11-13,18108.0,1307061,308.0,11,3.1,Short,100,Saturday,0.02,1.39
cj1mWQ1WUW0,Song,2021-11-12,73222.0,4935353,2192.0,10,3.05,Short,93,Friday,0.04,1.48
wFMemNlnyrg,Other,2021-11-11,964.0,33027,35.0,14,3.73,Short,86,Thursday,0.11,2.92
kpaw7bcNVp0,Other,2021-11-11,26786.0,428523,690.0,11,5.73,Short,91,Thursday,0.16,6.25
lC8VAIAYX9Y,Other,2021-11-11,161790.0,2936384,3408.0,11,2.28,Short,99,Thursday,0.12,5.51
TnNywMMuUNE,Other,2021-11-10,11716.0,1183957,342.0,12,1.02,Short,62,Wednesday,0.03,0.99
QWd0F7UJ2F0,Teaser,2021-11-10,76390.0,3970698,1626.0,14,2.2,Short,76,Wednesday,0.04,1.92
deUMZlz_CXI,Teaser,2021-11-09,33180.0,1375602,1176.0,10,1.13,Short,96,Tuesday,0.09,2.41
ILc1UQ1EV0M,Song,2021-11-08,467620.0,46618484,8316.0,12,3.92,Short,97,Monday,0.02,1.0
PZE7c2H-VK8,Other,2021-11-08,60877.0,4058202,554.0,11,2.43,Short,55,Monday,0.01,1.5
0CK_0LoDSVg,Other,2021-11-07,18738.0,553587,350.0,15,4.97,Short,89,Sunday,0.06,3.38
Jz5dbRVb6IU,Other,2021-11-06,15347.0,198582,636.0,23,1.12,Short,47,Saturday,0.32,7.73
sktDMP53uX4,Other,2021-11-06,103242.0,1707929,2696.0,33,1.43,Short,57,Saturday,0.16,6.04
nZa0U-ARSgQ,Other,2021-11-05,4556.0,159852,123.0,13,10.58,Long,80,Friday,0.08,2.85
7MQsKzyCbB4,Other,2021-11-05,12378.0,256267,560.0,6,1.1,Short,86,Friday,0.22,4.83
Oa63y8Ajezo,Other,2021-11-05,577.0,19311,41.0,14,4.2,Short,89,Friday,0.21,2.99
m8JddML1Sow,Other,2021-11-03,64661.0,1782696,886.0,14,17.32,Long,86,Wednesday,0.05,3.63
BC77pzewjvM,Other,2021-11-02,17167.0,4643478,0.0,14,1.23,Short,72,Tuesday,0.0,0.37
vZdDMtzaLWU,Song,2021-11-02,6002.0,518314,268.0,11,2.35,Short,90,Tuesday,0.05,1.16
gMxKQfEGENA,Other,2021-11-01,5174.0,382010,124.0,20,2.0,Short,93,Monday,0.03,1.35
eH2vGqytjag,Other,2021-11-01,12564.0,224357,279.0,6,3.6,Short,83,Monday,0.12,5.6
IAhf6tFIGzc,Horror,2021-10-31,205041.0,4577766,4776.0,15,7.47,Short,97,Sunday,0.1,4.48
vZ9q_Kir3O0,Other,2021-10-31,11400.0,492579,317.0,3,2.35,Short,64,Sunday,0.06,2.31
9mHgUj775Lo,Other,2021-10-30,11973.0,802718,202.0,12,3.28,Short,88,Saturday,0.03,1.49
OjIzevxwzqE,Clip,2021-10-30,2817.0,290104,49.0,13,2.02,Short,96,Saturday,0.02,0.97
jcIeGrUUzn4,Teaser,2021-10-29,16646.0,300607,672.0,32,2.48,Short,100,Friday,0.22,5.54
HDg3YtIrtrY,Teaser,2021-10-29,28506.0,769811,1022.0,32,2.45,Short,100,Friday,0.13,3.7
OJHlagfrL0c,Teaser,2021-10-29,69503.0,1376429,2090.0,32,2.48,Short,99,Friday,0.15,5.05
Vctn-pq6MEs,Teaser,2021-10-29,169640.0,4918328,5709.0,32,2.48,Short,99,Friday,0.12,3.45
yJQqmcHmiDM,Song,2021-10-28,130352.0,10723377,2539.0,11,4.35,Short,91,Thursday,0.02,1.22
OQ21QF_UieA,Action,2021-10-28,45509.0,869937,1539.0,14,14.4,Long,92,Thursday,0.18,5.23
zAUAliz1TKA,Teaser,2021-10-28,697600.0,16328875,31173.0,32,2.45,Short,93,Thursday,0.19,4.27
_Q2RRoHIZ-A,Other,2021-10-27,301505.0,5150279,2450.0,7,5.73,Short,65,Wednesday,0.05,5.85
bfHqMD9c3UY,Other,2021-10-26,10255.0,194968,344.0,17,2.78,Short,104,Tuesday,0.18,5.26
qj7hdpPwdqA,Other,2021-10-26,2806.0,72628,88.0,9,4.38,Short,74,Tuesday,0.12,3.86
g-AdZa_rD7w,Teaser,2021-10-26,84252.0,2456260,1302.0,31,1.68,Short,57,Tuesday,0.05,3.43
Ts4PDPuJ1LQ,Other,2021-10-25,2417.0,51827,47.0,17,2.63,Short,97,Monday,0.09,4.66
duQ_tKD8I3A,Other,2021-10-24,1491.0,25388,68.0,15,1.02,Short,56,Sunday,0.27,5.87
4TYSCuwdOEE,Other,2021-10-24,2906.0,97167,66.0,17,5.38,Short,94,Sunday,0.07,2.99
_bBfGNYsfv0,Other,2021-10-23,12504.0,244863,267.0,13,126.9,Long,104,Saturday,0.11,5.11
EijkPs-JQkk,Other,2021-10-23,860.0,26584,69.0,14,3.25,Short,66,Saturday,0.26,3.24
2JVhuUlnPGs,Other,2021-10-23,5093.0,302183,140.0,3,4.55,Short,88,Saturday,0.05,1.69
0qRwrs3_j90,Teaser,2021-10-22,17581.0,564576,259.0,29,2.95,Short,95,Friday,0.05,3.11
AHRQ3cpslIY,Teaser,2021-10-22,27193.0,605412,473.0,29,2.95,Short,94,Friday,0.08,4.49
sGsabVSiPXY,Teaser,2021-10-22,135629.0,4390415,2064.0,29,2.95,Short,94,Friday,0.05,3.09
ZzpLS6h2Jq0,Teaser,2021-10-21,112788.0,3641545,2135.0,27,3.12,Short,88,Thursday,0.06,3.1
YzcjhEDel1c,Teaser,2021-10-21,85447.0,8420166,1620.0,6,2.82,Short,93,Thursday,0.02,1.01
TIJUgooS2Fg,Interview,2021-10-20,993.0,29119,66.0,9,4.37,Short,73,Wednesday,0.23,3.41
TmC6XalDJdU,Other,2021-10-20,77408.0,988232,2194.0,15,20.22,Long,83,Wednesday,0.22,7.83
ogq5xZg9SAU,Other,2021-10-19,11579.0,1012444,304.0,10,1.93,Short,81,Tuesday,0.03,1.14
qRESnWFYYho,Teaser,2021-10-19,405164.0,39339771,23844.0,3,2.38,Short,73,Tuesday,0.06,1.03
n1c2WEsSxgU,Other,2021-10-18,15457.0,576961,238.0,20,11.13,Long,86,Monday,0.04,2.68
C6A2bc24fU8,Other,2021-10-18,2750.0,123756,208.0,31,0.52,Short,64,Monday,0.17,2.22
y4rnxMiYSAQ,Other,2021-10-17,16823.0,395692,529.0,12,12.8,Long,63,Sunday,0.13,4.25
kt6sWoUsO7c,Other,2021-10-16,33679.0,1237488,0.0,3,1.9,Short,89,Saturday,0.0,2.72
PeuE5FOQxYc,Other,2021-10-15,238126.0,4370294,3631.0,14,16.28,Long,73,Friday,0.08,5.45
TDAY3ZrwMZM,Other,2021-10-15,1856.0,48408,47.0,17,1.37,Short,98,Friday,0.1,3.83
oaSOowkub9k,Other,2021-10-14,18631.0,626617,237.0,17,6.02,Short,96,Thursday,0.04,2.97
JDEx51O3Juk,Teaser,2021-10-14,11067.0,260835,169.0,31,0.53,Short,60,Thursday,0.06,4.24
g4V3ulMBBbQ,Teaser,2021-10-14,25666.0,369713,500.0,31,0.53,Short,59,Thursday,0.14,6.94
RAp-1XNOuIQ,Teaser,2021-10-14,102304.0,2222548,2018.0,31,0.53,Short,59,Thursday,0.09,4.6
vESCmbKGkD8,Teaser,2021-10-13,149011.0,3242864,2706.0,15,0.75,Short,53,Wednesday,0.08,4.6
mO32aTHfUtU,Other,2021-10-13,2845.0,91978,52.0,12,5.03,Short,95,Wednesday,0.06,3.09
PrUUJku7x58,Other,2021-10-12,92269.0,1579456,1191.0,11,10.03,Long,74,Tuesday,0.08,5.84
CMd4Cyy1MzI,Other,2021-10-12,4255.0,196657,76.0,17,1.07,Short,86,Tuesday,0.04,2.16
f7AHllmuLyg,Teaser,2021-10-12,66065.0,6525846,2417.0,1,1.47,Short,92,Tuesday,0.04,1.01
DRxtM98X4A4,Other,2021-10-11,8031.0,474812,196.0,11,0.98,Short,75,Monday,0.04,1.69
csv5p07nkas,Other,2021-10-11,9140.0,592337,174.0,11,1.0,Short,72,Monday,0.03,1.54
pCKicUIz6Ws,Interview,2021-10-10,2375.0,57170,57.0,4,2.03,Short,55,Sunday,0.1,4.15
LGVRerqSwI4,Other,2021-10-10,16633.0,841607,544.0,9,7.72,Short,85,Sunday,0.06,1.98
9sw6WNegYco,Other,2021-10-10,93213.0,1730457,2583.0,14,22.18,Long,65,Sunday,0.15,5.39
afugxj2LJr0,Other,2021-10-09,7053.0,144250,116.0,11,2.78,Short,87,Saturday,0.08,4.89
2UsNCO3h2AQ,Other,2021-10-09,26141.0,725698,330.0,10,13.18,Long,85,Saturday,0.05,3.6
r4g_Y9bIABQ,Other,2021-10-08,4800.0,100641,295.0,3,3.53,Short,97,Friday,0.29,4.77
XRXwjgfZPW4,Other,2021-10-08,7095.0,257596,135.0,17,4.95,Short,103,Friday,0.05,2.75
ht4yVGdRe6Y,Other,2021-10-08,6500.0,359778,354.0,29,0.7,Short,67,Friday,0.1,1.81
HJGtb9QYVRU,Teaser,2021-10-08,31066.0,1806905,826.0,16,2.27,Short,97,Friday,0.05,1.72
4HWh5zNKaOI,Other,2021-10-07,18641.0,412527,324.0,3,3.75,Short,52,Thursday,0.08,4.52
UrvQCDDqQmc,Teaser,2021-10-06,4096.0,128588,168.0,3,2.32,Short,71,Wednesday,0.13,3.19
Wn7zrAxeadk,Interview,2021-10-06,475.0,16112,36.0,11,4.38,Short,96,Wednesday,0.22,2.95
Gp3OmiJMGjc,Other,2021-10-06,27145.0,2061770,873.0,28,1.43,Short,67,Wednesday,0.04,1.32
XjF8oo0Zzzo,Song,2021-10-06,39920.0,1834633,1040.0,17,2.55,Short,98,Wednesday,0.06,2.18
fjBzZZWUvOg,Other,2021-10-05,45122.0,657992,874.0,8,4.72,Short,57,Tuesday,0.13,6.86
UeKbWS0onqY,Other,2021-10-05,4233.0,126958,340.0,10,0.97,Short,65,Tuesday,0.27,3.33
3F4x4tswK-c,Other,2021-10-04,34682.0,1781542,1072.0,30,1.33,Short,71,Monday,0.06,1.95
oYHJJlTsMTI,Other,2021-10-04,14357.0,377530,333.0,21,1.27,Short,83,Monday,0.09,3.8
sry7BoNHIPs,Clip,2021-10-04,27020.0,912344,676.0,10,7.93,Short,46,Monday,0.07,2.96
N1r7uaMm1oM,Other,2021-10-03,669.0,27080,23.0,14,2.35,Short,60,Sunday,0.08,2.47
r2Wk-cI7i9c,Other,2021-10-03,1216.0,36176,33.0,18,3.95,Short,47,Sunday,0.09,3.36
DLxpxiOmR3s,Other,2021-10-02,4220.0,119974,120.0,18,2.83,Short,81,Saturday,0.1,3.52
xN5J-Ld3G1s,Teaser,2021-10-01,178090.0,8357709,7917.0,2,1.78,Short,70,Friday,0.09,2.13
hEqk10Kbgh4,Teaser,2021-10-01,162475.0,6759589,4705.0,10,2.12,Short,51,Friday,0.07,2.4
mN1QAgs079w,Other,2021-09-30,128972.0,4196404,2384.0,22,2.07,Short,64,Thursday,0.06,3.07
g1dUmuCnYFI,Romance,2021-09-30,1882.0,42768,102.0,19,2.15,Short,58,Thursday,0.24,4.4
AjYAuAW00EQ,Action,2021-09-29,18284.0,4494005,0.0,15,2.03,Short,74,Wednesday,0.0,0.41
10BrCNwri0I,Other,2021-09-29,3828.0,51368,1002.0,15,1.55,Short,100,Wednesday,1.95,7.45
Lw2i_S-oOkc,Other,2021-09-28,3392.0,91306,108.0,10,1.95,Short,81,Tuesday,0.12,3.71
pEk7-0R_ygw,Other,2021-09-28,120556.0,3094128,1359.0,9,3.83,Short,96,Tuesday,0.04,3.9
YFUECGINK-c,Teaser,2021-09-28,68648.0,2097833,1509.0,3,1.9,Short,104,Tuesday,0.07,3.27
mDxwdw5dLKE,Teaser,2021-09-27,40478.0,744371,1003.0,3,1.02,Short,67,Monday,0.13,5.44
gBz7Pb6QI2A,Other,2021-09-27,2077.0,79243,50.0,10,4.93,Short,85,Monday,0.06,2.62
7racLNobw3A,Other,2021-09-26,45114.0,1645132,614.0,7,2.67,Short,83,Sunday,0.04,2.74
EKIxqFDCUQ4,Other,2021-09-26,16955.0,392371,885.0,11,3.0,Short,95,Sunday,0.23,4.32
4qnZqk6ujx4,Song,2021-09-26,17023.0,801471,495.0,3,1.85,Short,100,Sunday,0.06,2.12
kdK6s_LH73Y,Interview,2021-09-26,6358.0,405006,295.0,7,2.0,Short,72,Sunday,0.07,1.57
Mew2ZYxFDbw,Teaser,2021-09-26,23069.0,1673002,542.0,3,0.95,Short,54,Sunday,0.03,1.38
JJpuW6a_24o,Teaser,2021-09-26,24475.0,1572220,883.0,3,1.4,Short,91,Sunday,0.06,1.56
xcBhgGvgDF0,Teaser,2021-09-26,26554.0,1304319,649.0,8,2.1,Short,90,Sunday,0.05,2.04
YBUKclK5xoc,Interview,2021-09-26,41560.0,770678,1626.0,8,2.1,Short,95,Sunday,0.21,5.39
3lKKoTBFIF0,Other,2021-09-26,67233.0,5225788,1828.0,9,3.68,Short,67,Sunday,0.03,1.29
8_SDE0knJuA,Teaser,2021-09-25,19266.0,555954,482.0,26,3.08,Short,54,Saturday,0.09,3.47
CKBAcDG5QKk,Other,2021-09-25,3366.0,119845,80.0,23,1.98,Short,56,Saturday,0.07,2.81
51KpljH1Mv0,Teaser,2021-09-25,37788.0,1218645,878.0,11,2.52,Short,64,Saturday,0.07,3.1
TuyKS7599ww,Other,2021-09-25,970.0,22347,40.0,14,4.32,Short,52,Saturday,0.18,4.34
artSZhXhXTo,Action,2021-09-25,535212.0,16939930,10994.0,18,1.87,Short,64,Saturday,0.06,3.16
h9jrj1aXcTw,Clip,2021-09-25,19474.0,604363,546.0,32,3.53,Short,86,Saturday,0.09,3.22
BIzkqNo8zOc,Other,2021-09-25,41179.0,7018924,1346.0,2,30.35,Long,38,Saturday,0.02,0.59
ojlOsV7pzKk,Other,2021-09-24,47237.0,1302821,641.0,20,3.1,Short,96,Friday,0.05,3.63
UfGtOEH8Pww,Comedy,2021-09-24,1034.0,32525,60.0,19,4.7,Short,103,Friday,0.18,3.18
_XxvfHwI5y0,Other,2021-09-24,174443.0,4744329,2656.0,11,6.85,Short,88,Friday,0.06,3.68
Or3KeGbQiWg,Other,2021-09-23,1137.0,30974,89.0,15,4.22,Short,95,Thursday,0.29,3.67
7tJSGFx4K4c,Other,2021-09-23,207128.0,4132888,2865.0,8,2.77,Short,68,Thursday,0.07,5.01
SkxtSb3SBd0,Announcement,2021-09-23,46050.0,723227,2856.0,3,0.42,Short,94,Thursday,0.39,6.37
YYKi6quLMZs,Teaser,2021-09-22,41536.0,1091587,772.0,10,1.77,Short,56,Wednesday,0.07,3.81
okPK49whYMA,Interview,2021-09-22,1050.0,31247,83.0,13,3.47,Short,86,Wednesday,0.27,3.36
bUE3yZiMAxU,Teaser,2021-09-22,77583.0,2021853,2138.0,8,1.02,Short,70,Wednesday,0.11,3.84
tGKD95VXnMI,Other,2021-09-22,1019.0,44841,99.0,30,0.68,Short,63,Wednesday,0.22,2.27
CVDaY7AsQMA,Teaser,2021-09-21,94448.0,1873907,1956.0,7,1.02,Short,69,Tuesday,0.1,5.04
FnTROHZAuBc,Other,2021-09-21,2072.0,62194,224.0,8,3.37,Short,65,Tuesday,0.36,3.33
tKfME2vYyoE,Other,2021-09-21,610.0,20356,37.0,17,1.88,Short,89,Tuesday,0.18,3.0
GBi4YFfwyNU,Other,2021-09-20,15953.0,322311,575.0,3,1.15,Short,61,Monday,0.18,4.95
DpdjD27qknI,Teaser,2021-09-20,12691.0,694186,661.0,13,1.02,Short,57,Monday,0.1,1.83
y-zMJySjLuI,Other,2021-09-19,4441.0,255922,146.0,9,2.07,Short,82,Sunday,0.06,1.74
7pmEC_Du8i4,Other,2021-09-19,1987.0,55489,27.0,17,0.18,Short,73,Sunday,0.05,3.58
XhH4VMJcruo,Song,2021-09-19,3551.0,93420,88.0,3,9.65,Short,63,Sunday,0.09,3.8
1Iydi9M2QpU,Other,2021-09-18,494221.0,8117368,6653.0,7,7.57,Short,49,Saturday,0.08,6.09
-9fWff_AEA8,Clip,2021-09-18,737.0,31149,30.0,29,0.68,Short,72,Saturday,0.1,2.37
Ngl5uODB9_g,Announcement,2021-09-18,7639.0,175431,281.0,18,0.55,Short,100,Saturday,0.16,4.35
g_kcQDTsUbQ,Other,2021-09-17,4056.0,95109,150.0,9,2.95,Short,91,Friday,0.16,4.26
E9RE5VjoLvg,Interview,2021-09-17,297.0,11260,31.0,20,9.43,Short,89,Friday,0.28,2.64
I022OHEzxvE,Teaser,2021-09-16,19404.0,597830,817.0,13,1.22,Short,52,Thursday,0.14,3.25
4iaRJpS0ASQ,Song,2021-09-16,8987.0,162152,396.0,18,2.18,Short,79,Thursday,0.24,5.54
1dcc7rPYoq4,Other,2021-09-15,2700.0,92263,127.0,17,6.37,Short,62,Wednesday,0.14,2.93
gGlZiJVifo8,Teaser,2021-09-15,3459.0,85430,204.0,27,1.42,Short,60,Wednesday,0.24,4.05
MIbIWRQhm1A,Other,2021-09-15,4913.0,108157,138.0,3,7.87,Short,62,Wednesday,0.13,4.54
Kwwe9DN4x10,Other,2021-09-15,47277.0,2286534,747.0,14,16.88,Long,97,Wednesday,0.03,2.07
qcO2YnjieGY,Romance,2021-09-14,3606.0,144500,52.0,11,58.9,Long,100,Tuesday,0.04,2.5
1f-uHsfO7GM,Teaser,2021-09-14,16207.0,687642,644.0,7,2.45,Short,63,Tuesday,0.09,2.36
ErB-Fm77gso,Teaser,2021-09-14,18764.0,1085899,825.0,2,1.8,Short,66,Tuesday,0.08,1.73
R4DwBHzh_3c,Other,2021-09-13,5706.0,202283,140.0,9,1.58,Short,79,Monday,0.07,2.82
9VDhgIkso5Y,Other,2021-09-13,6947.0,301014,133.0,9,9.6,Short,100,Monday,0.04,2.31
CnZA9RhYxuY,Other,2021-09-13,136219.0,2955531,2883.0,3,1.88,Short,75,Monday,0.1,4.61
BqM6Rk8bfqs,Other,2021-09-12,41454.0,633618,1012.0,17,1.23,Short,48,Sunday,0.16,6.54
YBNeW8JQrrM,Other,2021-09-12,5559.0,173408,116.0,3,3.7,Short,93,Sunday,0.07,3.21
SSrYFGfPoR0,Interview,2021-09-12,16618.0,628667,485.0,15,37.23,Long,95,Sunday,0.08,2.64
gQ33tiQ8xO8,Other,2021-09-11,9151.0,185887,456.0,3,1.55,Short,45,Saturday,0.25,4.92
yBnMBz-0pAQ,Other,2021-09-11,6608.0,161625,85.0,14,4.2,Short,99,Saturday,0.05,4.09
4WyT9LgmG20,Other,2021-09-10,4061.0,125467,188.0,6,1.77,Short,46,Friday,0.15,3.24
b2Uij_GIRes,Other,2021-09-10,4268.0,114124,208.0,3,2.2,Short,77,Friday,0.18,3.74
aG8KWYko8VY,Teaser,2021-09-10,398463.0,24661028,12672.0,6,2.18,Short,55,Friday,0.05,1.62
9lBIY10MuVQ,Other,2021-09-09,11475.0,241323,422.0,17,1.13,Short,51,Thursday,0.17,4.76
haeb-1Fhju4,Other,2021-09-09,9195.0,184305,1157.0,11,4.37,Short,89,Thursday,0.63,4.99
2cIa377UWy4,Other,2021-09-09,3635.0,235644,144.0,22,10.5,Long,92,Thursday,0.06,1.54
28HLy95UejU,Other,2021-09-09,11305.0,318745,509.0,20,2.93,Short,59,Thursday,0.16,3.55
rZOdpTONUu4,Interview,2021-09-08,1192.0,41768,60.0,22,7.88,Short,100,Wednesday,0.14,2.85
Hq9AxTTqKlI,Other,2021-09-07,25673.0,708820,3574.0,7,1.78,Short,70,Tuesday,0.5,3.62
8GRelJ8ngss,Teaser,2021-09-07,16549.0,552581,722.0,29,2.28,Short,57,Tuesday,0.13,2.99
zm_PXo1E8iI,Teaser,2021-09-07,46781.0,1318679,1585.0,13,2.67,Short,59,Tuesday,0.12,3.55
PIG5gvhSasg,Other,2021-09-07,1358.0,52811,91.0,15,1.07,Short,45,Tuesday,0.17,2.57
wxphQxJ-1X0,Other,2021-09-06,10110.0,488025,268.0,13,14.87,Long,80,Monday,0.05,2.07
dcABuuzGZ8Y,Other,2021-09-06,12025.0,366852,328.0,7,1.6,Short,81,Monday,0.09,3.28
36P09Z1t5gU,Announcement,2021-09-06,103235.0,1657519,5403.0,3,0.58,Short,98,Monday,0.33,6.23
rGmc5aFZKwY,Other,2021-09-05,578.0,21018,35.0,21,2.63,Short,54,Sunday,0.17,2.75
FXMnjGNIv78,Other,2021-09-05,118305.0,2666577,1242.0,14,3.63,Short,65,Sunday,0.05,4.44
LVKV7or4lQY,Other,2021-09-04,10326.0,294417,342.0,21,1.6,Short,58,Saturday,0.12,3.51
Fi0RGhMW_k0,Song,2021-09-04,55336.0,1123258,1172.0,25,1.55,Short,72,Saturday,0.1,4.93
IwTe8gd6018,Other,2021-09-04,23108.0,469463,1264.0,3,0.43,Short,62,Saturday,0.27,4.92
7PJcgVL52Qc,Other,2021-09-03,32801.0,1365962,2067.0,5,1.32,Short,62,Friday,0.15,2.4
U-t8m39ybEI,Other,2021-09-03,42457.0,1061801,1344.0,3,2.65,Short,74,Friday,0.13,4.0
k9N2eTBlkBc,Teaser,2021-09-02,233313.0,6881513,4994.0,27,2.48,Short,87,Thursday,0.07,3.39
mfcZXXP0kZw,Other,2021-09-02,190139.0,5016035,4696.0,3,2.85,Short,62,Thursday,0.09,3.79
s00tPanWbsY,Teaser,2021-09-02,1686.0,70864,67.0,29,1.08,Short,40,Thursday,0.09,2.38
LWFghjhtzq8,Comedy,2021-09-01,14501.0,371218,391.0,32,3.47,Short,69,Wednesday,0.11,3.91
LsUZ7DkwPMw,Other,2021-09-01,37853.0,2020142,424.0,12,13.7,Long,99,Wednesday,0.02,1.87
W_G5Lkqeb3s,Other,2021-08-31,30756.0,1000821,858.0,26,23.65,Long,100,Tuesday,0.09,3.07
IKNqeuxQKqk,Teaser,2021-08-31,126421.0,4430869,3144.0,3,2.08,Short,99,Tuesday,0.07,2.85
MtV4hvJmnSQ,Announcement,2021-08-30,4224.0,109053,277.0,15,1.53,Short,48,Monday,0.25,3.87
2EgeSFbgYpQ,Teaser,2021-08-30,432086.0,8026485,14567.0,11,1.38,Short,54,Monday,0.18,5.38
CbS5q8FOTMw,Other,2021-08-29,44326.0,1876457,1234.0,29,3.05,Short,60,Sunday,0.07,2.36
damfqn6p8UM,Other,2021-08-29,1173.0,59637,52.0,21,1.78,Short,53,Sunday,0.09,1.97
dwslImphIqA,Other,2021-08-29,26529.0,1424076,695.0,21,15.68,Long,64,Sunday,0.05,1.86
nopQrpYBNFs,Teaser,2021-08-28,1189.0,47070,156.0,11,1.52,Short,58,Saturday,0.33,2.53
Nj26w5E3Tc0,Teaser,2021-08-28,2334.0,94858,289.0,11,1.52,Short,57,Saturday,0.3,2.46
SzREqWl45oY,Other,2021-08-28,23760.0,583543,3900.0,3,0.48,Short,52,Saturday,0.67,4.07
Z8EU_bIQQgw,Other,2021-08-28,12777.0,658859,131.0,9,6.22,Short,93,Saturday,0.02,1.94
gDqkfVRnpHg,Other,2021-08-27,558.0,24291,30.0,18,1.72,Short,69,Friday,0.12,2.3
ArASWvVJAIw,Comedy,2021-08-27,20907.0,456391,478.0,32,4.32,Short,92,Friday,0.1,4.58
Z3alCrFuwY8,Teaser,2021-08-26,9786.0,778220,259.0,25,2.07,Short,59,Thursday,0.03,1.26
f7abFU3u--k,Other,2021-08-26,2305.0,59013,122.0,9,4.65,Short,96,Thursday,0.21,3.91
PA-iTrp_F8E,Comedy,2021-08-26,11845.0,252006,795.0,32,3.1,Short,63,Thursday,0.32,4.7
iM3dNhkq4Bs,Announcement,2021-08-26,6246.0,329847,269.0,19,1.12,Short,94,Thursday,0.08,1.89
6v-dlIRvQnU,Teaser,2021-08-25,5181.0,111408,282.0,25,1.07,Short,53,Wednesday,0.25,4.65
xsXE4DoTnA8,Other,2021-08-25,89413.0,5420371,1009.0,10,14.08,Long,91,Wednesday,0.02,1.65
vTw85oKVkaM,Drama,2021-08-24,2368.0,77218,165.0,9,13.82,Long,88,Tuesday,0.21,3.07
ZeWZU-CBCgM,Other,2021-08-24,1294.0,39618,63.0,16,4.32,Short,92,Tuesday,0.16,3.27
Tv5LYJEXJ9Y,Romance,2021-08-24,19164.0,463050,188.0,10,4.1,Short,96,Tuesday,0.04,4.14
VIV0E121y9Y,Comedy,2021-08-23,19446.0,450366,510.0,17,3.67,Short,66,Monday,0.11,4.32
nNDbFYfIU1A,Other,2021-08-23,423827.0,12571122,13969.0,21,3.15,Short,95,Monday,0.11,3.37
taWRk6MESqc,Behind the Scenes,2021-08-22,8270.0,257772,314.0,29,9.12,Short,62,Sunday,0.12,3.21
Nn_GsAXp-Mc,Other,2021-08-22,2442.0,132931,124.0,14,2.35,Short,59,Sunday,0.09,1.84
Lv8D0Ora8-4,Teaser,2021-08-22,11433.0,445471,286.0,11,1.73,Short,94,Sunday,0.06,2.57
_PghuDwy-G0,Teaser,2021-08-21,3786.0,124469,55.0,9,1.25,Short,95,Saturday,0.04,3.04
s9Q0HZkmMQU,Other,2021-08-21,48126.0,1013714,835.0,8,4.18,Short,60,Saturday,0.08,4.75
oorgtfS5MmQ,Announcement,2021-08-21,80366.0,2237958,1884.0,3,1.17,Short,79,Saturday,0.08,3.59
wKW7pUSSkp8,Comedy,2021-08-20,13596.0,342399,380.0,31,1.65,Short,59,Friday,0.11,3.97
EVg8_T7CX_Q,Other,2021-08-20,31237.0,938637,971.0,12,19.92,Long,72,Friday,0.1,3.33
3rp8znsek24,Comedy,2021-08-20,10400.0,203486,772.0,33,1.9,Short,52,Friday,0.38,5.11
M9zv9ghrDVk,Comedy,2021-08-19,49402.0,931830,2511.0,33,7.78,Short,72,Thursday,0.27,5.3
pw1WuzTYM3Q,Teaser,2021-08-19,17628.0,1065383,516.0,3,1.58,Short,50,Thursday,0.05,1.65
1EAtI2FJ1Z4,Other,2021-08-18,54519.0,4658249,786.0,11,1.82,Short,89,Wednesday,0.02,1.17
Uzn4AMI4vRo,Other,2021-08-17,13783.0,277308,494.0,6,4.72,Short,92,Tuesday,0.18,4.97
wZWd3C6SBSA,Comedy,2021-08-17,59815.0,1344980,1020.0,19,6.33,Short,97,Tuesday,0.08,4.45
lxohS4RLLMo,Other,2021-08-16,1226.0,38518,64.0,3,4.48,Short,87,Monday,0.17,3.18
xCr0Jtf0Ftk,Teaser,2021-08-16,16000.0,1395715,459.0,3,1.85,Short,95,Monday,0.03,1.15
qGrEjnMQS00,Other,2021-08-15,5521.0,450006,243.0,9,3.32,Short,71,Sunday,0.05,1.23
a49YgJcaZCo,Other,2021-08-15,175897.0,3982883,3192.0,12,4.35,Short,96,Sunday,0.08,4.42
JI_eG_kYcUM,Other,2021-08-14,1344.0,52288,95.0,7,1.97,Short,75,Saturday,0.18,2.57
ZMrc17yO-Ac,Other,2021-08-14,4635.0,294831,128.0,11,2.05,Short,72,Saturday,0.04,1.57
_IkVlqYF1sg,Other,2021-08-13,2164.0,44903,54.0,4,2.47,Short,63,Friday,0.12,4.82
2Iuhyuj0u3o,Other,2021-08-12,13864.0,432929,410.0,23,1.92,Short,65,Thursday,0.09,3.2
X1o3O7gvq8s,Other,2021-08-12,5579.0,108787,341.0,4,1.92,Short,74,Thursday,0.31,5.13
WnO3WaBtnSs,Other,2021-08-11,27730.0,714726,292.0,9,4.03,Short,86,Wednesday,0.04,3.88
6BVCcwHxUrc,Other,2021-08-11,5276.0,133177,174.0,7,4.57,Short,83,Wednesday,0.13,3.96
LxC1V2Yy_IE,Other,2021-08-11,10118.0,249597,272.0,26,1.25,Short,56,Wednesday,0.11,4.05
ziRF_uDTMt0,Teaser,2021-08-10,41448.0,688856,1174.0,24,2.58,Short,46,Tuesday,0.17,6.02
4rZFHT8q1Wo,Other,2021-08-10,54716.0,1392560,1118.0,8,19.05,Long,90,Tuesday,0.08,3.93
_lKpQqUbqBU,Other,2021-08-10,12572.0,511263,334.0,7,8.98,Short,73,Tuesday,0.07,2.46
36CGxQiCF34,Other,2021-08-10,7618.0,99357,314.0,5,1.6,Short,69,Tuesday,0.32,7.67
CUMiobsYKVk,Other,2021-08-09,3658.0,107476,150.0,3,2.85,Short,62,Monday,0.14,3.4
31SdRzmf3_Y,Comedy,2021-08-09,28626.0,563453,698.0,7,1.22,Short,53,Monday,0.12,5.08
DXE8GmL1QO4,Other,2021-08-08,4451.0,162182,96.0,10,1.57,Short,66,Sunday,0.06,2.74
Ey5SUzJTtDM,Other,2021-08-08,13618.0,1193670,626.0,22,2.12,Short,63,Sunday,0.05,1.14
fWlMP_mPhRQ,Clip,2021-08-08,3813.0,343296,82.0,10,2.55,Short,96,Sunday,0.02,1.11
EdO3BvZMawc,Other,2021-08-07,2338.0,132527,45.0,15,2.5,Short,65,Saturday,0.03,1.76
RWsrZT38yZc,Teaser,2021-08-07,2588.0,83217,82.0,10,1.52,Short,94,Saturday,0.1,3.11
iMsLzpU1SK4,Clip,2021-08-07,31976.0,861335,638.0,9,2.98,Short,82,Saturday,0.07,3.71
6rnSqr6LJuo,Teaser,2021-08-06,42558.0,643083,1932.0,31,0.68,Short,46,Friday,0.3,6.62
TI1Y0-HJ_Qs,Other,2021-08-06,62597.0,1165312,2865.0,13,3.17,Short,80,Friday,0.25,5.37
d3OBzM4oG30,Other,2021-08-05,16617.0,427946,427.0,3,140.18,Long,47,Thursday,0.1,3.88
B_LLNN0qDTE,Other,2021-08-05,8094.0,171024,331.0,17,3.78,Short,66,Thursday,0.19,4.73
u-LDZSTlf30,Clip,2021-08-04,51149.0,1032330,1244.0,30,1.77,Short,53,Wednesday,0.12,4.95
cDVck2bexkg,Other,2021-08-03,90572.0,1431841,1690.0,3,6.13,Short,52,Tuesday,0.12,6.33
v2-hbbdeNCE,Other,2021-08-02,5919.0,138713,172.0,12,1.73,Short,66,Monday,0.12,4.27
cJ1PQHfTdq4,Other,2021-08-02,10733.0,507205,353.0,5,2.03,Short,52,Monday,0.07,2.12
v-qIDg3w-3I,Other,2021-08-01,1259.0,39253,105.0,4,3.35,Short,98,Sunday,0.27,3.21
Rt6pOXomN8E,Other,2021-08-01,15370.0,338838,225.0,3,7.78,Short,71,Sunday,0.07,4.54
w3OTkVhyb_4,Other,2021-07-31,6821.0,263532,122.0,8,12.5,Long,92,Saturday,0.05,2.59
5mQ_L_pox-I,Other,2021-07-31,26671.0,902467,1115.0,7,19.23,Long,85,Saturday,0.12,2.96
CKFoO7EgMw4,Other,2021-07-30,28395.0,1160926,449.0,8,5.28,Short,101,Friday,0.04,2.45
3SrS-tE9hDM,Clip,2021-07-30,2070.0,65504,50.0,4,2.27,Short,50,Friday,0.08,3.16
JUCuZIPnk30,Other,2021-07-30,24471.0,782751,411.0,5,2.8,Short,68,Friday,0.05,3.13
EDrIhSbR7eM,Song,2021-07-29,13976.0,586458,340.0,5,2.73,Short,95,Thursday,0.06,2.38
D5D-5nu3e5Q,Other,2021-07-29,190124.0,2171701,3840.0,15,6.88,Short,74,Thursday,0.18,8.75
38Aj1JhOnrM,Comedy,2021-07-29,30849.0,629902,2037.0,2,1.9,Short,95,Thursday,0.32,4.9
iHgzGAAYrFY,Romance,2021-07-28,27687.0,786795,279.0,6,7.52,Short,88,Wednesday,0.04,3.52
1l5Plou0mU8,Other,2021-07-28,6696.0,104669,157.0,24,1.17,Short,67,Wednesday,0.15,6.4
RGHVvO8Hg1E,Other,2021-07-28,5084.0,139287,184.0,18,1.13,Short,66,Wednesday,0.13,3.65
RJsQOAkh9jk,Announcement,2021-07-28,27814.0,1405654,667.0,7,0.62,Short,91,Wednesday,0.05,1.98
UG1vl1M0rxU,Other,2021-07-27,17751.0,522812,349.0,5,2.25,Short,68,Tuesday,0.07,3.4
ZfecUNNGFxs,Other,2021-07-27,16769.0,656629,441.0,18,2.45,Short,56,Tuesday,0.07,2.55
Go6O1wX8H-c,Teaser,2021-07-27,267796.0,6118226,15001.0,11,2.0,Short,67,Tuesday,0.25,4.38
04Gt4y3FyIM,Teaser,2021-07-26,162578.0,3636273,4723.0,27,0.47,Short,72,Monday,0.13,4.47
b8-2tn15USI,Other,2021-07-26,7116.0,130278,160.0,7,3.85,Short,79,Monday,0.12,5.46
zWkMsSUABP0,Teaser,2021-07-25,18371.0,951178,558.0,10,1.25,Short,63,Sunday,0.06,1.93
x1UGN6GcOxQ,Other,2021-07-25,14874.0,1208457,440.0,5,2.2,Short,65,Sunday,0.04,1.23
Ggylz7RyQmA,Announcement,2021-07-25,11436.0,150859,528.0,14,1.23,Short,56,Sunday,0.35,7.58
CdZOaYRweeo,Other,2021-07-24,2245.0,61953,44.0,10,1.58,Short,91,Saturday,0.07,3.62
xHfGZ0uDHf8,Teaser,2021-07-23,63686.0,1659245,1157.0,5,2.0,Short,95,Friday,0.07,3.84
1QFKqjfdQ3M,Other,2021-07-23,1464.0,59436,99.0,19,3.9,Short,98,Friday,0.17,2.46
PMrb02f0o6Y,Other,2021-07-23,5295.0,88703,207.0,13,1.95,Short,88,Friday,0.23,5.97
1W2Ap9AMajE,Romance,2021-07-23,3282.0,77286,100.0,16,2.05,Short,61,Friday,0.13,4.25
1PeSKlKX8pQ,Other,2021-07-22,640.0,19225,36.0,5,1.35,Short,54,Thursday,0.19,3.33
Xq5JH7dVN_8,Other,2021-07-22,12800.0,682298,326.0,10,2.22,Short,72,Thursday,0.05,1.88
cDTNL0lgVsQ,Teaser,2021-07-21,2037.0,36077,125.0,23,1.42,Short,68,Wednesday,0.35,5.65
etAPHXnEB8I,Other,2021-07-21,4007.0,371321,130.0,16,1.8,Short,82,Wednesday,0.04,1.08
qQQgDlw4vtM,Other,2021-07-21,37394.0,1568656,414.0,7,4.87,Short,95,Wednesday,0.03,2.38
ikVziyFfmrM,Other,2021-07-20,3884.0,59239,81.0,5,3.48,Short,76,Tuesday,0.14,6.56
tCZFFpDVEac,Other,2021-07-19,3160.0,490215,0.0,23,2.5,Short,53,Monday,0.0,0.64
Z9xkCiEthkM,Other,2021-07-19,128971.0,4986913,2204.0,7,2.6,Short,96,Monday,0.04,2.59
1_X0dR0ypWE,Other,2021-07-18,2438.0,94442,100.0,18,1.93,Short,94,Sunday,0.11,2.58
arZ0tOwpRhU,Song,2021-07-18,5766.0,243299,240.0,6,7.02,Short,99,Sunday,0.1,2.37
7MFH0j8NbMg,Other,2021-07-17,13300.0,545202,431.0,3,1.22,Short,66,Saturday,0.08,2.44
qPvGA5taLnw,Other,2021-07-17,48340.0,719367,851.0,3,12.08,Long,105,Saturday,0.12,6.72
yqxE1gy5Xes,Other,2021-07-16,9111.0,194786,270.0,11,6.17,Short,76,Friday,0.14,4.68
DegkGdq9xy0,Announcement,2021-07-16,1239.0,143601,53.0,6,0.53,Short,82,Friday,0.04,0.86
ZHWHbhkmHko,Other,2021-07-16,460.0,54965,38.0,6,1.22,Short,69,Friday,0.07,0.84
XV2nrsIsb04,Other,2021-07-15,3046.0,93276,47.0,3,79.67,Long,102,Thursday,0.05,3.27
DtAH-xhVCrU,Other,2021-07-15,5079.0,70833,404.0,5,1.55,Short,53,Thursday,0.57,7.17
JREOxhNQoWg,Other,2021-07-15,26392.0,545403,1047.0,7,4.0,Short,87,Thursday,0.19,4.84
UcjVUkIbXMk,Other,2021-07-14,4241.0,56816,130.0,15,2.05,Short,45,Wednesday,0.23,7.46
be9C1meIylU,Other,2021-07-14,35326.0,1621965,703.0,10,1.7,Short,52,Wednesday,0.04,2.18
nk7pudNopL8,Other,2021-07-14,5184.0,195283,219.0,11,2.15,Short,89,Wednesday,0.11,2.65
mfg-scusLS8,Other,2021-07-13,20083.0,2947480,509.0,20,2.4,Short,86,Tuesday,0.02,0.68
_sc3HyeNxPs,Teaser,2021-07-13,666617.0,23095926,23101.0,11,3.07,Short,70,Tuesday,0.1,2.89
gu2qsK6yZCY,Other,2021-07-12,27283.0,697295,541.0,5,5.92,Short,55,Monday,0.08,3.91
nWnuJ8bUFwU,Other,2021-07-12,9247.0,310930,388.0,22,2.87,Short,81,Monday,0.12,2.97
YMBp8YiEriI,Other,2021-07-12,172836.0,50272199,0.0,23,3.03,Short,62,Monday,0.0,0.34
tcn3agV4GLk,Behind the Scenes,2021-07-11,11968.0,551143,251.0,22,2.4,Short,90,Sunday,0.05,2.17
U8XkQBZzwh8,Other,2021-07-11,1327.0,39344,64.0,3,2.77,Short,63,Sunday,0.16,3.37
dAGaL2CqVJ8,Other,2021-07-11,15685.0,430046,691.0,12,9.85,Short,93,Sunday,0.16,3.65
B0iz-Ym6WfE,Other,2021-07-10,8226.0,342066,284.0,22,2.67,Short,96,Saturday,0.08,2.4
qAM_GUzgdAI,Other,2021-07-09,11027.0,233851,468.0,9,7.42,Short,86,Friday,0.2,4.72
MEXvhhXpOQM,Announcement,2021-07-09,212266.0,3664120,14937.0,2,2.62,Short,68,Friday,0.41,5.79
3vHiqL8VS9o,Other,2021-07-08,2492.0,62046,148.0,22,3.18,Short,89,Thursday,0.24,4.02
fy3TqHU7DsU,Other,2021-07-08,312690.0,10037874,16517.0,3,4.08,Short,80,Thursday,0.16,3.12
pBoAsDX07T8,Teaser,2021-07-06,39676.0,1061828,1630.0,30,2.87,Short,54,Tuesday,0.15,3.74
zsF89cppYxE,Other,2021-07-06,1603.0,54726,60.0,11,1.47,Short,97,Tuesday,0.11,2.93
Zld_d5pS1Fg,Other,2021-07-05,7346.0,926452,200.0,13,2.63,Short,74,Monday,0.02,0.79
H93uyyFVAqU,Other,2021-07-05,23585.0,995481,1064.0,22,3.95,Short,93,Monday,0.11,2.37
kA9W1xSt44o,Announcement,2021-07-05,10277.0,697146,404.0,3,0.43,Short,75,Monday,0.06,1.47
1IuxfF9H7DQ,Other,2021-07-04,6351.0,988585,0.0,23,2.18,Short,61,Sunday,0.0,0.64
frucdmP5mzM,Clip,2021-07-03,7118.0,876942,164.0,22,2.98,Short,72,Saturday,0.02,0.81
ENQ9AP3o8vs,Other,2021-07-02,19126.0,331378,1833.0,8,7.52,Short,87,Friday,0.55,5.77
qWnK246hkk0,Other,2021-07-02,61175.0,1039195,2123.0,3,4.65,Short,101,Friday,0.2,5.89
EuXrFmMkPAU,Other,2021-07-01,153764.0,4091673,5235.0,3,4.63,Short,70,Thursday,0.13,3.76
j-8Xzycm-WI,Other,2021-07-01,710.0,31669,56.0,3,1.15,Short,91,Thursday,0.18,2.24
A6T_RQOq35g,Other,2021-06-30,451.0,18158,38.0,3,1.18,Short,75,Wednesday,0.21,2.48
Cbnjj4ADdNw,Teaser,2021-06-30,93642.0,3500977,2810.0,26,2.75,Short,95,Wednesday,0.08,2.67
hlkHP1z5Kkk,Other,2021-06-29,531.0,21025,54.0,3,1.1,Short,61,Tuesday,0.26,2.53
WhcoxYWnUwU,Clip,2021-06-29,3663.0,152481,379.0,3,7.95,Short,87,Tuesday,0.25,2.4
VUQl9KabMtg,Other,2021-06-28,831.0,38796,46.0,17,2.3,Short,61,Monday,0.12,2.14
PAj2CQh-AsQ,Clip,2021-06-28,36143.0,678155,540.0,16,2.65,Short,98,Monday,0.08,5.33
7TDgcXd0dV8,Other,2021-06-27,5816.0,163639,410.0,32,3.13,Short,44,Sunday,0.25,3.55
JCrkGNx-5i4,Other,2021-06-27,44905.0,2353252,1394.0,3,20.5,Long,93,Sunday,0.06,1.91
ZuN5znBM7Vk,Comedy,2021-06-26,93710.0,8999041,1585.0,20,2.9,Short,91,Saturday,0.02,1.04
ax4z7HeMMKM,Other,2021-06-26,716.0,20344,48.0,3,11.17,Long,97,Saturday,0.24,3.52
0kuAU3SVCu0,Other,2021-06-25,13505.0,353447,588.0,3,7.67,Short,94,Friday,0.17,3.82
XU5dE5qEwkU,Other,2021-06-25,230024.0,52056910,0.0,16,3.18,Short,67,Friday,0.0,0.44
R2lu4kZxxdI,Other,2021-06-24,1449.0,39170,91.0,23,1.68,Short,91,Thursday,0.23,3.7
P41KJkIq7CU,Other,2021-06-24,7573.0,429359,555.0,27,1.68,Short,83,Thursday,0.13,1.76
igocr358Gr0,Teaser,2021-06-23,10171.0,753102,345.0,22,0.52,Short,100,Wednesday,0.05,1.35
4HZioQl0uVg,Other,2021-06-23,24472.0,1206441,637.0,3,1.27,Short,79,Wednesday,0.05,2.03
9N8HqQKqJUc,Clip,2021-06-22,155206.0,16220852,3242.0,3,2.98,Short,89,Tuesday,0.02,0.96
or7I2W6j6j4,Teaser,2021-06-22,3762.0,209899,139.0,3,0.5,Short,100,Tuesday,0.07,1.79
rpv9N-0A8Yc,Other,2021-06-22,18158.0,890148,759.0,3,1.52,Short,88,Tuesday,0.09,2.04
JL6uigLdj3M,Other,2021-06-21,5390.0,367607,254.0,3,0.5,Short,99,Monday,0.07,1.47
cw6JMVH_xm0,Other,2021-06-21,25008.0,932540,795.0,3,1.42,Short,88,Monday,0.09,2.68
7wDY1Bufe3g,Other,2021-06-20,7763.0,284140,415.0,22,2.58,Short,92,Sunday,0.15,2.73
EDdbx_tXysU,Song,2021-06-20,56541.0,745123,2438.0,14,2.05,Short,89,Sunday,0.33,7.59
HxcHwwxnvUQ,Comedy,2021-06-19,8437.0,118646,125.0,3,88.17,Long,89,Saturday,0.11,7.11
1cuR9LWW7TY,Other,2021-06-18,16946.0,348979,384.0,3,6.75,Short,78,Friday,0.11,4.86
1yQbzDht_S4,Other,2021-06-18,6763.0,88066,204.0,3,1.13,Short,58,Friday,0.23,7.68
q7DH5ZdLEKM,Behind the Scenes,2021-06-17,54851.0,1135815,1173.0,3,7.93,Short,98,Thursday,0.1,4.83
utS39G45Q-U,Other,2021-06-17,24269.0,278681,603.0,3,1.43,Short,52,Thursday,0.22,8.71
L1u-ol6SK0o,Other,2021-06-16,21937.0,458544,1057.0,3,8.07,Short,71,Wednesday,0.23,4.78
c7IucshULDQ,Other,2021-06-15,29790.0,469738,671.0,3,99.27,Long,93,Tuesday,0.14,6.34
SKRYPQGXdsQ,Announcement,2021-06-15,11950.0,310153,379.0,3,0.93,Short,83,Tuesday,0.12,3.85
eLSebsZ0tOg,Other,2021-06-14,1435.0,48408,86.0,20,3.28,Short,64,Monday,0.18,2.96
hUr3ezLesZw,Other,2021-06-14,5107.0,147474,232.0,20,0.8,Short,79,Monday,0.16,3.46
GHyJeqhbSvw,Comedy,2021-06-13,9887.0,137142,150.0,3,88.52,Long,86,Sunday,0.11,7.21
dBxBmCemags,Other,2021-06-13,5122.0,68933,157.0,3,3.12,Short,67,Sunday,0.23,7.43
14gRJHZQ5UQ,Other,2021-06-12,1850.0,49277,75.0,3,1.1,Short,98,Saturday,0.15,3.75
uIVIAY0CcXI,Other,2021-06-12,2185.0,81319,91.0,3,0.95,Short,39,Saturday,0.11,2.69
gWuL2CKIhOQ,Other,2021-06-11,12442.0,273707,413.0,20,5.63,Short,82,Friday,0.15,4.55
kJz44NT3PIQ,Other,2021-06-11,941.0,47343,46.0,3,3.15,Short,74,Friday,0.1,1.99
zoRCW6p-_qA,Other,2021-06-11,1507.0,64297,75.0,3,2.98,Short,91,Friday,0.12,2.34
lt_bDfnXKGM,Teaser,2021-06-11,295623.0,18319965,10083.0,4,2.5,Short,100,Friday,0.06,1.61
6dyZxnc93yM,Clip,2021-06-10,3067.0,102989,197.0,21,3.45,Short,63,Thursday,0.19,2.98
VP5WVyB8z-g,Other,2021-06-10,35238.0,7021077,0.0,17,2.12,Short,63,Thursday,0.0,0.5
39o51PrSftg,Comedy,2021-06-09,3348.0,166640,172.0,15,2.57,Short,83,Wednesday,0.1,2.01
QiqHvUul4wc,Other,2021-06-09,15827.0,285658,356.0,13,2.37,Short,84,Wednesday,0.12,5.54
6CZz03aNaDk,Other,2021-06-08,1241.0,37104,18.0,3,123.27,Long,72,Tuesday,0.05,3.34
ELBWEmPmk-8,Other,2021-06-08,7610.0,123176,168.0,3,83.83,Long,86,Tuesday,0.14,6.18
P0P_Sfju0-Q,Teaser,2021-06-08,217725.0,7291068,11339.0,19,2.65,Short,88,Tuesday,0.16,2.99
o_htHbSvipo,Teaser,2021-06-07,41590.0,1583777,1457.0,3,0.9,Short,100,Monday,0.09,2.63
J_Hz5c0_3Jo,Other,2021-06-06,8585.0,257450,223.0,27,1.33,Short,93,Sunday,0.09,3.33
IxlfZxKzXdU,Action,2021-06-06,19728.0,5377955,0.0,16,2.22,Short,87,Sunday,0.0,0.37
VB76gS_9YZI,Teaser,2021-06-05,87533.0,3194277,2601.0,3,2.18,Short,97,Saturday,0.08,2.74
xJPOpiM8-jI,Other,2021-06-05,303112.0,5102979,2063.0,16,5.78,Short,70,Saturday,0.04,5.94
1BobSUUyMM8,Other,2021-06-04,2848.0,78312,52.0,3,98.62,Long,91,Friday,0.07,3.64
u0WoKTJ6Clo,Teaser,2021-06-03,1055.0,33045,50.0,16,1.08,Short,64,Thursday,0.15,3.19
q1A8lNBlBOA,Other,2021-06-03,3116.0,98521,176.0,24,0.93,Short,53,Thursday,0.18,3.16
ozin0XcMpx4,Teaser,2021-06-02,42667.0,1013464,1439.0,3,11.82,Long,98,Wednesday,0.14,4.21
0CY4qqkoxjE,Other,2021-06-02,3735.0,138838,96.0,25,2.03,Short,87,Wednesday,0.07,2.69
LIeTJpCgZgw,Teaser,2021-06-01,9999.0,185282,773.0,3,2.4,Short,99,Tuesday,0.42,5.4
Nuo-MF6oKbM,Teaser,2021-06-01,9748.0,151524,770.0,3,2.4,Short,100,Tuesday,0.51,6.43
V3io7zm-Its,Teaser,2021-06-01,38824.0,988795,1288.0,3,2.4,Short,98,Tuesday,0.13,3.93
2OtgYcd83Qg,Teaser,2021-06-01,611872.0,14804070,25660.0,6,2.4,Short,91,Tuesday,0.17,4.13
Ms6ciEYQTlk,Other,2021-05-31,38905.0,1028743,778.0,17,4.27,Short,66,Monday,0.08,3.78
gZj4GPFI2RI,Other,2021-05-31,10056.0,153745,226.0,19,1.85,Short,80,Monday,0.15,6.54
J7D_IYtEClI,Other,2021-05-30,15411.0,234247,368.0,25,1.47,Short,100,Sunday,0.16,6.58
MD6kjiMfk2M,Other,2021-05-30,2651.0,274429,0.0,23,2.85,Short,59,Sunday,0.0,0.97
e2GGoqKQsv8,Other,2021-05-29,108667.0,8979646,2918.0,17,2.4,Short,79,Saturday,0.03,1.21
HqbmVybKhUY,Other,2021-05-29,635.0,23137,36.0,19,2.37,Short,92,Saturday,0.16,2.74
QIuiV3Dc4H4,Other,2021-05-28,3199.0,71810,41.0,3,91.35,Long,73,Friday,0.06,4.45
4W5ocAI2O3k,Teaser,2021-05-28,35318.0,993965,1272.0,22,0.85,Short,87,Friday,0.13,3.55
rEZnPJsSBXw,Other,2021-05-27,11547.0,197964,409.0,25,0.98,Short,90,Thursday,0.21,5.83
TxzorsKQbNY,Other,2021-05-27,221008.0,2648248,3979.0,16,3.52,Short,78,Thursday,0.15,8.35
FJccmXd9A-A,Other,2021-05-26,20666.0,487491,612.0,26,4.25,Short,56,Wednesday,0.13,4.24
BSICKwSHopo,Other,2021-05-26,8411.0,220608,137.0,23,1.9,Short,94,Wednesday,0.06,3.81
QLMnCRjZe4A,Other,2021-05-25,2755.0,73543,52.0,3,117.23,Long,69,Tuesday,0.07,3.75
Vs0nH_Qj84U,Other,2021-05-25,82672.0,1765977,1651.0,18,0.62,Short,95,Tuesday,0.09,4.68
3I5GLn2Rm9I,Other,2021-05-25,1229.0,34892,57.0,20,2.23,Short,93,Tuesday,0.16,3.52
PPtVwZxdDc8,Announcement,2021-05-24,201066.0,3764875,9545.0,11,1.17,Short,55,Monday,0.25,5.34
M86KtHQi-aI,Song,2021-05-24,1291.0,62632,57.0,24,2.9,Short,93,Monday,0.09,2.06
5pLhmE8z5cw,Other,2021-05-23,114294.0,1979285,1569.0,3,5.5,Short,65,Sunday,0.08,5.77
desbTbgo-18,Other,2021-05-22,26352.0,598078,449.0,18,1.93,Short,89,Saturday,0.08,4.41
9QQ503AqaaM,Other,2021-05-22,9704.0,267365,665.0,19,3.12,Short,77,Saturday,0.25,3.63
w0UWP19q6-k,Other,2021-05-21,2960.0,69989,70.0,3,115.38,Long,68,Friday,0.1,4.23
6MZb0KOqbAo,Teaser,2021-05-21,3663.0,236649,236.0,22,2.62,Short,91,Friday,0.1,1.55
xYTmzBYvWGY,Other,2021-05-20,94324.0,2519188,1788.0,26,23.93,Long,86,Thursday,0.07,3.74
ob_gOD8fKHs,Other,2021-05-20,43579.0,9642574,0.0,19,2.95,Short,61,Thursday,0.0,0.45
WwjwFQK4s7w,Clip,2021-05-19,2235.0,95901,134.0,24,2.83,Short,99,Wednesday,0.14,2.33
-3UIZsN801I,Other,2021-05-18,13399.0,257377,204.0,3,103.02,Long,65,Tuesday,0.08,5.21
I00NGl0iwPU,Announcement,2021-05-18,2586.0,115668,152.0,19,1.35,Short,87,Tuesday,0.13,2.24
5hj2LSsqcAM,Other,2021-05-17,4304.0,151478,128.0,25,1.95,Short,94,Monday,0.08,2.84
pn6PPv_Y6Mc,Other,2021-05-17,21344.0,1557449,632.0,27,2.87,Short,68,Monday,0.04,1.37
rffa_XSXV9o,Other,2021-05-16,957.0,32820,43.0,3,0.6,Short,93,Sunday,0.13,2.92
hLnC5MKFPfk,Romance,2021-05-16,3642.0,297256,102.0,10,1.95,Short,82,Sunday,0.03,1.23
hqno_-kuLFw,Other,2021-05-15,589.0,27204,64.0,17,0.72,Short,59,Saturday,0.24,2.17
nlsc4Kof1js,Teaser,2021-05-15,41923.0,1071276,1358.0,23,2.45,Short,46,Saturday,0.13,3.91
mW7rRsf4y00,Horror,2021-05-14,4766.0,91386,84.0,3,91.03,Long,58,Friday,0.09,5.22
HK5wsi6g3qM,Other,2021-05-14,1554.0,33252,163.0,19,3.07,Short,67,Friday,0.49,4.67
HM-_O37YA3I,Other,2021-05-13,13050.0,374297,210.0,27,1.18,Short,85,Thursday,0.06,3.49
iS5vAVKvyds,Other,2021-05-12,2197.0,103870,60.0,21,1.25,Short,68,Wednesday,0.06,2.12
07fyCP1gRPM,Comedy,2021-05-12,161276.0,6542299,2207.0,20,2.57,Short,69,Wednesday,0.03,2.47
h5tKEHg5_do,Other,2021-05-11,3168.0,67273,46.0,3,76.25,Long,66,Tuesday,0.07,4.71
1psYdtuIZHE,Other,2021-05-11,15546.0,644960,529.0,27,1.87,Short,98,Tuesday,0.08,2.41
a_1-qQoPHes,Clip,2021-05-10,413.0,16328,36.0,12,4.8,Short,99,Monday,0.22,2.53
RPmNgpY_5TQ,Other,2021-05-10,14649.0,1888794,411.0,20,3.12,Short,79,Monday,0.02,0.78
mDcE9A7N9gc,Other,2021-05-09,19696.0,780832,604.0,23,1.83,Short,70,Sunday,0.08,2.52
MXKubuezJb4,Other,2021-05-09,26632.0,926451,153.0,32,1.88,Short,96,Sunday,0.02,2.87
mSrjAprANMY,Song,2021-05-08,11604.0,587112,158.0,25,2.98,Short,76,Saturday,0.03,1.98
ovBhe_we5CM,Romance,2021-05-07,3555.0,88535,201.0,22,1.87,Short,92,Friday,0.23,4.02
MixfE6OHMRA,Other,2021-05-07,120468.0,37046128,0.0,26,3.15,Short,83,Friday,0.0,0.33
KqmKZOPqfIY,Other,2021-05-06,34633.0,502325,975.0,16,12.87,Long,71,Thursday,0.19,6.89
Kqd0u8liEMg,Other,2021-05-06,10245.0,250089,428.0,14,1.32,Short,90,Thursday,0.17,4.1
KXxbNKB2yBo,Comedy,2021-05-05,18827.0,997997,383.0,14,2.65,Short,91,Wednesday,0.04,1.89
jDPY8IiLQo0,Romance,2021-05-05,2765.0,84546,61.0,18,1.6,Short,89,Wednesday,0.07,3.27
SmX_4LmPyu8,Romance,2021-05-04,5407.0,142251,93.0,3,110.33,Long,90,Tuesday,0.07,3.8
T6GFMZSRfUQ,Other,2021-05-04,1325.0,33371,117.0,30,6.05,Short,98,Tuesday,0.35,3.97
6EhcnzyxORk,Other,2021-05-03,1846.0,36644,95.0,21,1.12,Short,79,Monday,0.26,5.04
7ilLlfLlv6U,Other,2021-05-03,2200.0,60091,59.0,21,1.12,Short,88,Monday,0.1,3.66
Cb3wCFsLWsQ,Other,2021-05-02,9194.0,218304,290.0,18,0.5,Short,62,Sunday,0.13,4.21
nv1dwABmY04,Other,2021-05-02,2385.0,46584,78.0,18,1.5,Short,81,Sunday,0.17,5.12
jbs5Z7wGAfU,Interview,2021-05-01,5186.0,268702,238.0,14,3.02,Short,97,Saturday,0.09,1.93
5xtyTjFx72Y,Song,2021-05-01,1727.0,107085,68.0,22,2.22,Short,97,Saturday,0.06,1.61
ZAkW7JEHROw,Other,2021-04-30,14693.0,334305,640.0,19,5.8,Short,80,Friday,0.19,4.4
vRzgLJMP4zc,Teaser,2021-04-30,41897.0,1465523,2055.0,3,2.92,Short,93,Friday,0.14,2.86
GfCI5gQLiHs,Other,2021-04-29,8978.0,205638,382.0,10,0.33,Short,62,Thursday,0.19,4.37
NaldohJ8_js,Comedy,2021-04-29,56623.0,4523952,1137.0,20,2.13,Short,76,Thursday,0.03,1.25
ve_z2YZKHgQ,Other,2021-04-28,328824.0,7261498,6648.0,23,6.08,Short,48,Wednesday,0.09,4.53
ViPlWLRrCYk,Action,2021-04-28,1117.0,47472,68.0,3,1.82,Short,73,Wednesday,0.14,2.35
Nqv_l4AqMmw,Teaser,2021-04-27,6634.0,208959,343.0,28,2.95,Short,93,Tuesday,0.16,3.17
iI8DdTum7AI,Other,2021-04-27,20143.0,1049736,558.0,19,1.52,Short,89,Tuesday,0.05,1.92
kjN8cHOMhc0,Clip,2021-04-26,21521.0,1314139,568.0,20,2.0,Short,64,Monday,0.04,1.64
p8Qg3oI4CzY,Other,2021-04-26,607.0,32308,64.0,3,1.17,Short,79,Monday,0.2,1.88
16LeYrcPcAw,Other,2021-04-25,15238.0,375753,734.0,10,0.5,Short,57,Sunday,0.2,4.06
m3OjRzBA4Ss,Teaser,2021-04-25,15787.0,620162,587.0,3,1.5,Short,66,Sunday,0.09,2.55
Qo8elNtgPkQ,Other,2021-04-24,1531.0,37828,109.0,3,4.0,Short,79,Saturday,0.29,4.05
fG9GyEjPq2A,Teaser,2021-04-24,107717.0,3013304,3303.0,3,3.0,Short,69,Saturday,0.11,3.57
1lAYKkZpxjY,Other,2021-04-23,12364.0,299268,586.0,15,6.97,Short,81,Friday,0.2,4.13
aDoYqRR1EgM,Clip,2021-04-23,15424.0,817683,384.0,3,2.32,Short,92,Friday,0.05,1.89
gvjrzQHjlfU,Other,2021-04-22,6362.0,162016,121.0,24,2.78,Short,83,Thursday,0.07,3.93
H4QnlZRcNYY,Action,2021-04-22,892.0,29042,89.0,12,4.05,Short,81,Thursday,0.31,3.07
o8WW37KxfPU,Teaser,2021-04-21,55077.0,3594652,2553.0,3,2.8,Short,96,Wednesday,0.07,1.53
__Hkf2GYUO8,Other,2021-04-21,1489.0,64605,48.0,3,1.6,Short,99,Wednesday,0.07,2.3
NnX1LhKanXI,Romance,2021-04-21,193611.0,90154456,0.0,23,2.52,Short,64,Wednesday,0.0,0.21
IXNPzmT_eiA,Comedy,2021-04-20,25515.0,551489,455.0,3,2.43,Short,63,Tuesday,0.08,4.63
j-573_ooGOc,Other,2021-04-20,750.0,54372,87.0,3,2.03,Short,72,Tuesday,0.16,1.38
T6i672KAKoI,Other,2021-04-20,15404.0,618614,253.0,14,3.77,Short,95,Tuesday,0.04,2.49
hsKzztFbmmM,Other,2021-04-19,7875.0,199844,158.0,24,2.3,Short,83,Monday,0.08,3.94
Ac_aOH-kvXg,Clip,2021-04-19,2200.0,91022,97.0,3,2.05,Short,89,Monday,0.11,2.42
my0--21-3VE,Clip,2021-04-18,1316.0,86026,65.0,22,2.52,Short,100,Sunday,0.08,1.53
qp0eCBKFiTA,Other,2021-04-18,14142.0,549489,422.0,3,11.7,Long,87,Sunday,0.08,2.57
P0BEpHYsHXE,Other,2021-04-17,3042.0,130406,107.0,20,1.97,Short,95,Saturday,0.08,2.33
krnZcS1y6EU,Other,2021-04-17,1406.0,43263,97.0,3,3.13,Short,96,Saturday,0.22,3.25
T6de4MKL-yc,Other,2021-04-16,37355.0,1846272,914.0,3,13.38,Long,95,Friday,0.05,2.02
DX6OkeyzR_M,Other,2021-04-16,871.0,26969,46.0,14,3.8,Short,97,Friday,0.17,3.23
a1tPaZyq8pk,Other,2021-04-15,122203.0,2041773,2504.0,3,18.85,Long,76,Thursday,0.12,5.99
j_RE9JT20oc,Other,2021-04-15,27644.0,5937617,0.0,3,2.53,Short,65,Thursday,0.0,0.47
yRW_sd4lJak,Other,2021-04-14,24658.0,460395,1389.0,13,2.0,Short,100,Wednesday,0.3,5.36
sCG7fcl9Pbo,Other,2021-04-14,9895.0,334481,329.0,23,1.62,Short,77,Wednesday,0.1,2.96
P4bVhmwbRdE,Other,2021-04-14,30322.0,2062159,656.0,8,2.93,Short,70,Wednesday,0.03,1.47
HHJkUQGm2H8,Teaser,2021-04-13,93771.0,2941632,3007.0,14,3.02,Short,62,Tuesday,0.1,3.19
xlAK0bPSnKY,Other,2021-04-13,893696.0,16108450,9863.0,28,4.15,Short,58,Tuesday,0.06,5.55
9wN_Bj5X3Jk,Clip,2021-04-12,7976.0,378252,224.0,9,2.32,Short,94,Monday,0.06,2.11
uZL-o5zhOjY,Other,2021-04-12,12561.0,721091,261.0,17,2.15,Short,88,Monday,0.04,1.74
9LGrzIRR6Hc,Teaser,2021-04-12,6780.0,502941,695.0,1,2.3,Short,73,Monday,0.14,1.35
p-39yaYS2Qw,Other,2021-04-11,5197.0,198536,236.0,3,57.8,Long,96,Sunday,0.12,2.62
UF9DYwqMANw,Other,2021-04-11,3643.0,170462,146.0,19,2.2,Short,94,Sunday,0.09,2.14
lla_Yzp6G-Q,Announcement,2021-04-10,6169.0,271928,228.0,3,0.87,Short,86,Saturday,0.08,2.27
RSVWfPajqq4,Other,2021-04-10,5461.0,164740,145.0,3,2.78,Short,88,Saturday,0.09,3.31
K92P55w6Yjc,Other,2021-04-10,616.0,31028,63.0,3,4.67,Short,57,Saturday,0.2,1.99
urCkA9RQfNs,Other,2021-04-09,3948.0,156074,156.0,3,3.05,Short,55,Friday,0.1,2.53
rDo1PEMOTDw,Other,2021-04-09,13674.0,277287,563.0,29,5.35,Short,72,Friday,0.2,4.93
UXUrO8Tn2Tg,Teaser,2021-04-09,5858.0,595134,165.0,4,2.25,Short,87,Friday,0.03,0.98
9CeGimSJSoo,Other,2021-04-08,270235.0,4128091,3765.0,3,6.05,Short,102,Thursday,0.09,6.55
CMCb85DMsq0,Other,2021-04-07,111025.0,2844391,9751.0,30,20.18,Long,76,Wednesday,0.34,3.9
huBA9ncumek,Other,2021-04-06,2231.0,63462,115.0,18,1.57,Short,92,Tuesday,0.18,3.52
G_qCyWmR7nM,Clip,2021-04-06,2074.0,79609,82.0,30,2.65,Short,64,Tuesday,0.1,2.61
jf4DLxYcFmY,Other,2021-04-05,9268.0,330113,633.0,20,3.0,Short,90,Monday,0.19,2.81
5-0uxzFc-_0,Other,2021-04-05,3935.0,131389,141.0,3,5.53,Short,84,Monday,0.11,2.99
y76X-b4_Q98,Other,2021-04-04,25307.0,895959,765.0,3,14.23,Long,95,Sunday,0.09,2.82
OER5OC7UENQ,Other,2021-04-03,881993.0,25483900,28962.0,22,17.0,Long,68,Saturday,0.11,3.46
oSvz2l_HMIA,Other,2021-04-02,8161.0,211250,264.0,3,6.35,Short,97,Friday,0.12,3.86
EImTzMiVdzo,Teaser,2021-04-02,98517.0,8790958,2745.0,10,2.33,Short,50,Friday,0.03,1.12
wO14pgLRbbI,Other,2021-04-01,8492.0,188020,168.0,10,2.82,Short,100,Thursday,0.09,4.52
IQt-DyX1mtA,Other,2021-04-01,17542.0,315016,795.0,21,5.08,Short,99,Thursday,0.25,5.57
064tApJqZTs,Other,2021-03-31,7069.0,275406,191.0,18,4.4,Short,90,Wednesday,0.07,2.57
eJPAd72e8k4,Teaser,2021-03-31,2875.0,210184,133.0,3,1.8,Short,60,Wednesday,0.06,1.37
WsjRWM0EhvM,Other,2021-03-30,37862.0,3525434,553.0,23,2.23,Short,82,Tuesday,0.02,1.07
dbtG_OfKiIs,Teaser,2021-03-30,9848.0,412057,385.0,17,2.93,Short,47,Tuesday,0.09,2.39
XvGuvEsRwf0,Teaser,2021-03-30,10705.0,609276,556.0,25,1.57,Short,96,Tuesday,0.09,1.76
iqihTaHblzM,Other,2021-03-29,18331.0,365623,1389.0,20,1.33,Short,63,Monday,0.38,5.01
BkXjfKCPuYo,Other,2021-03-29,868.0,43352,61.0,18,2.67,Short,63,Monday,0.14,2.0
M79fkBYGIAA,Other,2021-03-28,17227.0,236035,394.0,3,1.58,Short,99,Sunday,0.17,7.3
GyJ5GDuV0p0,Other,2021-03-28,14915.0,271513,361.0,29,2.67,Short,49,Sunday,0.13,5.49
DGF4FjX1nrc,Clip,2021-03-27,83302.0,6706643,2284.0,21,2.52,Short,73,Saturday,0.03,1.24
meHsujqGNNs,Other,2021-03-27,4007.0,88439,84.0,21,1.58,Short,94,Saturday,0.09,4.53
H0ElOyZjeQA,Clip,2021-03-26,10179.0,763104,180.0,12,1.47,Short,80,Friday,0.02,1.33
y_lYNL2jN78,Other,2021-03-26,26341.0,617387,742.0,22,6.77,Short,85,Friday,0.12,4.27
5AhPxcS0ELQ,Other,2021-03-26,9428.0,299831,192.0,3,2.77,Short,90,Friday,0.06,3.14
OeQhJNbZw1o,Other,2021-03-25,17290.0,1738921,425.0,28,2.05,Short,74,Thursday,0.02,0.99
1Fm2Yq52tBc,Other,2021-03-25,5422.0,106869,180.0,10,1.07,Short,96,Thursday,0.17,5.07
4VpYOMHouHg,Other,2021-03-24,8491.0,441309,230.0,16,1.88,Short,87,Wednesday,0.05,1.92
Bx2fQmNhMXE,Drama,2021-03-24,1631.0,59126,171.0,3,1.9,Short,58,Wednesday,0.29,2.76
RAjuQG_NoKI,Other,2021-03-24,3478.0,69717,117.0,25,1.9,Short,88,Wednesday,0.17,4.99
rYxtIHE3fTA,Other,2021-03-23,29926.0,2451842,611.0,27,3.08,Short,78,Tuesday,0.02,1.22
V1ZETByLaVs,Other,2021-03-23,7621.0,254163,189.0,20,1.93,Short,88,Tuesday,0.07,3.0
gWPd_2v_WG8,Other,2021-03-23,3351.0,66060,167.0,29,2.1,Short,75,Tuesday,0.25,5.07
Gh_QczV3s-0,Other,2021-03-22,10230.0,257226,188.0,35,2.33,Short,96,Monday,0.07,3.98
YQOzHqFjDHE,Other,2021-03-22,13696.0,793317,303.0,3,1.53,Short,88,Monday,0.04,1.73
08N5HquFZj4,Other,2021-03-22,1527.0,32239,82.0,3,2.48,Short,84,Monday,0.25,4.74
b1AIAyzeT7I,Clip,2021-03-21,40760.0,2534869,1952.0,19,2.95,Short,88,Sunday,0.08,1.61
yYQq2sjG2AA,Other,2021-03-21,7893.0,329139,782.0,12,3.97,Short,58,Sunday,0.24,2.4
63AZw9muiSU,Romance,2021-03-20,47428.0,1805954,722.0,3,2.13,Short,93,Saturday,0.04,2.63
Y6nPrGlcBOI,Other,2021-03-20,896.0,48206,60.0,3,4.15,Short,75,Saturday,0.12,1.86
YvNWf-OGKGo,Other,2021-03-20,3435.0,471618,0.0,3,2.03,Short,53,Saturday,0.0,0.73
AfyrolOl5Nc,Comedy,2021-03-19,48521.0,4663145,719.0,3,3.05,Short,96,Friday,0.02,1.04
ppfdABKcIgQ,Other,2021-03-19,16457.0,375755,409.0,27,4.9,Short,85,Friday,0.11,4.38
5UvwKLHB66A,Teaser,2021-03-19,23892.0,1292170,624.0,17,0.98,Short,49,Friday,0.05,1.85
mEaWT4OIF2Y,Clip,2021-03-18,26639.0,1432387,479.0,3,3.05,Short,91,Thursday,0.03,1.86
eMC5-3DtTfU,Other,2021-03-18,1196.0,63261,36.0,21,3.25,Short,95,Thursday,0.06,1.89
SKWS17crnDI,Teaser,2021-03-18,125353.0,4108103,5600.0,14,1.78,Short,91,Thursday,0.14,3.05
fOcZ9_SbhFw,Other,2021-03-17,25499.0,2380086,363.0,3,1.48,Short,72,Wednesday,0.02,1.07
w3d0AzDJ9hE,Other,2021-03-17,3638.0,64334,192.0,3,4.43,Short,82,Wednesday,0.3,5.65
Q2rLPNoTOTU,Other,2021-03-17,4810.0,138625,329.0,24,0.98,Short,94,Wednesday,0.24,3.47
ea_I4uMiz3o,Other,2021-03-16,4379.0,235304,304.0,24,2.87,Short,78,Tuesday,0.13,1.86
0xVqPbvLzX4,Teaser,2021-03-16,116288.0,6949364,2480.0,3,2.03,Short,74,Tuesday,0.04,1.67
heRQpkIytd4,Romance,2021-03-15,7257.0,182115,234.0,30,1.68,Short,84,Monday,0.13,3.98
v3AyExR1jGc,Other,2021-03-15,30514.0,802815,640.0,28,6.12,Short,84,Monday,0.08,3.8
Owmd0-PGN9k,Other,2021-03-14,7989.0,324234,325.0,3,12.1,Long,99,Sunday,0.1,2.46
o9XRnbkm1To,Song,2021-03-14,929.0,49966,101.0,23,48.2,Long,53,Sunday,0.2,1.86
gTyXQwIl7cs,Comedy,2021-03-13,8164.0,301333,238.0,6,1.92,Short,79,Saturday,0.08,2.71
oqdTVsGkJTU,Teaser,2021-03-13,5694.0,267232,297.0,9,1.75,Short,96,Saturday,0.11,2.13
sr68DnGXhBo,Other,2021-03-12,5314.0,224528,239.0,6,2.18,Short,70,Friday,0.11,2.37
R14IZ9pFruo,Other,2021-03-12,1675.0,56227,116.0,25,1.67,Short,93,Friday,0.21,2.98
fSK4aMXL0-o,Other,2021-03-11,348247.0,5662909,22258.0,13,6.72,Short,84,Thursday,0.39,6.15
J5b1VBxqTk0,Other,2021-03-11,7721.0,407791,392.0,20,2.48,Short,80,Thursday,0.1,1.89
GnBKxCxzZPQ,Other,2021-03-10,1603.0,112708,73.0,39,1.75,Short,84,Wednesday,0.06,1.42
B2V3BpuReZA,Drama,2021-03-10,186332.0,7746295,4157.0,12,14.27,Long,78,Wednesday,0.05,2.41
FzwhKDZngfk,Other,2021-03-09,75213.0,5832661,841.0,21,3.02,Short,62,Tuesday,0.01,1.29
oV9N86cxtoY,Other,2021-03-09,5665.0,183727,280.0,25,0.98,Short,89,Tuesday,0.15,3.08
L7Ooha8TESg,Other,2021-03-09,2680.0,91047,152.0,3,3.42,Short,90,Tuesday,0.17,2.94
Weh_Ms5DhzU,Other,2021-03-08,5962.0,193456,184.0,4,2.23,Short,95,Monday,0.1,3.08
DNjduO5gIKE,Teaser,2021-03-08,2966.0,220303,141.0,20,2.22,Short,97,Monday,0.06,1.35
uDugRIcr2p0,Other,2021-03-08,21969.0,725735,393.0,29,1.87,Short,99,Monday,0.05,3.03
RWCp5ULagZU,Other,2021-03-07,343140.0,5971261,5363.0,12,4.42,Short,57,Sunday,0.09,5.75
bPbAMzrjwoI,Other,2021-03-07,6355.0,407701,295.0,19,9.57,Short,82,Sunday,0.07,1.56
s0IA4_aMRAg,Comedy,2021-03-06,146548.0,7459254,3048.0,30,1.9,Short,94,Saturday,0.04,1.96
dvMbC5iG3Wk,Other,2021-03-06,924.0,28171,54.0,17,1.1,Short,84,Saturday,0.19,3.28
QvWAO1eSsVU,Other,2021-03-06,8320.0,147389,208.0,38,1.47,Short,85,Saturday,0.14,5.64
uldZBxLGaC0,Other,2021-03-05,53122.0,7175652,836.0,22,2.22,Short,80,Friday,0.01,0.74
AsamWza2MYk,Other,2021-03-05,20477.0,520538,907.0,9,7.67,Short,79,Friday,0.17,3.93
FqZO0qdSBRo,Clip,2021-03-05,2133.0,97491,107.0,25,2.18,Short,97,Friday,0.11,2.19
9wM50bX5A9I,Other,2021-03-04,66041.0,1331617,7512.0,23,22.35,Long,58,Thursday,0.56,4.96
GN0kWSvx0FI,Other,2021-03-04,792.0,35761,81.0,16,2.82,Short,93,Thursday,0.23,2.21
5w_lhFdeta4,Other,2021-03-04,1071.0,37841,71.0,17,3.22,Short,70,Thursday,0.19,2.83
Gt4VsQa-DvE,Comedy,2021-03-03,4049.0,104645,252.0,3,1.47,Short,100,Wednesday,0.24,3.87
jx0_LOzWkJk,Other,2021-03-03,40904.0,1398165,2929.0,3,2.67,Short,74,Wednesday,0.21,2.93
XcKtsdSysyk,Other,2021-03-03,35637.0,1210234,2291.0,3,2.35,Short,73,Wednesday,0.19,2.94
2SfoK9UXKQk,Other,2021-03-03,27656.0,729218,1945.0,3,2.17,Short,70,Wednesday,0.27,3.79
7q0zZq6yVtQ,Other,2021-03-02,25490.0,2372464,439.0,26,3.07,Short,94,Tuesday,0.02,1.07
QXYGP4nmdys,Other,2021-03-02,65189.0,1703015,1537.0,39,4.07,Short,65,Tuesday,0.09,3.83
YA_3Edz6OcU,Teaser,2021-03-02,202857.0,15103771,8111.0,13,1.0,Short,72,Tuesday,0.05,1.34
zJE6oA0wy94,Other,2021-03-01,11654.0,353972,422.0,31,1.17,Short,85,Monday,0.12,3.29
WeF6JdznBVo,Other,2021-03-01,843.0,23562,58.0,22,1.65,Short,100,Monday,0.25,3.58
x-PxGjUrhKg,Other,2021-03-01,89444.0,25128656,0.0,30,2.5,Short,73,Monday,0.0,0.36
zoVUoVu1QZU,Other,2021-02-28,36000.0,7257554,523.0,22,2.28,Short,88,Sunday,0.01,0.5
WloLnzxTcHQ,Interview,2021-02-28,1597.0,72934,108.0,25,4.23,Short,79,Sunday,0.15,2.19
pnuGGwCFxsM,Other,2021-02-27,10669.0,367800,257.0,20,10.33,Long,97,Saturday,0.07,2.9
2fTDhCmrKoc,Clip,2021-02-27,42417.0,2577308,865.0,22,2.63,Short,93,Saturday,0.03,1.65
3utkSyC_mjk,Other,2021-02-27,55150.0,1716299,1035.0,29,18.82,Long,98,Saturday,0.06,3.21
7ZLJDJNhzSo,Other,2021-02-26,3732.0,201635,69.0,26,2.4,Short,97,Friday,0.03,1.85
zkLSFlfscS8,Other,2021-02-26,1642.0,56713,96.0,9,7.87,Short,91,Friday,0.17,2.9
pFwQ3MB14KM,Other,2021-02-26,1951.0,69708,107.0,17,1.07,Short,84,Friday,0.15,2.8
_7Tca9kG-Vw,Teaser,2021-02-25,36647.0,1230733,1670.0,31,1.22,Short,44,Thursday,0.14,2.98
FD3OFUcvtWw,Other,2021-02-25,3308.0,182912,119.0,17,0.67,Short,84,Thursday,0.07,1.81
5g_hCLBDmgk,Teaser,2021-02-25,39510.0,2718248,668.0,3,0.9,Short,56,Thursday,0.02,1.45
yTnpe0K7qs0,Other,2021-02-24,6463.0,97756,194.0,27,3.77,Short,58,Wednesday,0.2,6.61
GUDFPM3s3xs,Other,2021-02-24,2817.0,172213,114.0,17,0.78,Short,83,Wednesday,0.07,1.64
yXpL9Lz558o,Other,2021-02-24,9469.0,549021,267.0,27,2.12,Short,85,Wednesday,0.05,1.72
gwFUSCy7FZE,Romance,2021-02-23,160674.0,2967880,7444.0,29,8.08,Short,69,Tuesday,0.25,5.41
8CZgRIgFDo4,Other,2021-02-23,6676.0,386306,450.0,14,2.55,Short,88,Tuesday,0.12,1.73
B1XKRoepQBw,Other,2021-02-23,3044.0,62658,91.0,27,2.17,Short,91,Tuesday,0.15,4.86
zheMCw4J-jI,Teaser,2021-02-22,673448.0,18865245,19635.0,14,1.28,Short,90,Monday,0.1,3.57
PQfX_DSZqBQ,Other,2021-02-21,8244.0,261683,401.0,37,2.45,Short,44,Sunday,0.15,3.15
i9WSpxXPTqQ,Other,2021-02-21,2164.0,107982,92.0,16,1.12,Short,89,Sunday,0.09,2.0
SRE0pr0AblE,Other,2021-02-21,324112.0,6655240,2434.0,9,4.33,Short,67,Sunday,0.04,4.87
OOObTf5XTMQ,Other,2021-02-20,99181.0,3287119,2072.0,24,23.97,Long,72,Saturday,0.06,3.02
UpOAFetWfGI,Drama,2021-02-20,3850.0,99183,319.0,29,2.37,Short,100,Saturday,0.32,3.88
G9Bbgy7HPTg,Other,2021-02-20,930.0,128507,104.0,24,20.38,Long,63,Saturday,0.08,0.72
CFlshTLPRys,Other,2021-02-19,17844.0,486576,450.0,11,4.42,Short,82,Friday,0.09,3.67
luLdMdAHvVI,Other,2021-02-19,23078.0,453578,563.0,16,4.85,Short,77,Friday,0.12,5.09
L7P81fidgV8,Other,2021-02-19,2087.0,177070,71.0,3,1.18,Short,87,Friday,0.04,1.18
unayKqAhC8g,Teaser,2021-02-18,1916.0,257988,56.0,18,0.57,Short,86,Thursday,0.02,0.74
e7HDLJMtwww,Teaser,2021-02-18,11640.0,415957,418.0,25,1.95,Short,85,Thursday,0.1,2.8
Fkt-OvyJhnU,Other,2021-02-18,38053.0,1417278,541.0,42,2.72,Short,91,Thursday,0.04,2.68
hn6GZL5vGJo,Teaser,2021-02-17,46436.0,3878659,643.0,27,0.7,Short,78,Wednesday,0.02,1.2
kbhoR6_LR6c,Announcement,2021-02-17,678.0,15242,74.0,9,0.95,Short,56,Wednesday,0.49,4.45
9GrV6-GWur0,Other,2021-02-17,1566.0,22797,70.0,27,1.47,Short,78,Wednesday,0.31,6.87
wWlp65xLPMs,Teaser,2021-02-16,7803.0,2109507,127.0,18,0.58,Short,92,Tuesday,0.01,0.37
SWNmMl6c_sA,Romance,2021-02-16,3803.0,56696,217.0,23,1.7,Short,65,Tuesday,0.38,6.71
h2Kwb-du56Q,Other,2021-02-16,14336.0,520942,485.0,9,4.37,Short,63,Tuesday,0.09,2.75
Mf5QroBU-QY,Other,2021-02-15,31819.0,789428,596.0,32,3.55,Short,95,Monday,0.08,4.03
hVG9KoXhybk,Teaser,2021-02-15,2095.0,204886,69.0,19,0.63,Short,81,Monday,0.03,1.02
dCOpkBzwex4,Teaser,2021-02-15,27655.0,2785586,1725.0,16,2.15,Short,91,Monday,0.06,0.99
QqF6IwG5foE,Other,2021-02-14,7959.0,219451,218.0,11,10.62,Long,81,Sunday,0.1,3.63
2BKdss-_jbw,Other,2021-02-14,41498.0,860859,727.0,23,2.78,Short,87,Sunday,0.08,4.82
qhzorGTegSw,Romance,2021-02-13,37274.0,1186013,535.0,15,4.17,Short,65,Saturday,0.05,3.14
RecuqgimAjc,Other,2021-02-13,3524.0,88639,131.0,13,2.05,Short,49,Saturday,0.15,3.98
FC0ONnH803I,Other,2021-02-12,29358.0,701875,631.0,38,7.02,Short,91,Friday,0.09,4.18
tTt9Ik8teA4,Other,2021-02-11,2462.0,53878,72.0,32,1.67,Short,68,Thursday,0.13,4.57
uOm1Vn3kZ60,Action,2021-02-11,70423.0,17242882,0.0,30,2.58,Short,76,Thursday,0.0,0.41
Rb4pBhSeipw,Other,2021-02-10,10218.0,430161,230.0,36,2.05,Short,65,Wednesday,0.05,2.38
Ui63GWBnRQ4,Other,2021-02-10,7557.0,148994,268.0,31,1.13,Short,97,Wednesday,0.18,5.07
R9ozdMUjCqc,Other,2021-02-09,4272.0,74650,149.0,27,1.22,Short,87,Tuesday,0.2,5.72
NGqKKrAUGPU,Drama,2021-02-09,1845.0,35949,170.0,23,1.95,Short,92,Tuesday,0.47,5.13
2T0rQ79d90w,Teaser,2021-02-08,11279.0,740628,831.0,4,1.82,Short,46,Monday,0.11,1.52
PXC3_TBngkA,Other,2021-02-07,186586.0,2082222,8938.0,3,4.77,Short,97,Sunday,0.43,8.96
cX9m36aSUMk,Other,2021-02-07,14338.0,235351,645.0,27,4.8,Short,93,Sunday,0.27,6.09
IuxkqjSydUo,Teaser,2021-02-06,102005.0,2567888,3407.0,23,2.95,Short,89,Saturday,0.13,3.97
3sygpZkutV4,Other,2021-02-06,5317.0,215971,139.0,19,2.13,Short,71,Saturday,0.06,2.46
U71czzSkgmY,Other,2021-02-05,21455.0,586401,493.0,20,7.8,Short,84,Friday,0.08,3.66
YCqEPKA5DSY,Teaser,2021-02-05,29615.0,2279843,1051.0,4,2.17,Short,90,Friday,0.05,1.3
i8gV-l9exV0,Other,2021-02-04,4853.0,131572,205.0,22,1.53,Short,54,Thursday,0.16,3.69
MpIAeSt2y7o,Romance,2021-02-04,4415.0,77761,350.0,36,4.15,Short,98,Thursday,0.45,5.68
LE8-4aRf5VQ,Teaser,2021-02-03,170931.0,8624204,7814.0,17,2.45,Short,93,Wednesday,0.09,1.98
QZUVlCmNIng,Comedy,2021-02-03,38197.0,3522372,699.0,31,2.22,Short,78,Wednesday,0.02,1.08
y4-CB0L4UNk,Other,2021-02-02,110630.0,1140810,3389.0,13,5.53,Short,75,Tuesday,0.3,9.7
6QkmbOmn0G0,Other,2021-02-02,3914.0,151191,170.0,32,2.38,Short,51,Tuesday,0.11,2.59
dbonxsTODqc,Other,2021-02-01,2308.0,47771,98.0,18,3.2,Short,95,Monday,0.21,4.83
TiWeOnuQKbI,Other,2021-02-01,2217.0,56822,80.0,10,2.03,Short,91,Monday,0.14,3.9
1CktTxsOON8,Romance,2021-01-31,3662.0,77125,80.0,31,1.85,Short,98,Sunday,0.1,4.75
LvcCzwnstA8,Other,2021-01-31,28689.0,1139013,1110.0,26,10.77,Long,84,Sunday,0.1,2.52
yiKLziH_UTQ,Other,2021-01-30,77775.0,2189696,2312.0,20,25.27,Long,90,Saturday,0.11,3.55
iEYVcY3x0A0,Other,2021-01-30,2213.0,75441,101.0,22,2.42,Short,87,Saturday,0.13,2.93
nsPYfjs0E78,Other,2021-01-29,2866.0,113628,131.0,19,2.6,Short,88,Friday,0.12,2.52
5_a1iG6uYcY,Comedy,2021-01-29,18237.0,1230222,579.0,15,2.32,Short,98,Friday,0.05,1.48
VqCWOd2yHLA,Other,2021-01-28,4838.0,91863,274.0,30,2.45,Short,83,Thursday,0.3,5.27
r6_76AiSn6I,Interview,2021-01-28,3207.0,81030,127.0,25,3.1,Short,53,Thursday,0.16,3.96
6sGo7Hpyqic,Other,2021-01-27,5602.0,525065,207.0,29,2.22,Short,69,Wednesday,0.04,1.07
oqW-YWGRrSk,Romance,2021-01-27,4523.0,196258,215.0,28,2.1,Short,43,Wednesday,0.11,2.3
Z1a7fr6up4M,Other,2021-01-26,2225.0,38077,81.0,15,1.8,Short,80,Tuesday,0.21,5.84
VjeKBZUPBy4,Other,2021-01-26,33338.0,421875,755.0,18,3.42,Short,93,Tuesday,0.18,7.9
1nzSLjWpKuk,Other,2021-01-25,5084.0,219254,110.0,32,2.2,Short,90,Monday,0.05,2.32
_Z-2e5DRt74,Romance,2021-01-25,13963.0,648198,1071.0,14,4.42,Short,97,Monday,0.17,2.15
m79omLm44aw,Other,2021-01-24,5806.0,104981,489.0,23,4.37,Short,87,Sunday,0.47,5.53
JuG5ds_iQ88,Other,2021-01-24,43126.0,2019717,456.0,17,5.13,Short,88,Sunday,0.02,2.14
7z1bv8CtQxs,Action,2021-01-23,69565.0,12465354,1429.0,22,2.2,Short,86,Saturday,0.01,0.56
YTe2FsCIWXg,Other,2021-01-22,210.0,20787,0.0,20,3.22,Short,50,Friday,0.0,1.01
5yoe8hxejQI,Romance,2021-01-22,8296.0,138923,315.0,25,4.42,Short,75,Friday,0.23,5.97
CjGSSkghGUk,Announcement,2021-01-21,1316.0,39771,99.0,29,0.65,Short,50,Thursday,0.25,3.31
KxiRwNB-Mlk,Song,2021-01-21,9962.0,247852,224.0,16,1.03,Short,106,Thursday,0.09,4.02
pxSKKBpuviw,Other,2021-01-21,6367.0,389775,330.0,21,2.95,Short,91,Thursday,0.08,1.63
zsn2vuO8x-Y,Other,2021-01-20,47466.0,2478332,847.0,13,1.3,Short,83,Wednesday,0.03,1.92
yHiOU7WsYWY,Teaser,2021-01-20,29572.0,2544297,1136.0,16,0.8,Short,89,Wednesday,0.04,1.16
HCMhRdRuMyU,Clip,2021-01-19,3469.0,151793,134.0,22,4.42,Short,79,Tuesday,0.09,2.29
rJDCG8J0nvc,Other,2021-01-19,117069.0,1657406,4351.0,25,9.53,Short,74,Tuesday,0.26,7.06
UlJCIaQXWpo,Other,2021-01-18,10781.0,405807,432.0,23,1.22,Short,92,Monday,0.11,2.66
Y9rQEyD3pz8,Other,2021-01-18,8240.0,135119,300.0,10,1.12,Short,53,Monday,0.22,6.1
p-NgghB7rZ4,Other,2021-01-17,2055.0,102543,75.0,22,0.88,Short,70,Sunday,0.07,2.0
AiuL4dd4Sq8,Clip,2021-01-17,28341.0,1323745,430.0,19,2.33,Short,88,Sunday,0.03,2.14
7vD70_5Xadc,Romance,2021-01-16,56022.0,3542902,2016.0,11,2.07,Short,87,Saturday,0.06,1.58
W8lOsZXNcvY,Other,2021-01-16,10307.0,1013825,318.0,28,1.53,Short,93,Saturday,0.03,1.02
SH50H2zvPFk,Romance,2021-01-15,10681.0,876990,648.0,16,1.8,Short,85,Friday,0.07,1.22
VGe9Pw2XaA4,Other,2021-01-15,15640.0,786061,558.0,30,12.67,Long,88,Friday,0.07,1.99
SEkNWdRLSOs,Other,2021-01-14,4910.0,304779,173.0,22,1.38,Short,89,Thursday,0.06,1.61
-4pqXL3nlf8,Other,2021-01-14,509369.0,9176336,5175.0,22,15.75,Long,73,Thursday,0.06,5.55
bAUVcQEI2xk,Teaser,2021-01-13,40527.0,832092,1365.0,28,2.93,Short,99,Wednesday,0.16,4.87
3iH0YehfMB0,Teaser,2021-01-13,39465.0,2178306,1994.0,17,0.33,Short,92,Wednesday,0.09,1.81
SZUkouCPYIc,Teaser,2021-01-12,15785.0,353071,870.0,28,2.68,Short,84,Tuesday,0.25,4.47
NKWAzexs2ZM,Song,2021-01-12,1375.0,32718,116.0,25,11.3,Long,91,Tuesday,0.35,4.2
WDK5S5xhaJc,Teaser,2021-01-11,3195.0,65246,144.0,30,2.07,Short,78,Monday,0.22,4.9
V7QxdwTEsoQ,Other,2021-01-11,5865.0,312097,334.0,25,5.77,Short,68,Monday,0.11,1.88
kg5iYB33_NE,Clip,2021-01-10,27611.0,1078057,390.0,20,2.03,Short,85,Sunday,0.04,2.56
XZGF6ic-FDY,Other,2021-01-10,12374.0,291182,363.0,29,2.05,Short,87,Sunday,0.12,4.25
hbTukzM8b54,Other,2021-01-09,7332.0,268657,249.0,23,1.13,Short,57,Saturday,0.09,2.73
xaCEwyKD_Ug,Other,2021-01-09,2692918.0,784558766,0.0,22,2.58,Short,80,Saturday,0.0,0.34
-7OKgMq6WDk,Other,2021-01-08,8116.0,277670,292.0,25,4.6,Short,90,Friday,0.11,2.92
8BtvT9OscSQ,Other,2021-01-08,10810.0,201684,275.0,19,1.83,Short,55,Friday,0.14,5.36
22mBtE53Mwc,Other,2021-01-07,114426.0,2603348,2664.0,17,20.32,Long,63,Thursday,0.1,4.4
doxJt23UrbI,Other,2021-01-07,19163.0,443026,365.0,28,2.2,Short,74,Thursday,0.08,4.33
2CCgicLl87I,Comedy,2021-01-06,7025.0,283196,295.0,22,1.95,Short,71,Wednesday,0.1,2.48
dgN_p_wRG6o,Clip,2021-01-06,7817.0,175056,179.0,19,2.22,Short,78,Wednesday,0.1,4.47
VP8LPrvgW1E,Other,2021-01-05,8445.0,112985,1098.0,18,3.33,Short,45,Tuesday,0.97,7.47
PDmdhZ7bhGI,Announcement,2021-01-05,125460.0,2976626,1846.0,17,1.22,Short,59,Tuesday,0.06,4.21
1ZLjeWZ36Qg,Other,2021-01-04,10379.0,241800,645.0,20,2.65,Short,72,Monday,0.27,4.29
zVNmHMWv2mc,Teaser,2021-01-04,78073.0,4431225,1795.0,17,2.0,Short,82,Monday,0.04,1.76
LtzrqnV3e18,Other,2021-01-03,67460.0,3550898,973.0,18,4.65,Short,67,Sunday,0.03,1.9
x77COWSWnuA,Action,2021-01-03,149857.0,19064588,2164.0,33,3.07,Short,78,Sunday,0.01,0.79
hGiWm8gqrN8,Other,2021-01-02,51499.0,1198598,1760.0,3,43.08,Long,104,Saturday,0.15,4.3
Yi7CS17VxRQ,Teaser,2021-01-02,7173.0,458433,249.0,8,0.55,Short,76,Saturday,0.05,1.56
tJvmkanKdVM,Other,2021-01-02,20949.0,302545,745.0,19,2.22,Short,49,Saturday,0.25,6.92
A7WcmUvgEqQ,Other,2021-01-01,8229.0,1331133,246.0,25,2.05,Short,58,Friday,0.02,0.62
pSkWjRDffd0,Other,2021-01-01,10533.0,275934,378.0,3,11.07,Long,102,Friday,0.14,3.82
anjIfz7uh2U,Other,2021-01-01,9632.0,189946,414.0,3,0.93,Short,54,Friday,0.22,5.07
vWqXPZZGh8w,Other,2020-12-31,5106.0,116805,344.0,21,1.47,Short,64,Thursday,0.29,4.37
0irAEPJ5Eqw,Other,2020-12-31,7254.0,167596,265.0,19,3.03,Short,91,Thursday,0.16,4.33
wFv-rxnCKU4,Other,2020-12-31,1921.0,158987,75.0,25,1.82,Short,67,Thursday,0.05,1.21
7b8it7JPqHE,Teaser,2020-12-30,61286.0,3159505,1507.0,21,2.52,Short,56,Wednesday,0.05,1.94
qdYgINGxpyI,Other,2020-12-30,3395.0,115527,220.0,24,6.68,Short,60,Wednesday,0.19,2.94
zBOry4VNm_g,Other,2020-12-30,226460.0,7346602,3493.0,3,30.67,Long,113,Wednesday,0.05,3.08
4McZq5UQ0Uk,Other,2020-12-29,53748.0,841795,1232.0,11,11.98,Long,93,Tuesday,0.15,6.38
o4W2iBB8iwA,Comedy,2020-12-29,41089.0,613715,1256.0,25,4.0,Short,96,Tuesday,0.2,6.7
KRDPziegnwg,Romance,2020-12-28,4517.0,625879,100.0,24,1.12,Short,70,Monday,0.02,0.72
vUhgXAFvH34,Other,2020-12-28,42732.0,678830,1489.0,10,8.25,Short,84,Monday,0.22,6.29
T4VpPjRidGA,Clip,2020-12-27,11985.0,438181,414.0,25,6.55,Short,96,Sunday,0.09,2.74
xA1SFKy9rcM,Other,2020-12-27,64941.0,3819137,1444.0,24,3.08,Short,57,Sunday,0.04,1.7
0zfEBGUV3js,Other,2020-12-26,16807.0,570940,535.0,3,26.13,Long,61,Saturday,0.09,2.94
vKfy0pO0kB0,Action,2020-12-26,26586.0,2073126,1145.0,22,5.03,Short,63,Saturday,0.06,1.28
dIkbm3DMKGo,Other,2020-12-26,2190.0,205341,155.0,26,2.67,Short,89,Saturday,0.08,1.07
G-B1pZo6Zmc,Announcement,2020-12-25,2794.0,59773,177.0,3,0.98,Short,61,Friday,0.3,4.67
PzYzHIzMuzk,Other,2020-12-25,26961.0,723023,1172.0,19,8.55,Short,92,Friday,0.16,3.73
ekj3HTqBTro,Other,2020-12-25,27485.0,722641,0.0,34,7.58,Short,83,Friday,0.0,3.8
o0JofSuOnh4,Other,2020-12-24,1657.0,39451,102.0,12,3.15,Short,91,Thursday,0.26,4.2
_HDEMogtzKY,Other,2020-12-24,14125.0,450548,1030.0,12,14.73,Long,92,Thursday,0.23,3.14
kVed662YZXA,Other,2020-12-23,4024.0,127623,172.0,27,5.05,Short,58,Wednesday,0.13,3.15
O3uWQtTGwJg,Other,2020-12-23,3678.0,112215,160.0,24,4.1,Short,75,Wednesday,0.14,3.28
eYh_8qOTHgw,Other,2020-12-22,219881.0,3647731,6234.0,30,8.88,Short,95,Tuesday,0.17,6.03
zV6sHc0t47c,Other,2020-12-22,133907.0,1365480,4142.0,20,6.4,Short,93,Tuesday,0.3,9.81
dgfl5LWEk4g,Other,2020-12-21,21160.0,1260645,661.0,23,3.22,Short,96,Monday,0.05,1.68
t8Ih6996QU8,Song,2020-12-21,44224.0,613144,1038.0,20,3.03,Short,100,Monday,0.17,7.21
SXeMHk6UWSw,Song,2020-12-20,10801.0,127528,534.0,25,3.92,Short,80,Sunday,0.42,8.47
0IcWBVCnbCo,Other,2020-12-20,3942.0,205952,431.0,13,2.9,Short,91,Sunday,0.21,1.91
cC_Z5z2NNRo,Other,2020-12-19,31140.0,1303148,594.0,3,32.2,Long,94,Saturday,0.05,2.39
Dt5kNigiUek,Other,2020-12-19,34132.0,1028614,783.0,28,4.17,Short,89,Saturday,0.08,3.32
sf0a5pd-WDI,Other,2020-12-18,12660.0,318127,630.0,13,6.95,Short,81,Friday,0.2,3.98
kW51ltYhJvE,Other,2020-12-18,2093.0,42811,76.0,16,2.93,Short,70,Friday,0.18,4.89
pTXGGfghuBI,Other,2020-12-17,2306.0,60041,135.0,27,2.12,Short,68,Thursday,0.22,3.84
xp0ovGyyenM,Romance,2020-12-17,5161.0,394663,213.0,27,0.68,Short,97,Thursday,0.05,1.31
xgel7xnRV_Q,Other,2020-12-16,29735.0,1227686,629.0,25,7.0,Short,62,Wednesday,0.05,2.42
fZNfl53TrFs,Other,2020-12-16,26033.0,920205,643.0,22,4.13,Short,71,Wednesday,0.07,2.83
htMn27qjLxA,Teaser,2020-12-16,5940.0,480480,314.0,26,0.68,Short,95,Wednesday,0.07,1.24
6wyPK-pmsd0,Other,2020-12-15,4587.0,77501,172.0,0,3.82,Short,65,Tuesday,0.22,5.92
asv3Zg2rGYI,Other,2020-12-15,1716.0,40630,111.0,25,5.72,Short,95,Tuesday,0.27,4.22
dsuJpsWuY5U,Teaser,2020-12-15,7983.0,1034754,234.0,24,0.68,Short,91,Tuesday,0.02,0.77
eDOcEW9bbFA,Horror,2020-12-14,343447.0,6890129,11194.0,19,5.75,Short,70,Monday,0.16,4.98
e6MI1vgENeI,Teaser,2020-12-14,30086.0,1708761,696.0,24,0.5,Short,91,Monday,0.04,1.76
DxRxTlkI3gY,Other,2020-12-13,5726.0,172600,242.0,26,11.12,Long,106,Sunday,0.14,3.32
1sm7aqtOero,Other,2020-12-13,264006.0,5050795,6129.0,11,4.92,Short,104,Sunday,0.12,5.23
6K2A79jysIU,Other,2020-12-12,16840.0,548477,519.0,25,34.6,Long,78,Saturday,0.09,3.07
4XgBZX_pXjc,Other,2020-12-12,3169.0,167992,141.0,26,2.55,Short,92,Saturday,0.08,1.89
ACTeSSVQzZU,Clip,2020-12-11,34448.0,954199,659.0,23,3.13,Short,89,Friday,0.07,3.61
dPcR6HRhZK0,Clip,2020-12-11,11235.0,513256,264.0,25,1.97,Short,72,Friday,0.05,2.19
uD2LZfGo9cI,Teaser,2020-12-10,20972.0,663018,448.0,34,2.82,Short,71,Thursday,0.07,3.16
CVMUkV4VfUA,Other,2020-12-10,2983.0,89379,165.0,29,2.3,Short,62,Thursday,0.18,3.34
cE6t9b4lR0A,Teaser,2020-12-09,7911.0,222439,429.0,37,2.42,Short,51,Wednesday,0.19,3.56
LY4hQXxuTh0,Other,2020-12-09,3700.0,139177,110.0,14,6.55,Short,96,Wednesday,0.08,2.66
egevm1gzi_0,Other,2020-12-09,23402.0,6422547,0.0,29,2.5,Short,59,Wednesday,0.0,0.36
BCi6-GqWURg,Song,2020-12-08,4918.0,294030,321.0,28,2.73,Short,105,Tuesday,0.11,1.67
252GdSAMPYs,Other,2020-12-08,713.0,40342,90.0,25,1.8,Short,57,Tuesday,0.22,1.77
6_0PkOdDKOM,Teaser,2020-12-07,13163.0,815789,709.0,20,53.52,Long,94,Monday,0.09,1.61
lXZPMb51IQU,Teaser,2020-12-07,109273.0,5220897,4498.0,22,1.98,Short,95,Monday,0.09,2.09
qWeYLnSqyvg,Clip,2020-12-07,40199.0,1972858,636.0,24,2.2,Short,74,Monday,0.03,2.04
0ew88RPjlK0,Other,2020-12-06,96302.0,4027593,2382.0,25,2.98,Short,87,Sunday,0.06,2.39
iIZWL0R-9MU,Other,2020-12-06,166332.0,2200603,2488.0,28,7.53,Short,72,Sunday,0.11,7.56
gam5ECtelMI,Other,2020-12-05,4932.0,174171,234.0,25,33.13,Long,75,Saturday,0.13,2.83
HvG5b5dVmcg,Other,2020-12-05,2005.0,77874,163.0,26,1.1,Short,73,Saturday,0.21,2.57
g9O2YTtdaZA,Teaser,2020-12-04,47552.0,2019960,1980.0,21,2.85,Short,84,Friday,0.1,2.35
3m59PYrw52k,Action,2020-12-04,6646.0,748452,990.0,26,3.0,Short,89,Friday,0.13,0.89
7aL5pP5mZsQ,Other,2020-12-04,9605.0,262681,423.0,27,12.42,Long,92,Friday,0.16,3.66
rY2npMGbkVA,Other,2020-12-04,135659.0,1509471,1904.0,22,2.58,Short,70,Friday,0.13,8.99
Q1DmYumdf-E,Song,2020-12-03,7046.0,237204,1157.0,18,2.05,Short,107,Thursday,0.49,2.97
7OyTrpFbDZc,Teaser,2020-12-03,11968.0,480295,841.0,25,32.93,Long,96,Thursday,0.18,2.49
MteHcVk-_jo,Teaser,2020-12-03,111437.0,5893305,3688.0,18,2.18,Short,96,Thursday,0.06,1.89
gRnAsZQwLIs,Other,2020-12-02,2495.0,73327,142.0,25,6.2,Short,97,Wednesday,0.19,3.4
vH2lgeC_bjY,Teaser,2020-12-02,1979.0,46025,65.0,24,1.18,Short,76,Wednesday,0.14,4.3
AUHplWmPuwo,Other,2020-12-02,374660.0,6855509,11671.0,15,7.27,Short,105,Wednesday,0.17,5.47
JWVVIQt3Lzg,Other,2020-12-01,2093.0,35323,116.0,21,1.5,Short,57,Tuesday,0.33,5.93
DBaoh0LrIr4,Other,2020-12-01,23083.0,627532,365.0,30,6.02,Short,111,Tuesday,0.06,3.68
SfRKGZm5nIs,Other,2020-11-30,93144.0,3490567,2657.0,29,23.65,Long,88,Monday,0.08,2.67
c5zxjBn1EUA,Other,2020-11-30,8131.0,168485,383.0,21,6.92,Short,62,Monday,0.23,4.83
AOQEz-hQnMg,Other,2020-11-29,80409.0,2287793,818.0,23,5.97,Short,88,Sunday,0.04,3.51
Gb0YXzTMdoQ,Other,2020-11-29,2546.0,105001,149.0,21,9.25,Short,96,Sunday,0.14,2.42
ej47JbL67yw,Other,2020-11-28,24496.0,909091,751.0,21,30.42,Long,88,Saturday,0.08,2.69
wLCmfsZ9dVI,Other,2020-11-28,26059.0,838919,724.0,21,8.88,Short,92,Saturday,0.09,3.11
blRe2wQP-_U,Song,2020-11-27,189115.0,12385341,2354.0,25,4.45,Short,93,Friday,0.02,1.53
GMFCLAIqCrQ,Teaser,2020-11-27,18154.0,854688,527.0,18,0.68,Short,95,Friday,0.06,2.12
9noRI6Vx0JM,Other,2020-11-27,4436.0,227769,539.0,12,15.02,Long,90,Friday,0.24,1.95
esUbo6uRgaY,Other,2020-11-26,16255.0,863791,406.0,25,2.22,Short,82,Thursday,0.05,1.88
eoVpkPLpScc,Other,2020-11-26,14733.0,629768,337.0,23,1.68,Short,69,Thursday,0.05,2.34
tNHlsFlPkVU,Song,2020-11-25,33860.0,1170735,576.0,31,25.32,Long,92,Wednesday,0.05,2.89
H3nzTmNlS4I,Other,2020-11-25,133738.0,3020305,8306.0,29,14.7,Long,89,Wednesday,0.28,4.43
PrPR8p4NoB0,Other,2020-11-24,5633.0,126661,143.0,22,3.27,Short,68,Tuesday,0.11,4.45
tpzsVTZAi4s,Clip,2020-11-24,31667.0,1070278,797.0,22,1.08,Short,55,Tuesday,0.07,2.96
esRZchm3Gq8,Clip,2020-11-23,31713.0,3338445,966.0,23,3.1,Short,75,Monday,0.03,0.95
d7aGtf210fw,Other,2020-11-23,2418.0,49142,60.0,18,4.02,Short,81,Monday,0.12,4.92
i9eyZme8fLo,Other,2020-11-23,68882.0,2420188,699.0,15,2.45,Short,65,Monday,0.03,2.85
K5fjJcrO0p8,Other,2020-11-22,105544.0,3762787,1779.0,20,13.07,Long,96,Sunday,0.05,2.8
jiXvpA_gE0o,Other,2020-11-22,81065.0,2178063,911.0,22,3.08,Short,88,Sunday,0.04,3.72
rFH3MNPv8kY,Other,2020-11-21,31638.0,1134706,600.0,26,33.45,Long,74,Saturday,0.05,2.79
ETntzDt5NcY,Song,2020-11-21,987.0,27048,194.0,23,2.23,Short,73,Saturday,0.72,3.65
stbAOQiNMdk,Teaser,2020-11-21,152387.0,5620770,4231.0,5,2.25,Short,71,Saturday,0.08,2.71
XuBNuB48uQM,Other,2020-11-20,9550.0,188735,172.0,3,97.8,Long,92,Friday,0.09,5.06
rjfrntoViis,Other,2020-11-20,28704.0,692830,1238.0,34,7.58,Short,97,Friday,0.18,4.14
7_9F6L5sJs8,Other,2020-11-20,5958.0,548162,218.0,3,0.5,Short,49,Friday,0.04,1.09
SbsT5WBYSZs,Other,2020-11-20,2779.0,397740,110.0,7,0.5,Short,49,Friday,0.03,0.7
EJsVI3uYP6o,Other,2020-11-20,4299.0,478350,163.0,7,0.5,Short,43,Friday,0.03,0.9
xl21E7etcHQ,Teaser,2020-11-19,20143.0,918722,927.0,19,0.78,Short,89,Thursday,0.1,2.19
IW2-gsi7SSI,Clip,2020-11-19,35385.0,1559549,604.0,20,2.43,Short,71,Thursday,0.04,2.27
8gaMqkrsl4o,Teaser,2020-11-19,10639.0,644334,1976.0,25,1.8,Short,96,Thursday,0.31,1.65
TwBf07sq8a8,Comedy,2020-11-18,19639.0,376906,1289.0,31,14.68,Long,101,Wednesday,0.34,5.21
ACRTKMgu6lc,Song,2020-11-18,128028.0,4137171,1227.0,19,3.12,Short,95,Wednesday,0.03,3.09
q-amQJStJOo,Other,2020-11-17,25140.0,500633,470.0,18,2.82,Short,71,Tuesday,0.09,5.02
VJ1PAmIbZFM,Other,2020-11-17,22662.0,748216,391.0,21,1.33,Short,74,Tuesday,0.05,3.03
1Np-gnlpmSA,Drama,2020-11-17,75327.0,1569111,5697.0,18,8.05,Short,86,Tuesday,0.36,4.8
nrLXHAKfYHA,Other,2020-11-16,8455.0,158131,129.0,7,100.93,Long,67,Monday,0.08,5.35
icg6-kMXB3Y,Other,2020-11-16,10897.0,461935,179.0,17,3.47,Short,59,Monday,0.04,2.36
KUv6Z-8LBRU,Clip,2020-11-16,42252.0,1593759,829.0,17,4.43,Short,97,Monday,0.05,2.65
L-Ou0uuf4zI,Other,2020-11-15,12418.0,763915,348.0,19,1.1,Short,68,Sunday,0.05,1.63
tHSi6GRrLns,Other,2020-11-15,5407.0,356701,119.0,22,1.17,Short,78,Sunday,0.03,1.52
MKQyq54oLlA,Other,2020-11-15,13583.0,969606,259.0,23,1.13,Short,74,Sunday,0.03,1.4
CNy855q6u6I,Other,2020-11-15,8357.0,456058,183.0,20,1.02,Short,71,Sunday,0.04,1.83
39lW6kuD9o4,Other,2020-11-15,13629.0,546072,347.0,19,1.18,Short,47,Sunday,0.06,2.5
oVN46KxExf4,Other,2020-11-14,26397.0,789679,1253.0,17,34.13,Long,65,Saturday,0.16,3.34
fqDNngjHa-k,Other,2020-11-14,3878.0,74676,123.0,27,0.65,Short,58,Saturday,0.16,5.19
Hr2bBzKM3FY,Other,2020-11-13,114127.0,1965157,5525.0,21,147.52,Long,99,Friday,0.28,5.81
Cpf00865jYI,Other,2020-11-13,2550.0,62018,127.0,20,0.7,Short,52,Friday,0.2,4.11
5IQ645-UUV4,Teaser,2020-11-13,41157.0,2246016,7370.0,22,2.28,Short,68,Friday,0.33,1.83
a1iH_f1AHao,Other,2020-11-12,68192.0,1410542,1713.0,26,15.68,Long,57,Thursday,0.12,4.83
vv__-0tgAEA,Other,2020-11-12,459034.0,8124236,4103.0,19,6.82,Short,75,Thursday,0.05,5.65
pHIOCWfEcOA,Other,2020-11-12,9719.0,259308,171.0,21,1.15,Short,84,Thursday,0.07,3.75
sZlOUOwJths,Other,2020-11-12,15404.0,337150,701.0,20,0.68,Short,57,Thursday,0.21,4.57
-8skWAuUxwU,Other,2020-11-11,10352.0,855862,363.0,22,3.3,Short,69,Wednesday,0.04,1.21
IwsHwyEack0,Other,2020-11-11,59611.0,1491095,5616.0,29,15.4,Long,82,Wednesday,0.38,4.0
JPI0qlfoUQI,Other,2020-11-11,13889.0,338803,277.0,20,3.48,Short,67,Wednesday,0.08,4.1
ljdvd3Qp6Ck,Teaser,2020-11-10,9662.0,558828,256.0,21,2.12,Short,94,Tuesday,0.05,1.73
4I-xbxLbKMc,Announcement,2020-11-10,3054.0,55245,152.0,17,1.73,Short,58,Tuesday,0.28,5.53
TQI8HLPQnT0,Teaser,2020-11-09,12499.0,633116,320.0,21,3.07,Short,62,Monday,0.05,1.97
x3d0ycDDchk,Other,2020-11-09,4237.0,85527,203.0,19,4.7,Short,88,Monday,0.24,4.95
bpGBtdZ0Wj0,Clip,2020-11-08,33994.0,3045552,1396.0,30,2.95,Short,74,Sunday,0.05,1.12
pN8szfQsJdQ,Other,2020-11-08,11947.0,368169,306.0,33,7.97,Short,98,Sunday,0.08,3.24
js2_NtVfhI8,Interview,2020-11-07,13568.0,1043851,707.0,12,1.55,Short,57,Saturday,0.07,1.3
VO1qLZXIwv0,Teaser,2020-11-07,52799.0,1298595,756.0,16,5.28,Short,79,Saturday,0.06,4.07
j-AZ0QyWCcM,Other,2020-11-06,8243.0,349097,320.0,30,10.18,Long,102,Friday,0.09,2.36
uYmwNNkix-k,Teaser,2020-11-06,169003.0,5565642,5232.0,18,2.63,Short,93,Friday,0.09,3.04
LE9E1D0zH00,Other,2020-11-05,34632.0,415673,1246.0,25,11.05,Long,79,Thursday,0.3,8.33
NSZC5IRNRRM,Teaser,2020-11-05,1379.0,40103,88.0,23,1.37,Short,92,Thursday,0.22,3.44
PBVvvxol2zI,Other,2020-11-05,16930.0,482449,417.0,15,5.77,Short,75,Thursday,0.09,3.51
pAzbj0Frhjc,Comedy,2020-11-04,5091.0,311920,194.0,13,3.1,Short,58,Wednesday,0.06,1.63
5oRczmZ6dGU,Clip,2020-11-04,28496.0,1696143,924.0,13,1.67,Short,84,Wednesday,0.05,1.68
sBlH5m7xWok,Other,2020-11-04,2656.0,279584,89.0,31,2.4,Short,73,Wednesday,0.03,0.95
VfOi5CRCi74,Other,2020-11-03,1079.0,56823,69.0,25,1.4,Short,81,Tuesday,0.12,1.9
B1eqbsX0EcQ,Other,2020-11-03,5082.0,195223,176.0,25,7.32,Short,88,Tuesday,0.09,2.6
KEij09l3ZmQ,Other,2020-11-02,208584.0,2372796,3509.0,30,5.45,Short,87,Monday,0.15,8.79
LyQgSJhz5lU,Clip,2020-11-02,14027.0,554089,577.0,15,1.12,Short,73,Monday,0.1,2.53
RnK9wokdySM,Other,2020-11-01,21078.0,733985,271.0,23,1.43,Short,98,Sunday,0.04,2.87
ww44r3aXs48,Teaser,2020-11-01,3709.0,219970,156.0,24,1.83,Short,46,Sunday,0.07,1.69
xyut7M8w3m8,Other,2020-10-31,7847.0,247355,453.0,21,5.47,Short,89,Saturday,0.18,3.17
H_PCnbrAsDo,Teaser,2020-10-31,5120.0,250819,317.0,24,2.63,Short,57,Saturday,0.13,2.04
ZitBFaFQfVY,Other,2020-10-30,5270.0,171984,144.0,28,12.7,Long,104,Friday,0.08,3.06
Lbl4ZDYANKQ,Other,2020-10-30,6188.0,153991,195.0,24,2.27,Short,64,Friday,0.13,4.02
FFpI83OJYtY,Other,2020-10-29,268770.0,4645546,3872.0,19,6.48,Short,49,Thursday,0.08,5.79
4S7LDSX6LHY,Other,2020-10-29,3381.0,88247,103.0,24,5.62,Short,107,Thursday,0.12,3.83
e-A-2btgIHM,Teaser,2020-10-28,179724.0,6613121,4239.0,18,2.47,Short,84,Wednesday,0.06,2.72
dbHu3StsZi0,Other,2020-10-28,60220.0,1438020,2704.0,35,15.45,Long,86,Wednesday,0.19,4.19
QW5mq7isyqE,Teaser,2020-10-27,3722.0,109609,174.0,32,2.18,Short,65,Tuesday,0.16,3.4
RAeLUEdHCLo,Other,2020-10-27,3519.0,512829,116.0,26,1.77,Short,67,Tuesday,0.02,0.69
GldiborGuWo,Announcement,2020-10-26,375.0,18841,37.0,32,0.68,Short,76,Monday,0.2,1.99
Y-ZDIF3MI7U,Other,2020-10-26,79594.0,3737812,0.0,36,14.38,Long,90,Monday,0.0,2.13
oDBQ5lCJ4Tc,Teaser,2020-10-26,5455.0,168470,0.0,20,3.0,Short,50,Monday,0.0,3.24
lReav1y2DG8,Other,2020-10-25,1208.0,70463,55.0,30,1.37,Short,77,Sunday,0.08,1.71
ctSuFdgngyQ,Other,2020-10-25,11526.0,356018,444.0,34,18.87,Long,76,Sunday,0.12,3.24
FWQmmUMxIfk,Song,2020-10-24,2242.0,89460,102.0,20,3.82,Short,82,Saturday,0.11,2.51
r5K0bwe5NBc,Teaser,2020-10-24,207350.0,7535668,5030.0,18,2.32,Short,62,Saturday,0.07,2.75
1MIFav2ouZQ,Song,2020-10-23,636.0,18576,0.0,26,1.92,Short,81,Friday,0.0,3.42
WiOLYOzA1bQ,Other,2020-10-23,20440.0,414408,3212.0,32,7.82,Short,93,Friday,0.78,4.93
l4TUNIQ6Aws,Other,2020-10-23,1676.0,37127,143.0,25,1.72,Short,98,Friday,0.39,4.51
OaoGX-CNXVM,Other,2020-10-22,9211.0,246855,331.0,17,5.97,Short,66,Thursday,0.13,3.73
OrgmUSDwWWI,Other,2020-10-22,15175.0,287584,1193.0,27,3.45,Short,82,Thursday,0.41,5.28
bNt8eGCY1sk,Other,2020-10-21,1097.0,33804,64.0,27,4.05,Short,107,Wednesday,0.19,3.25
Azemax9aUZU,Other,2020-10-21,11620.0,303909,1181.0,18,3.65,Short,62,Wednesday,0.39,3.82
jcIiYYXlsQ4,Other,2020-10-21,51472.0,1073529,2851.0,26,15.35,Long,92,Wednesday,0.27,4.79
PUD7vAuPGxM,Other,2020-10-20,146579.0,2306934,3236.0,32,9.32,Short,73,Tuesday,0.14,6.35
8-3xEpIIsCM,Teaser,2020-10-20,9872.0,725433,450.0,26,1.22,Short,48,Tuesday,0.06,1.36
NjzIKERMHwg,Other,2020-10-19,7313.0,440907,122.0,20,167.17,Long,93,Monday,0.03,1.66
Srp90Hp0G70,Teaser,2020-10-19,236512.0,6371969,9164.0,16,2.8,Short,95,Monday,0.14,3.71
KFehxFRLkLw,Other,2020-10-18,26778.0,649451,713.0,26,11.92,Long,107,Sunday,0.11,4.12
054rZyNf_uY,Other,2020-10-18,24015.0,630938,456.0,23,2.25,Short,67,Sunday,0.07,3.81
weoaSiyNejw,Other,2020-10-17,71369.0,1484147,1694.0,20,8.32,Short,91,Saturday,0.11,4.81
S7DPXk5Ym6I,Other,2020-10-17,5480.0,456782,217.0,23,1.55,Short,55,Saturday,0.05,1.2
m1Rctd4K7u8,Other,2020-10-16,16365.0,382340,447.0,30,10.07,Long,88,Friday,0.12,4.28
kji5F02FemY,Teaser,2020-10-16,23561.0,1500826,890.0,27,1.72,Short,92,Friday,0.06,1.57
Oxmm238BH7k,Other,2020-10-15,5004.0,324946,186.0,22,1.15,Short,56,Thursday,0.06,1.54
CaqaSccbcP0,Clip,2020-10-15,19309.0,844687,660.0,18,6.87,Short,53,Thursday,0.08,2.29
l1OXgoX_2vU,Other,2020-10-14,383220.0,5459926,6465.0,27,3.85,Short,92,Wednesday,0.12,7.02
I6pfjZ_qEoA,Other,2020-10-14,23914.0,492085,2246.0,22,15.22,Long,80,Wednesday,0.46,4.86
fUxFxv9d5fY,Other,2020-10-13,62232.0,1616733,1110.0,24,19.37,Long,73,Tuesday,0.07,3.85
Ekx-uL5Nv2E,Other,2020-10-13,5386.0,149865,207.0,24,7.03,Short,69,Tuesday,0.14,3.59
NrAitsCP11g,Drama,2020-10-12,47463.0,1848387,1255.0,24,2.27,Short,70,Monday,0.07,2.57
hIIUhApsfr4,Other,2020-10-12,23314.0,1869381,1326.0,23,2.92,Short,68,Monday,0.07,1.25
_XHhsot0_XU,Other,2020-10-11,4749.0,237520,245.0,23,4.5,Short,73,Sunday,0.1,2.0
Fh3BUC7azh0,Other,2020-10-11,18323.0,1270859,790.0,16,1.65,Short,67,Sunday,0.06,1.44
AH2_jL2bu9w,Other,2020-10-10,18043.0,910087,469.0,40,1.9,Short,89,Saturday,0.05,1.98
rL-qlbCFIlk,Action,2020-10-10,1110.0,27083,93.0,31,3.43,Short,99,Saturday,0.34,4.1
dmk10UM-OK4,Other,2020-10-10,3691.0,115900,190.0,34,11.25,Long,104,Saturday,0.16,3.18
htEaEIB1WcM,Other,2020-10-09,4722.0,113541,636.0,19,3.07,Short,77,Friday,0.56,4.16
Ul6sFGTo-lc,Interview,2020-10-09,256919.0,8736225,3797.0,22,2.05,Short,86,Friday,0.04,2.94
P9KxAJAWhGc,Teaser,2020-10-09,42612.0,3221475,2516.0,4,1.27,Short,89,Friday,0.08,1.32
nMu8xo0ueqc,Other,2020-10-08,36357.0,1947017,1232.0,17,1.4,Short,69,Thursday,0.06,1.87
eBxw0waQyq8,Other,2020-10-08,5814.0,97644,176.0,27,6.13,Short,99,Thursday,0.18,5.95
IA8GXpQDtSA,Teaser,2020-10-08,150933.0,16086053,7010.0,20,1.48,Short,52,Thursday,0.04,0.94
PuBjjk8CcIg,Other,2020-10-07,2243.0,87691,114.0,37,3.15,Short,90,Wednesday,0.13,2.56
AgVKqgHdK3k,Other,2020-10-07,16766.0,607458,298.0,33,5.78,Short,120,Wednesday,0.05,2.76
JbfXaqFX4CI,Other,2020-10-07,27910.0,372564,2113.0,25,15.85,Long,82,Wednesday,0.57,7.49
j7xQjUKrFkQ,Other,2020-10-06,2575.0,75592,180.0,34,1.77,Short,71,Tuesday,0.24,3.41
AZoWW7Z1cSY,Clip,2020-10-06,3561.0,171486,137.0,35,2.08,Short,99,Tuesday,0.08,2.08
5hY0qcQvsBg,Clip,2020-10-06,2068.0,54252,108.0,22,3.32,Short,96,Tuesday,0.2,3.81
BkXieITdcs8,Announcement,2020-10-05,403923.0,5432429,12425.0,18,7.53,Short,84,Monday,0.23,7.44
kr6tkvFGpZA,Teaser,2020-10-05,7685.0,302634,445.0,10,0.52,Short,91,Monday,0.15,2.54
i_1W7agHwAA,Other,2020-10-04,4845.0,141421,175.0,17,2.0,Short,61,Sunday,0.12,3.43
E-4LU7opcKE,Other,2020-10-04,87142.0,9716419,1616.0,35,2.52,Short,68,Sunday,0.02,0.9
UV3FNIUiPbQ,Other,2020-10-03,145708.0,1896025,4754.0,25,9.43,Short,64,Saturday,0.25,7.68
BsCGt9c4byU,Other,2020-10-03,16566.0,307836,950.0,15,15.08,Long,92,Saturday,0.31,5.38
jD0xQhRoNmw,Other,2020-10-02,38224.0,811489,718.0,31,2.98,Short,92,Friday,0.09,4.71
C_PnTCMWiek,Other,2020-10-02,18699.0,443645,792.0,35,10.77,Long,78,Friday,0.18,4.21
XbOgspQctcw,Other,2020-10-02,51342.0,654062,1257.0,25,3.3,Short,97,Friday,0.19,7.85
4m0vBNtWQts,Other,2020-10-01,84262.0,1500754,1598.0,19,17.47,Long,71,Thursday,0.11,5.61
P-NqFiNTovI,Other,2020-10-01,11319.0,304583,406.0,28,2.83,Short,68,Thursday,0.13,3.72
tKOqZYqzczE,Other,2020-10-01,2659.0,65457,177.0,47,4.65,Short,72,Thursday,0.27,4.06
tSWySapfMwY,Other,2020-09-30,12499.0,241999,442.0,36,4.5,Short,55,Wednesday,0.18,5.16
4a4ASoBY7xA,Romance,2020-09-30,1721.0,48025,90.0,30,1.92,Short,82,Wednesday,0.19,3.58
VB5LqZAuiWw,Other,2020-09-29,1384.0,50597,98.0,27,5.18,Short,95,Tuesday,0.19,2.74
2Fw-XMwsEQI,Other,2020-09-29,785.0,30400,38.0,20,4.03,Short,86,Tuesday,0.12,2.58
ZmmAGFpg-EQ,Interview,2020-09-28,5232.0,152157,159.0,25,1.82,Short,62,Monday,0.1,3.44
YbAlu3tJl_c,Other,2020-09-28,1290.0,44603,83.0,23,3.55,Short,91,Monday,0.19,2.89
WubL3Jdn4bs,Other,2020-09-27,281.0,12940,45.0,29,5.0,Short,95,Sunday,0.35,2.17
oAs5khkftsw,Other,2020-09-27,180573.0,2997682,3086.0,16,1.25,Short,99,Sunday,0.1,6.02
BbJ3Oc7m4ig,Other,2020-09-26,5593.0,166047,330.0,32,1.67,Short,72,Saturday,0.2,3.37
XTrC3vRA4d0,Other,2020-09-26,484.0,19268,38.0,28,2.33,Short,67,Saturday,0.2,2.51
CLYzAYt21uI,Other,2020-09-25,21535.0,365063,679.0,27,5.88,Short,80,Friday,0.19,5.9
WTJW2Ol1c0g,Teaser,2020-09-25,209756.0,8626660,7666.0,8,2.7,Short,95,Friday,0.09,2.43
IIj8QhRfdnY,Other,2020-09-24,125465.0,1818515,29347.0,29,11.85,Long,44,Thursday,1.61,6.9
nuF2mR5z_CA,Other,2020-09-24,36192.0,1160077,1537.0,25,6.15,Short,88,Thursday,0.13,3.12
jDp6238k-fE,Other,2020-09-23,1269.0,50688,153.0,25,5.03,Short,91,Wednesday,0.3,2.5
Ht-VQpDm3JU,Other,2020-09-23,74605.0,1781648,1364.0,29,1.65,Short,91,Wednesday,0.08,4.19
gVWEh3GqVts,Other,2020-09-23,12417.0,333759,538.0,17,0.93,Short,76,Wednesday,0.16,3.72
wXWqncYzJCY,Other,2020-09-22,176985.0,2869791,4485.0,15,8.47,Short,76,Tuesday,0.16,6.17
QPSMoc7w5wg,Other,2020-09-22,1479.0,30487,176.0,24,4.18,Short,49,Tuesday,0.58,4.85
1rm3uscf-1Y,Other,2020-09-21,530.0,18605,98.0,3,4.35,Short,86,Monday,0.53,2.85
DoJ_ljlJb-U,Teaser,2020-09-20,7040.0,399436,395.0,22,0.68,Short,98,Sunday,0.1,1.76
nVjv_50EfNk,Other,2020-09-20,8293.0,543007,258.0,30,2.37,Short,78,Sunday,0.05,1.53
bmlJdmlahto,Other,2020-09-19,48883.0,3951833,1663.0,26,2.73,Short,86,Saturday,0.04,1.24
QDQWyBPYl2E,Other,2020-09-19,4741.0,82822,186.0,27,1.93,Short,82,Saturday,0.22,5.72
dN1AeKeCqWE,Comedy,2020-09-18,7663.0,176451,400.0,32,14.85,Long,99,Friday,0.23,4.34
naXf8R1aOik,Teaser,2020-09-18,294022.0,9545062,9165.0,3,2.72,Short,98,Friday,0.1,3.08
SguT9aI0QZE,Other,2020-09-17,13320.0,259872,583.0,3,15.4,Long,80,Thursday,0.22,5.13
tCbxJa5Ii88,Clip,2020-09-17,1176.0,66155,63.0,26,3.63,Short,90,Thursday,0.1,1.78
gHITkLlkYN8,Other,2020-09-17,4688.0,71121,280.0,30,2.78,Short,99,Thursday,0.39,6.59
jUJ7N_ahv4Y,Teaser,2020-09-16,43279.0,1377370,1337.0,9,2.75,Short,70,Wednesday,0.1,3.14
UqiQS5qxW2U,Teaser,2020-09-16,4139.0,379187,163.0,26,5.27,Short,100,Wednesday,0.04,1.09
VpAwtpNgpXk,Other,2020-09-16,66555.0,1097841,5387.0,22,15.87,Long,95,Wednesday,0.49,6.06
WIfZZRFxTA4,Other,2020-09-15,388.0,16890,73.0,27,3.68,Short,97,Tuesday,0.43,2.3
YIMsbwKMfbY,Other,2020-09-15,1303.0,45730,66.0,25,3.23,Short,81,Tuesday,0.14,2.85
Qrd75GcGFvg,Other,2020-09-14,400922.0,10898784,9743.0,27,8.68,Short,51,Monday,0.09,3.68
U-CigH1AlAU,Other,2020-09-14,47100.0,1232503,607.0,33,1.28,Short,77,Monday,0.05,3.82
SXP8lTUZjhM,Other,2020-09-13,4913.0,184985,174.0,25,11.43,Long,82,Sunday,0.09,2.66
5LHxvJ8bp-w,Other,2020-09-13,7970.0,112821,240.0,28,2.95,Short,88,Sunday,0.21,7.06
IwhIfHxNqzs,Other,2020-09-12,2565.0,81089,202.0,24,1.68,Short,81,Saturday,0.25,3.16
vSgmKTUfD0g,Other,2020-09-11,4484.0,270302,156.0,24,1.17,Short,81,Friday,0.06,1.66
zDi_wWcpPug,Other,2020-09-11,11351.0,241633,405.0,22,6.38,Short,73,Friday,0.17,4.7
O4GQc4jWOSM,Other,2020-09-11,2637.0,63338,263.0,34,3.12,Short,87,Friday,0.42,4.16
GQb8b5NFeLQ,Other,2020-09-10,3873.0,1072665,301.0,36,1.18,Short,100,Thursday,0.03,0.36
_iMvaehSNJo,Interview,2020-09-10,1069.0,30659,237.0,24,17.85,Long,78,Thursday,0.77,3.49
sLECmdpbfHc,Other,2020-09-09,2074.0,111963,183.0,33,2.5,Short,47,Wednesday,0.16,1.85
k_hIVDupXkQ,Other,2020-09-09,2769.0,169638,123.0,27,1.17,Short,85,Wednesday,0.07,1.63
wzKu5YveS_8,Other,2020-09-09,13205.0,282252,1041.0,24,15.08,Long,96,Wednesday,0.37,4.68
Hxdg23eI59g,Other,2020-09-08,207351.0,2632767,5840.0,18,8.53,Short,79,Tuesday,0.22,7.88
c2CbVWRPPB0,Behind the Scenes,2020-09-08,3198.0,178750,190.0,24,7.27,Short,72,Tuesday,0.11,1.79
tSmhwGgk0oA,Other,2020-09-07,27512.0,501620,1904.0,22,9.0,Short,66,Monday,0.38,5.48
ZvpdN4VltKY,Teaser,2020-09-07,198904.0,5526745,8856.0,25,2.92,Short,63,Monday,0.16,3.6
K6Y89l_hciY,Other,2020-09-06,7399.0,1027713,256.0,20,4.05,Short,89,Sunday,0.02,0.72
BWskVUyLF3g,Clip,2020-09-06,2089.0,106204,89.0,24,2.6,Short,86,Sunday,0.08,1.97
Kt7-7lF7jKk,Other,2020-09-05,47437.0,626919,307.0,14,84.93,Long,78,Saturday,0.05,7.57
lMxYLapanN0,Other,2020-09-05,27233.0,632549,1024.0,19,5.55,Short,93,Saturday,0.16,4.31
IaB1Lp9_XxY,Other,2020-09-05,1309556.0,20583845,25370.0,25,3.8,Short,73,Saturday,0.12,6.36
7BPhjrt7xzI,Other,2020-09-04,6480.0,274531,106.0,24,3.88,Short,71,Friday,0.04,2.36
aHmrfp0H7eM,Song,2020-09-04,25734.0,471496,1072.0,3,8.28,Short,78,Friday,0.23,5.46
as3YLG5DmL0,Teaser,2020-09-04,55953.0,3568232,3543.0,5,2.68,Short,98,Friday,0.1,1.57
KX815gzT2vA,Other,2020-09-03,4685.0,244524,158.0,21,3.2,Short,65,Thursday,0.06,1.92
OU8E4WXYD9s,Action,2020-09-03,3253.0,62083,672.0,28,2.27,Short,58,Thursday,1.08,5.24
V6rUNPH1JYg,Romance,2020-09-02,6434.0,100149,260.0,29,4.02,Short,54,Wednesday,0.26,6.42
HImdaB7zI1g,Comedy,2020-09-02,45160.0,723685,3249.0,25,14.72,Long,98,Wednesday,0.45,6.24
sPQfVXSCHrM,Other,2020-09-01,39814.0,3878660,1082.0,27,2.82,Short,73,Tuesday,0.03,1.03
_2DYLrHbwcI,Teaser,2020-09-01,28323.0,3036124,1453.0,14,1.98,Short,77,Tuesday,0.05,0.93
WnGpzJpB3UI,Other,2020-09-01,1834.0,42274,150.0,25,1.72,Short,57,Tuesday,0.35,4.34
hQF5lpig_AY,Song,2020-08-31,15886.0,542356,434.0,3,2.37,Short,97,Monday,0.08,2.93
h5GdZXfKWaU,Comedy,2020-08-31,6574.0,422669,240.0,28,2.72,Short,63,Monday,0.06,1.56
TDdSmzgwehY,Action,2020-08-30,73144.0,2006202,1366.0,25,2.47,Short,63,Sunday,0.07,3.65
0TxfLdJ24VM,Other,2020-08-30,77944.0,1449910,1665.0,25,2.08,Short,75,Sunday,0.11,5.38
INzU-gFx_gA,Other,2020-08-29,8856.0,437791,183.0,26,3.67,Short,56,Saturday,0.04,2.02
BK5R_LupnbU,Clip,2020-08-29,8820.0,697648,257.0,25,3.82,Short,52,Saturday,0.04,1.26
THuBsdeNj6g,Other,2020-08-28,29088.0,598817,786.0,28,8.2,Short,81,Friday,0.13,4.86
6lkYIdk0CWo,Teaser,2020-08-28,43281.0,1176005,1905.0,19,2.03,Short,85,Friday,0.16,3.68
TOQl6l3MOgk,Other,2020-08-27,947.0,39984,81.0,21,2.32,Short,62,Thursday,0.2,2.37
HZKfnggdXRA,Other,2020-08-26,35282.0,503333,997.0,3,6.43,Short,78,Wednesday,0.2,7.01
p4hX_EzrImU,Other,2020-08-26,86447.0,1274254,9104.0,34,15.18,Long,88,Wednesday,0.71,6.78
tXsB0LP6Yl4,Other,2020-08-25,14978.0,464717,461.0,14,1.68,Short,85,Tuesday,0.1,3.22
QhTMExX0wcg,Other,2020-08-25,3750.0,114272,167.0,20,2.48,Short,53,Tuesday,0.15,3.28
93x2dzvx1Ow,Other,2020-08-24,2468.0,55923,276.0,23,2.68,Short,31,Monday,0.49,4.41
tyqoPUKZzMA,Other,2020-08-24,1459.0,48499,227.0,19,6.1,Short,65,Monday,0.47,3.01
5IFy-Z1GW2o,Other,2020-08-23,17331.0,732831,707.0,25,13.02,Long,72,Sunday,0.1,2.36
7b_4w4fhaEQ,Other,2020-08-22,748.0,27177,104.0,27,1.3,Short,72,Saturday,0.38,2.75
6OIGYTcVDjs,Other,2020-08-22,85440.0,3909730,1337.0,22,4.7,Short,85,Saturday,0.03,2.19
kW4sScqzemk,Other,2020-08-21,30079.0,505788,1003.0,18,8.93,Short,99,Friday,0.2,5.95
pCdS3XaoqZg,Song,2020-08-21,3827.0,115485,261.0,24,2.95,Short,98,Friday,0.23,3.31
wSIVsH2EBE0,Other,2020-08-20,76400.0,1240341,4316.0,3,18.03,Long,45,Thursday,0.35,6.16
cW_u1AKKt-4,Clip,2020-08-20,14938.0,460676,709.0,24,5.4,Short,79,Thursday,0.15,3.24
4alFnTlxxC8,Other,2020-08-19,2939.0,72763,262.0,20,2.38,Short,51,Wednesday,0.36,4.04
irnNQ63DX6M,Romance,2020-08-19,16854.0,410062,261.0,30,3.75,Short,84,Wednesday,0.06,4.11
LJnnXpBGPWg,Teaser,2020-08-18,3044.0,93553,126.0,23,0.9,Short,57,Tuesday,0.13,3.25
7USWkWiEqp0,Other,2020-08-18,598.0,12983,69.0,20,3.38,Short,58,Tuesday,0.53,4.61
RqsEdMfXv-E,Teaser,2020-08-17,4910.0,123431,114.0,25,1.27,Short,96,Monday,0.09,3.98
XGnWk32PT3w,Other,2020-08-17,18869.0,420928,615.0,17,3.58,Short,91,Monday,0.15,4.48
3UqWU4aQz7w,Clip,2020-08-16,1170.0,35504,94.0,27,2.18,Short,58,Sunday,0.26,3.3
YDD-bSwFMes,Other,2020-08-16,4711.0,192538,453.0,23,3.62,Short,83,Sunday,0.24,2.45
DKlVz1R41jQ,Other,2020-08-15,8363.0,341704,174.0,23,2.05,Short,86,Saturday,0.05,2.45
Zc3zqtBetZk,Other,2020-08-15,4527.0,77522,162.0,14,3.12,Short,76,Saturday,0.21,5.84
3egiaZE9Z3M,Other,2020-08-14,1337.0,35204,217.0,24,3.83,Short,86,Friday,0.62,3.8
QHseJLhAm-I,Other,2020-08-14,9281.0,156687,396.0,27,8.82,Short,98,Friday,0.25,5.92
i3IuXm_de3I,Teaser,2020-08-14,49630.0,2299375,1477.0,5,2.32,Short,76,Friday,0.06,2.16
Ut9Ykbvd-oU,Other,2020-08-13,53696.0,1056181,2545.0,25,18.83,Long,52,Thursday,0.24,5.08
oyX5h7tbnI0,Other,2020-08-13,3807.0,101231,180.0,26,1.92,Short,56,Thursday,0.18,3.76
Q9xlB4BuIVo,Other,2020-08-12,1469.0,34876,116.0,3,1.55,Short,33,Wednesday,0.33,4.21
O0wvslA4BEg,Comedy,2020-08-12,47034.0,1031325,533.0,9,1.88,Short,68,Wednesday,0.05,4.56
xh-QO-W3CZM,Other,2020-08-11,5790.0,177909,405.0,38,3.52,Short,55,Tuesday,0.23,3.25
0yJDF9hFr34,Other,2020-08-11,22111.0,1002761,522.0,22,0.88,Short,98,Tuesday,0.05,2.21
8_GJB1Ofrvs,Other,2020-08-10,14761.0,309331,1282.0,22,8.12,Short,54,Monday,0.41,4.77
s9wel9NOJcE,Other,2020-08-09,34386.0,666584,559.0,20,2.55,Short,80,Sunday,0.08,5.16
ratmCUd8pv0,Other,2020-08-09,1488.0,27378,94.0,20,2.1,Short,51,Sunday,0.34,5.44
57mkMEzU3Ps,Other,2020-08-08,4761.0,111579,195.0,20,2.78,Short,97,Saturday,0.17,4.27
-4g670w8N6w,Other,2020-08-07,20719.0,415309,680.0,14,6.5,Short,82,Friday,0.16,4.99
_dO3HsZa4nM,Other,2020-08-07,5750.0,170280,618.0,20,2.55,Short,93,Friday,0.36,3.38
wlVAQMB7TDY,Teaser,2020-08-07,239313.0,8977416,17103.0,22,2.38,Short,59,Friday,0.19,2.67
To54dv2jnJg,Other,2020-08-06,48900.0,4451200,1502.0,15,2.3,Short,87,Thursday,0.03,1.1
3qUuKcrmhtA,Other,2020-08-06,947.0,58811,71.0,3,2.0,Short,94,Thursday,0.12,1.61
RUli-yvj4Mg,Other,2020-08-05,86293.0,3539503,2406.0,3,2.4,Short,71,Wednesday,0.07,2.44
eE-Wz4ELUCs,Other,2020-08-05,18893.0,713402,1269.0,18,3.22,Short,79,Wednesday,0.18,2.65
BL8NqSLf2ns,Other,2020-08-04,64439.0,3370779,1133.0,3,1.57,Short,89,Tuesday,0.03,1.91
_aYDuKtJUfM,Other,2020-08-04,30639.0,7234274,383.0,19,2.75,Short,78,Tuesday,0.01,0.42
q4WDn5RXRS4,Comedy,2020-08-03,14557.0,291444,364.0,17,4.67,Short,69,Monday,0.12,4.99
iEjg7HSBaiQ,Other,2020-08-03,7616.0,141920,310.0,28,3.05,Short,81,Monday,0.22,5.37
uZi46FXMGBk,Other,2020-08-02,3350.0,94930,113.0,3,6.6,Short,95,Sunday,0.12,3.53
MQRe-1fiNTI,Other,2020-08-02,2726.0,352112,144.0,19,4.33,Short,91,Sunday,0.04,0.77
xQeI8HOVaUY,Other,2020-08-02,14316.0,241469,381.0,28,3.35,Short,71,Sunday,0.16,5.93
F8ECUF2RlMs,Teaser,2020-08-01,8313.0,839279,327.0,19,7.78,Short,91,Saturday,0.04,0.99
rtGIq9Xjnrw,Teaser,2020-08-01,372725.0,13047295,59038.0,4,2.7,Short,65,Saturday,0.45,2.86
M0myBYgYjzw,Other,2020-07-31,41427.0,1415460,1245.0,22,24.8,Long,81,Friday,0.09,2.93
P6jCD_kLGEk,Other,2020-07-31,5538.0,179168,255.0,3,3.62,Short,75,Friday,0.14,3.09
ggzOfWWpoK8,Teaser,2020-07-30,7305.0,428813,581.0,14,1.43,Short,53,Thursday,0.14,1.7
LAFV20fgQAo,Other,2020-07-30,24750.0,680840,959.0,9,1.15,Short,55,Thursday,0.14,3.64
FB_nr_x5Xbc,Other,2020-07-29,27974.0,1742632,5285.0,15,40.37,Long,77,Wednesday,0.3,1.61
pLit03osDuk,Other,2020-07-28,21360.0,1477855,824.0,3,2.07,Short,72,Tuesday,0.06,1.45
qLb7y96njW0,Other,2020-07-28,52540.0,1876762,996.0,15,5.82,Short,94,Tuesday,0.05,2.8
uokx342SfnM,Other,2020-07-26,17266.0,628200,915.0,17,12.07,Long,81,Sunday,0.15,2.75
WJjpraa8lT8,Other,2020-07-25,938.0,30371,94.0,5,1.85,Short,76,Saturday,0.31,3.09
BZSCdxNt8Kc,Other,2020-07-24,35224.0,779171,1242.0,10,7.28,Short,87,Friday,0.16,4.52
blN7_hFDz4E,Other,2020-07-24,4219.0,341513,437.0,15,2.78,Short,48,Friday,0.13,1.24
D5ITRzUol6M,Other,2020-07-23,7064.0,226754,245.0,16,5.98,Short,79,Thursday,0.11,3.12
J_DvPXTRqZg,Other,2020-07-22,12351.0,846550,267.0,28,2.8,Short,53,Wednesday,0.03,1.46
H-9XpJJcQOA,Other,2020-07-21,101586.0,2996271,5054.0,17,18.23,Long,56,Tuesday,0.17,3.39
UqtRNSzYMwc,Other,2020-07-21,23527.0,1910739,460.0,17,1.72,Short,83,Tuesday,0.02,1.23
zZ_dXjsyP5E,Other,2020-07-20,2246.0,213748,285.0,17,1.85,Short,83,Monday,0.13,1.05
PmvsAi89BDM,Action,2020-07-19,178859.0,15611056,6872.0,19,2.53,Short,95,Sunday,0.04,1.15
h2awOqwbzjQ,Other,2020-07-19,6220.0,195670,340.0,23,10.4,Long,95,Sunday,0.17,3.18
0CrWcG_w7mU,Other,2020-07-18,4499.0,122875,161.0,20,1.7,Short,86,Saturday,0.13,3.66
7tqIueX1W0g,Song,2020-07-17,3406.0,64115,146.0,22,2.03,Short,86,Friday,0.23,5.31
uc78PxSxXMg,Teaser,2020-07-17,336234.0,12792952,10841.0,11,2.28,Short,99,Friday,0.08,2.63
ExPc6F50qjQ,Other,2020-07-16,10878.0,175214,471.0,21,9.28,Short,61,Thursday,0.27,6.21
OuNJ8bkkoJM,Other,2020-07-16,32728.0,836075,1898.0,29,2.12,Short,45,Thursday,0.23,3.91
fOVZZ-Y_VeI,Other,2020-07-15,17503.0,453925,817.0,23,2.85,Short,17,Wednesday,0.18,3.86
7jVTMHun0w0,Other,2020-07-15,3924.0,69380,499.0,9,1.58,Short,55,Wednesday,0.72,5.66
kTL4CtBp8qw,Action,2020-07-14,6371.0,297938,373.0,5,1.92,Short,65,Tuesday,0.13,2.14
AaooLzbpiHc,Clip,2020-07-13,1351.0,81608,59.0,19,2.65,Short,61,Monday,0.07,1.66
MHPfaZGX1ds,Other,2020-07-13,3536.0,124635,139.0,34,2.33,Short,77,Monday,0.11,2.84
ay8L0UVam8I,Action,2020-07-12,7383.0,1235743,409.0,18,2.57,Short,93,Sunday,0.03,0.6
oRydF3jVDS0,Other,2020-07-12,19700.0,598809,800.0,24,2.6,Short,68,Sunday,0.13,3.29
7kZRqpKrsQM,Other,2020-07-11,13873.0,349658,1598.0,19,18.98,Long,42,Saturday,0.46,3.97
CVff8Rxo7e4,Teaser,2020-07-11,2426.0,98879,137.0,3,2.88,Short,66,Saturday,0.14,2.45
Z4oURbiA7MM,Behind the Scenes,2020-07-10,11187.0,202697,272.0,3,6.65,Short,89,Friday,0.13,5.52
wSKumnh1MHo,Teaser,2020-07-10,991.0,58262,149.0,8,2.1,Short,47,Friday,0.26,1.7
ZKcDzzWhoGs,Other,2020-07-09,1614.0,31485,160.0,22,1.63,Short,73,Thursday,0.51,5.13
D4j522M30I0,Other,2020-07-09,50677.0,915564,2851.0,18,21.95,Long,42,Thursday,0.31,5.54
8AiDfy0YuEo,Clip,2020-07-08,7282.0,176300,341.0,23,2.68,Short,50,Wednesday,0.19,4.13
UviC8so8lv4,Other,2020-07-08,316924.0,4871174,10591.0,3,4.62,Short,52,Wednesday,0.22,6.51
IHXLwJKcSJk,Other,2020-07-07,46302.0,3213414,1038.0,28,2.75,Short,46,Tuesday,0.03,1.44
Cjy3mDurACQ,Other,2020-07-06,864.0,21836,93.0,26,2.23,Short,52,Monday,0.43,3.96
33v36vEt46s,Other,2020-07-05,3906.0,102996,215.0,22,2.33,Short,64,Sunday,0.21,3.79
x3ZrZjR2Fbs,Other,2020-07-04,3219.0,115239,266.0,19,2.52,Short,84,Saturday,0.23,2.79
Tvnv_JyZzc4,Clip,2020-07-03,3107.0,154615,122.0,24,4.07,Short,62,Friday,0.08,2.01
HuYiAMgPAcs,Romance,2020-07-03,29910.0,613434,781.0,21,7.05,Short,81,Friday,0.13,4.88
ZMcFM3fWKTw,Teaser,2020-07-02,29164.0,1199375,836.0,3,2.53,Short,50,Thursday,0.07,2.43
XNT-bKXucrI,Other,2020-07-02,5389.0,130051,480.0,6,2.45,Short,68,Thursday,0.37,4.14
ei8GvX_duCI,Comedy,2020-07-01,1359.0,69006,70.0,27,2.62,Short,79,Wednesday,0.1,1.97
285tgWqHJEw,Other,2020-06-30,4480.0,150701,190.0,19,3.37,Short,98,Tuesday,0.13,2.97
WoytihkwgXM,Other,2020-06-28,100106.0,6944192,2606.0,17,2.6,Short,50,Sunday,0.04,1.44
GhBuKV2WWVw,Interview,2020-06-27,1400.0,52216,58.0,21,4.13,Short,81,Saturday,0.11,2.68
yVwl3E9sKFE,Other,2020-06-26,64800.0,1242068,3944.0,30,2.7,Short,64,Friday,0.32,5.22
4cUSHVCh0RE,Other,2020-06-26,27176.0,529862,957.0,25,6.58,Short,76,Friday,0.18,5.13
kG7X5uOhdJg,Other,2020-06-26,15538.0,494940,1422.0,30,10.13,Long,54,Friday,0.29,3.14
VIkop8AAe_k,Other,2020-06-25,19573.0,525708,486.0,26,3.2,Short,56,Thursday,0.09,3.72
0tSXkqt3uLQ,Other,2020-06-24,717.0,31367,91.0,20,2.12,Short,62,Wednesday,0.29,2.29
YlkYYqCqlcE,Other,2020-06-23,6052.0,443266,402.0,23,2.72,Short,69,Tuesday,0.09,1.37
brKwPqQip-k,Other,2020-06-21,15157.0,522395,266.0,28,13.1,Long,100,Sunday,0.05,2.9
hSkN2q7O014,Other,2020-06-21,9876.0,319978,185.0,30,3.8,Short,58,Sunday,0.06,3.09
Uvj3b_YD9ak,Comedy,2020-06-20,2828.0,84079,61.0,3,3.22,Short,65,Saturday,0.07,3.36
e_p7PLsOyBs,Other,2020-06-20,61415.0,1185110,1200.0,3,9.07,Short,87,Saturday,0.1,5.18
KPetjVj1c9A,Other,2020-06-19,1317.0,52128,121.0,23,4.87,Short,92,Friday,0.23,2.53
4MGReT9-cAg,Teaser,2020-06-19,207164.0,13510094,6896.0,23,2.52,Short,85,Friday,0.05,1.53
DG_GktpyPsM,Other,2020-06-18,123747.0,2221449,9283.0,22,20.45,Long,51,Thursday,0.42,5.57
0c25HAe8IAk,Other,2020-06-17,10438.0,427802,284.0,28,13.57,Long,81,Wednesday,0.07,2.44
FvL3OuHqB98,Other,2020-06-16,793.0,19071,33.0,27,7.15,Short,79,Tuesday,0.17,4.16
vHz-n1Eso48,Other,2020-06-16,5284.0,208456,153.0,9,2.43,Short,67,Tuesday,0.07,2.53
y6O7rqg0u2s,Other,2020-06-15,809.0,32786,26.0,27,9.7,Short,70,Monday,0.08,2.47
EpEoDqGuLbY,Other,2020-06-12,9423.0,331566,355.0,27,47.3,Long,91,Friday,0.11,2.84
kq3prKemM3U,Teaser,2020-06-11,6861.0,257112,161.0,16,2.02,Short,97,Thursday,0.06,2.67
QVjh_6tmEBw,Other,2020-06-10,14163.0,261166,413.0,22,8.9,Short,84,Wednesday,0.16,5.42
0a5F2AcGJMk,Other,2020-06-09,109539.0,2755234,3880.0,15,1.2,Short,100,Tuesday,0.14,3.98
LEvTG8XeW14,Other,2020-06-08,1611.0,74576,83.0,21,3.17,Short,58,Monday,0.11,2.16
01h3hZbGu8c,Other,2020-06-07,19678.0,657266,319.0,22,10.73,Long,79,Sunday,0.05,2.99
pa6laB9orDQ,Other,2020-06-06,6686.0,259728,260.0,27,3.83,Short,80,Saturday,0.1,2.57
gP_tCFWvEi0,Other,2020-06-05,8525.0,178318,221.0,3,6.9,Short,96,Friday,0.12,4.78
OfPxG3dUXLQ,Other,2020-06-05,1112.0,20132,71.0,18,4.47,Short,85,Friday,0.35,5.52
XTB6NtbPs6w,Other,2020-06-04,49140.0,766523,1936.0,21,19.7,Long,65,Thursday,0.25,6.41
CWs1KXP7ng4,Romance,2020-06-04,1360.0,50336,41.0,17,3.93,Short,93,Thursday,0.08,2.7
H5Lp4BGXrMk,Comedy,2020-06-03,76626.0,1709266,1117.0,26,4.23,Short,75,Wednesday,0.07,4.48
LMQ-iJ9wiiA,Clip,2020-06-02,16801.0,462405,736.0,21,3.48,Short,88,Tuesday,0.16,3.63
EXBg8ebMq4A,Comedy,2020-06-02,13793.0,217184,332.0,31,3.08,Short,99,Tuesday,0.15,6.35
zKi9GOU54nU,Other,2020-06-01,3478.0,75632,147.0,24,6.6,Short,86,Monday,0.19,4.6
94DgUCUcjFs,Comedy,2020-06-01,18325.0,326284,428.0,26,4.82,Short,99,Monday,0.13,5.62
8BmPp-GbY6c,Other,2020-05-31,37902.0,1170129,827.0,29,18.2,Long,96,Sunday,0.07,3.24
KDv1TVDSGaQ,Other,2020-05-30,6807.0,248100,245.0,24,7.22,Short,65,Saturday,0.1,2.74
KtMQyBK1-Mw,Other,2020-05-28,1795.0,99808,87.0,7,2.12,Short,90,Thursday,0.09,1.8
5kn09vc8tcI,Other,2020-05-28,32038.0,708827,650.0,13,7.5,Short,78,Thursday,0.09,4.52
CvfTqvQ26C8,Other,2020-05-27,55408.0,2259258,2843.0,30,4.95,Short,82,Wednesday,0.13,2.45
rqS2pnylNa8,Other,2020-05-26,1225.0,58352,98.0,17,10.57,Long,74,Tuesday,0.17,2.1
SOf7cIdsxto,Other,2020-05-25,17645.0,1281963,259.0,17,2.5,Short,100,Monday,0.02,1.38
BBdz6ZX373s,Other,2020-05-24,8011.0,439019,659.0,18,7.13,Short,95,Sunday,0.15,1.82
4uv50QxyPrk,Horror,2020-05-23,933.0,40457,13.0,23,67.93,Long,100,Saturday,0.03,2.31
DQ05VweGDB8,Other,2020-05-22,36519.0,731625,1147.0,22,7.2,Short,87,Friday,0.16,4.99
CYxKLE9YoDM,Other,2020-05-22,133631.0,2306321,8528.0,19,19.45,Long,48,Friday,0.37,5.79
KY3D-htXKFE,Teaser,2020-05-21,70184.0,5926915,2454.0,9,2.38,Short,100,Thursday,0.04,1.18
pKJVT7VZanU,Other,2020-05-20,50394.0,12926755,0.0,17,1.42,Short,55,Wednesday,0.0,0.39
RGHsRLPEx6c,Other,2020-05-20,36375.0,838644,421.0,28,2.73,Short,70,Wednesday,0.05,4.34
ky4Gw0PGIXI,Other,2020-05-19,52003.0,2072874,592.0,9,2.18,Short,100,Tuesday,0.03,2.51
ZfXpo1ghR8s,Teaser,2020-05-18,22125.0,1357328,929.0,27,1.53,Short,96,Monday,0.07,1.63
O80gwpaGQXY,Other,2020-05-17,188332.0,23942424,2194.0,18,3.1,Short,73,Sunday,0.01,0.79
NxG9wdLYkhQ,Clip,2020-05-16,1239.0,54526,61.0,13,2.73,Short,75,Saturday,0.11,2.27
mSzmNFTlyrc,Teaser,2020-05-16,12413.0,1176329,299.0,3,2.88,Short,97,Saturday,0.03,1.06
U4VZQEgymA0,Other,2020-05-15,1964.0,84701,55.0,3,68.23,Long,98,Friday,0.06,2.32
IolAJRGpLZg,Clip,2020-05-15,3545.0,95243,96.0,18,1.95,Short,86,Friday,0.1,3.72
l-7X0HpR99c,Song,2020-05-14,2401.0,83918,85.0,17,1.97,Short,61,Thursday,0.1,2.86
Kxqd-M6k4S0,Comedy,2020-05-13,57283.0,1249701,773.0,29,4.32,Short,83,Wednesday,0.06,4.58
vmLCfFZiCAc,Other,2020-05-12,92653.0,5852385,2537.0,9,1.9,Short,59,Tuesday,0.04,1.58
vaZxu0tAFog,Action,2020-05-12,2608.0,99129,238.0,31,3.25,Short,89,Tuesday,0.24,2.63
dVcrqZv9qY8,Comedy,2020-05-11,764.0,40225,23.0,13,2.35,Short,86,Monday,0.06,1.9
mx2g-7Y0XjA,Romance,2020-05-11,78128.0,6450779,1626.0,6,2.75,Short,84,Monday,0.03,1.21
B-7jmhmQxQY,Other,2020-05-10,36133.0,1464133,766.0,34,4.17,Short,58,Sunday,0.05,2.47
jjT1HNojG4s,Other,2020-05-10,2874.0,110091,72.0,18,13.22,Long,86,Sunday,0.07,2.61
EbnesllsLuU,Other,2020-05-09,2393.0,84350,66.0,15,1.9,Short,33,Saturday,0.08,2.84
ul3XJzfj3Iw,Other,2020-05-08,27865.0,641872,783.0,29,7.12,Short,93,Friday,0.12,4.34
YSEVaVc-nOo,Teaser,2020-05-08,164107.0,8403227,7224.0,10,2.45,Short,95,Friday,0.09,1.95
1Upgl-MYCFM,Teaser,2020-05-07,11523.0,229939,229.0,17,2.67,Short,91,Thursday,0.1,5.01
ItBMTvTfhxQ,Other,2020-05-06,3022.0,145694,134.0,9,2.58,Short,61,Wednesday,0.09,2.07
y20mK-Gudms,Action,2020-05-05,1313.0,35450,70.0,19,4.32,Short,31,Tuesday,0.2,3.7
jmgLEnbp5go,Comedy,2020-05-05,76355.0,1531142,1421.0,29,4.62,Short,79,Tuesday,0.09,4.99
9xksXQyKYWg,Other,2020-05-04,13715.0,429365,223.0,6,6.0,Short,94,Monday,0.05,3.19
DB9gteLd8hE,Comedy,2020-05-04,22759.0,928365,110.0,24,4.58,Short,93,Monday,0.01,2.45
RyR811WhA_k,Other,2020-05-03,34975.0,2300440,878.0,32,3.63,Short,62,Sunday,0.04,1.52
cP8_4VJ3-x0,Action,2020-05-02,1270.0,41863,62.0,19,5.87,Short,105,Saturday,0.15,3.03
sDwQebnonBc,Other,2020-05-01,40405.0,751733,2192.0,3,3.83,Short,80,Friday,0.29,5.37
Enz2MTjd1mk,Action,2020-05-01,30745.0,407348,1035.0,33,8.78,Short,80,Friday,0.25,7.55
3YvJAfpjOTg,Action,2020-04-29,10975.0,490794,139.0,22,0.97,Short,61,Wednesday,0.03,2.24
Vw5jb0m6HlQ,Teaser,2020-04-28,1780.0,72263,117.0,19,1.23,Short,57,Tuesday,0.16,2.46
P6aPg3YBvBQ,Comedy,2020-04-28,121133.0,3971634,1395.0,29,4.5,Short,68,Tuesday,0.04,3.05
9uak3eNiov0,Action,2020-04-27,1529.0,64400,167.0,31,1.02,Short,82,Monday,0.26,2.37
rEzhJr2jtdo,Other,2020-04-27,12037.0,193296,218.0,29,3.07,Short,96,Monday,0.11,6.23
yUV-zC25Ze8,Other,2020-04-26,1118.0,39470,87.0,14,1.0,Short,27,Sunday,0.22,2.83
zmB1BVKkwVk,Other,2020-04-26,42379.0,2060494,1719.0,29,19.75,Long,96,Sunday,0.08,2.06
ssrAiGH4WV0,Other,2020-04-24,38139.0,760004,1575.0,19,8.87,Short,84,Friday,0.21,5.02
dZFR8y5rpnM,Other,2020-04-23,936.0,22067,106.0,21,3.72,Short,56,Thursday,0.48,4.24
huREUI4Z-a4,Other,2020-04-23,12205.0,1846691,411.0,22,13.78,Long,65,Thursday,0.02,0.66
Bg5WSvcAPQg,Other,2020-04-22,127362.0,29808577,0.0,30,2.88,Short,45,Wednesday,0.0,0.43
IzSaHRfEU9I,Comedy,2020-04-22,8766.0,337284,43.0,22,3.17,Short,91,Wednesday,0.01,2.6
xBLk8Mgdf8E,Action,2020-04-21,32659.0,713275,931.0,3,6.45,Short,93,Tuesday,0.13,4.58
2NQH0Zn-zl4,Other,2020-04-21,10231.0,166137,247.0,29,2.85,Short,60,Tuesday,0.15,6.16
kVctkxvfWnM,Comedy,2020-04-20,36119.0,1339161,685.0,22,2.4,Short,73,Monday,0.05,2.7
v45lih_3uSQ,Other,2020-04-20,1652.0,221152,167.0,23,4.73,Short,61,Monday,0.08,0.75
xBsXpbfuJj4,Teaser,2020-04-19,20165.0,1247315,788.0,6,2.03,Short,54,Sunday,0.06,1.62
SarjxS9nxvA,Romance,2020-04-18,238610.0,12940731,6275.0,34,11.78,Long,90,Saturday,0.05,1.84
sRv_Px28swQ,Teaser,2020-04-18,2190.0,103070,132.0,21,10.55,Long,90,Saturday,0.13,2.12
Qs8nl1ZK1uw,Romance,2020-04-17,31728.0,535906,690.0,3,8.67,Short,98,Friday,0.13,5.92
kwTNtpx13ZE,Teaser,2020-04-17,116436.0,7667371,6799.0,6,1.73,Short,98,Friday,0.09,1.52
6HjHn0ki8zE,Action,2020-04-16,3353.0,102104,176.0,25,1.97,Short,75,Thursday,0.17,3.28
2Ka_p1L1yhU,Announcement,2020-04-16,5906.0,223972,275.0,18,2.1,Short,93,Thursday,0.12,2.64
ZSfl2yVmXt8,Action,2020-04-15,139005.0,4071168,4269.0,19,3.0,Short,57,Wednesday,0.1,3.41
QjnmPazw9EI,Other,2020-04-14,144759.0,3227981,2247.0,28,3.8,Short,90,Tuesday,0.07,4.48
wQU4sF1E7Uo,Other,2020-04-13,9747.0,730328,91.0,21,2.4,Short,65,Monday,0.01,1.33
xTbE3JkJfOs,Other,2020-04-12,6593.0,345310,323.0,34,4.97,Short,66,Sunday,0.09,1.91
xJfbh_W_rLY,Other,2020-04-12,947.0,51973,0.0,30,2.75,Short,54,Sunday,0.0,1.82
KEHGy1HObnA,Other,2020-04-11,37881.0,12462549,600.0,29,2.75,Short,52,Saturday,0.0,0.3
FpIp0-QrHkE,Clip,2020-04-11,35109.0,1408213,1307.0,13,2.55,Short,57,Saturday,0.09,2.49
ZrIQ4Y7Nyho,Other,2020-04-10,49741.0,1084983,929.0,33,4.25,Short,63,Friday,0.09,4.58
uidhrz19uwE,Comedy,2020-04-10,47594.0,1623502,2969.0,18,3.65,Short,92,Friday,0.18,2.93
G52W1D7cMBw,Other,2020-04-09,36670.0,1516735,361.0,26,8.15,Short,59,Thursday,0.02,2.42
2ez8LuqNibg,Other,2020-04-09,21874.0,665013,622.0,23,10.5,Long,99,Thursday,0.09,3.29
uBoijwzuY5s,Song,2020-04-08,57616.0,3211463,1984.0,35,2.63,Short,82,Wednesday,0.06,1.79
lMeS_xoQNHU,Other,2020-04-08,5732.0,365728,195.0,31,3.48,Short,86,Wednesday,0.05,1.57
GJQsT-h0FTU,Action,2020-04-07,285888.0,6617050,11783.0,21,3.05,Short,63,Tuesday,0.18,4.32
DcaXUV2v3AE,Other,2020-04-06,1723.0,75722,66.0,19,4.28,Short,84,Monday,0.09,2.28
l8_5TpRQVv0,Other,2020-04-06,1590.0,183042,110.0,3,5.53,Short,57,Monday,0.06,0.87
kqKJhFpH0vQ,Comedy,2020-04-04,13467.0,389702,355.0,29,2.63,Short,87,Saturday,0.09,3.46
9Gg6rVq8H-0,Teaser,2020-04-03,39695.0,2363037,1033.0,18,2.67,Short,77,Friday,0.04,1.68
HmnDPSBHzCE,Other,2020-04-02,115918.0,1885659,5180.0,34,16.37,Long,70,Thursday,0.27,6.15
4Y36lbUM0_c,Other,2020-04-02,321006.0,16706632,6379.0,34,10.18,Long,66,Thursday,0.04,1.92
UXdK7fgEwV0,Other,2020-04-01,33973.0,1230483,1971.0,34,3.38,Short,75,Wednesday,0.16,2.76
jlEbFvGwcUc,Other,2020-04-01,48342.0,1493628,508.0,34,4.3,Short,68,Wednesday,0.03,3.24
cFI5Rbxo_ms,Other,2020-03-31,831.0,121968,0.0,31,2.6,Short,56,Tuesday,0.0,0.68
6TPML831oPk,Other,2020-03-30,605.0,21616,36.0,29,2.13,Short,97,Monday,0.17,2.8
SBrlNJn9q2Y,Other,2020-03-30,1348.0,93003,100.0,25,2.32,Short,57,Monday,0.11,1.45
TNnqobZlPbk,Action,2020-03-29,182402.0,19617749,3777.0,35,1.87,Short,63,Sunday,0.02,0.93
qk-mt3o5n2I,Other,2020-03-29,9594.0,484748,301.0,30,11.92,Long,95,Sunday,0.06,1.98
aHm4djE8EFU,Other,2020-03-28,271.0,12450,17.0,22,7.05,Short,64,Saturday,0.14,2.18
BdV6vpqbkRc,Other,2020-03-27,40694.0,887541,1491.0,3,9.63,Short,84,Friday,0.17,4.59
dUvI2KD3f9c,Song,2020-03-27,4821.0,191255,150.0,22,2.4,Short,90,Friday,0.08,2.52
OA4zeY5T0Uk,Other,2020-03-26,4276.0,200759,138.0,31,12.62,Long,97,Thursday,0.07,2.13
UYFAXB_R1ps,Other,2020-03-25,413.0,18596,20.0,33,2.63,Short,100,Wednesday,0.11,2.22
RGOqzw604QY,Other,2020-03-25,8823.0,614897,403.0,35,5.62,Short,82,Wednesday,0.07,1.43
46cXFUzR9XM,Song,2020-03-24,1571248.0,96295439,26302.0,32,2.63,Short,69,Tuesday,0.03,1.63
V7FkLydsh2E,Other,2020-03-23,1649.0,275623,72.0,31,1.3,Short,80,Monday,0.03,0.6
AQZnn8j-7LM,Other,2020-03-22,13381.0,625110,790.0,31,10.98,Long,70,Sunday,0.13,2.14
Fg7c3ls-e30,Teaser,2020-03-21,28454.0,8110953,651.0,34,9.95,Short,92,Saturday,0.01,0.35
IxOoZahHzs8,Other,2020-03-20,34614.0,854441,740.0,17,8.57,Short,83,Friday,0.09,4.05
4R2O1SeB0TM,Other,2020-03-20,76561.0,20286439,0.0,30,1.63,Short,48,Friday,0.0,0.38
b1o2jMoTOts,Other,2020-03-19,33351.0,674530,1307.0,14,4.4,Short,61,Thursday,0.19,4.94
kTxoUFgq5F8,Other,2020-03-19,3843.0,377717,263.0,34,1.18,Short,90,Thursday,0.07,1.02
iYTvCx5egCQ,Comedy,2020-03-18,51247.0,4064976,439.0,33,2.57,Short,88,Wednesday,0.01,1.26
OST0GGS-O4M,Song,2020-03-17,13985.0,226538,567.0,29,7.92,Short,67,Tuesday,0.25,6.17
YLuDb7SFhkk,Other,2020-03-16,360.0,31686,27.0,37,2.2,Short,93,Monday,0.09,1.14
PLMBPC2obFE,Other,2020-03-16,27653.0,1948560,700.0,35,4.83,Short,99,Monday,0.04,1.42
Wq9jbgj89ow,Other,2020-03-15,23296.0,1072354,717.0,27,12.57,Long,77,Sunday,0.07,2.17
Wpv7VkpcT0k,Clip,2020-03-14,2516.0,301611,92.0,32,2.38,Short,81,Saturday,0.03,0.83
6kHxSTGYkAo,Teaser,2020-03-14,614.0,47468,53.0,23,0.62,Short,94,Saturday,0.11,1.29
4j8OO2wOGs8,Other,2020-03-13,1247.0,71872,60.0,44,1.9,Short,86,Friday,0.08,1.74
zqBHAsdmVBc,Comedy,2020-03-13,27924.0,1406075,259.0,27,3.32,Short,82,Friday,0.02,1.99
QJ4p7MKbM8U,Teaser,2020-03-12,33666.0,2237315,1272.0,19,2.43,Short,99,Thursday,0.06,1.5
7hkYkfnaFr4,Comedy,2020-03-10,38373.0,2245312,994.0,17,2.25,Short,71,Tuesday,0.04,1.71
weSpa0ei7Yw,Teaser,2020-03-10,1154.0,101272,49.0,26,2.2,Short,42,Tuesday,0.05,1.14
Huw_oVoAGE0,Other,2020-03-09,735.0,33522,20.0,3,1.78,Short,74,Monday,0.06,2.19
SqZ6AkkqM6Q,Other,2020-03-09,9446.0,735157,1065.0,20,2.27,Short,63,Monday,0.14,1.28
WsG33ln_MnE,Other,2020-03-08,1057.0,44713,38.0,11,4.53,Short,95,Sunday,0.08,2.36
wFNqJ2LO9ts,Other,2020-03-08,3608.0,133162,85.0,23,2.75,Short,65,Sunday,0.06,2.71
g6Bcp849XEs,Comedy,2020-03-08,51721.0,2677133,677.0,26,6.9,Short,82,Sunday,0.03,1.93
Vqamcl6pNGU,Teaser,2020-03-07,43987.0,1190995,0.0,12,1.87,Short,71,Saturday,0.0,3.69
K2TTV-BLnrk,Other,2020-03-07,39750.0,2103169,522.0,36,3.85,Short,100,Saturday,0.02,1.89
6t69UY9JgvY,Other,2020-03-06,37116.0,734384,833.0,28,7.72,Short,75,Friday,0.11,5.05
npfahtvaWOk,Comedy,2020-03-05,140784.0,8612207,1302.0,28,5.35,Short,70,Thursday,0.02,1.63
cIY3mpK3ElY,Other,2020-03-05,5554.0,175877,101.0,6,1.87,Short,55,Thursday,0.06,3.16
GlmK1jzlK8I,Clip,2020-03-04,238391.0,30654765,3683.0,35,2.45,Short,74,Wednesday,0.01,0.78
WPlXILGpOFk,Teaser,2020-03-04,46156.0,5675854,1098.0,28,1.75,Short,89,Wednesday,0.02,0.81
alOqFkI85WE,Teaser,2020-03-03,15203.0,3865753,0.0,26,0.92,Short,73,Tuesday,0.0,0.39
ukR3-X_zE3g,Clip,2020-03-03,1300.0,102016,53.0,16,2.4,Short,57,Tuesday,0.05,1.27
7srSI5xN1wY,Other,2020-03-02,8442.0,442941,130.0,36,4.87,Short,77,Monday,0.03,1.91
e40WAa1ubnw,Other,2020-03-02,662.0,35624,25.0,30,1.3,Short,99,Monday,0.07,1.86
0tEj_vJTaPk,Other,2020-03-01,6867.0,351188,139.0,35,10.68,Long,77,Sunday,0.04,1.96
rA7CnQwKxbQ,Other,2020-02-29,31275.0,1605826,1603.0,33,4.87,Short,69,Saturday,0.1,1.95
ErKm1GUGZss,Other,2020-02-28,34538.0,828657,1210.0,24,8.97,Short,75,Friday,0.15,4.17
rpeOrmjRK90,Teaser,2020-02-28,11101.0,1472346,328.0,35,1.85,Short,45,Friday,0.02,0.75
GbvGAxm7K2Y,Other,2020-02-28,13842.0,748533,416.0,29,8.1,Short,100,Friday,0.06,1.85
XJXbVbIFfsQ,Other,2020-02-26,8274.0,306344,489.0,28,1.5,Short,65,Wednesday,0.16,2.7
BGmbIevj1zg,Clip,2020-02-25,2584.0,92296,83.0,35,3.77,Short,46,Tuesday,0.09,2.8
w_6bEt34FXk,Action,2020-02-24,7031.0,279995,194.0,33,2.52,Short,93,Monday,0.07,2.51
zz3XO_MnGV0,Teaser,2020-02-24,1408.0,137536,50.0,30,0.97,Short,56,Monday,0.04,1.02
NEb-HU-TwvM,Clip,2020-02-22,114102.0,2922122,3919.0,30,4.45,Short,82,Saturday,0.13,3.9
V-ZFK2pyfkc,Other,2020-02-21,30408.0,610350,554.0,23,8.97,Short,82,Friday,0.09,4.98
C7b0TAg0xMU,Comedy,2020-02-21,2796.0,255504,27.0,30,1.27,Short,90,Friday,0.01,1.09
MsRshsj2iMA,Other,2020-02-20,472.0,16510,18.0,30,4.95,Short,96,Thursday,0.11,2.86
lnb17xWM374,Clip,2020-02-19,777.0,56061,39.0,16,2.42,Short,81,Wednesday,0.07,1.39
oe8R7EqMuQs,Romance,2020-02-19,1011.0,46027,52.0,35,4.07,Short,69,Wednesday,0.11,2.2
6sQ85MrpOPI,Teaser,2020-02-18,142785.0,12040374,4420.0,29,2.23,Short,100,Tuesday,0.04,1.19
b6AJDJYZPyc,Romance,2020-02-17,3778.0,184948,51.0,33,4.63,Short,100,Monday,0.03,2.04
8GrNoVevMNI,Other,2020-02-15,400.0,31366,32.0,20,5.42,Short,58,Saturday,0.1,1.28
7E5Mc_HsYzo,Song,2020-02-14,1783.0,96230,79.0,18,0.95,Short,75,Friday,0.08,1.85
Lgnc1MZ-3fI,Other,2020-02-13,19755.0,742199,312.0,25,2.83,Short,51,Thursday,0.04,2.66
3SzjxMXEBqA,Other,2020-02-12,51839.0,831077,663.0,31,3.7,Short,100,Wednesday,0.08,6.24
9Vu-LXfBRbQ,Romance,2020-02-10,33567.0,3150141,856.0,33,2.77,Short,95,Monday,0.03,1.07
ygCgojcgBfY,Clip,2020-02-09,1470.0,104975,79.0,28,2.62,Short,72,Sunday,0.08,1.4
qi9uJRkjOhs,Other,2020-02-08,742.0,35037,31.0,29,4.88,Short,67,Saturday,0.09,2.12
ivlrCCCnR2I,Comedy,2020-02-06,61803.0,1550707,1392.0,30,3.83,Short,74,Thursday,0.09,3.99
BSyeRmsLFcI,Other,2020-02-04,2979.0,137916,171.0,23,4.27,Short,57,Tuesday,0.12,2.16
D7felvV3JRc,Comedy,2020-02-03,125519.0,10199700,3246.0,22,2.33,Short,81,Monday,0.03,1.23
zSI8eaE262g,Comedy,2020-02-01,851.0,52354,35.0,35,5.9,Short,73,Saturday,0.07,1.63
EVotlHGOhW0,Other,2020-01-31,29559.0,1916778,1058.0,27,4.07,Short,56,Friday,0.06,1.54
y8HV9DLX4Ms,Teaser,2020-01-30,9448.0,2639802,747.0,35,1.6,Short,55,Thursday,0.03,0.36
Yc1TdXWLjVo,Other,2020-01-29,46377.0,1241835,1975.0,12,16.83,Long,73,Wednesday,0.16,3.73
ufHrTI_E4Kk,Comedy,2020-01-28,174789.0,4447915,2306.0,27,6.92,Short,89,Tuesday,0.05,3.93
o8ZKUXY16IE,Other,2020-01-27,14948.0,512930,427.0,30,12.57,Long,70,Monday,0.08,2.91
U1rLQVG90qg,Other,2020-01-26,87267.0,5844519,2098.0,21,5.12,Short,88,Sunday,0.04,1.49
l7N7OzAdshc,Other,2020-01-26,3931.0,160207,177.0,34,2.78,Short,91,Sunday,0.11,2.45
APJrlNPLnrE,Other,2020-01-25,272.0,15941,17.0,23,4.03,Short,74,Saturday,0.11,1.71
ElkOgzolU5k,Interview,2020-01-24,194293.0,10465791,4830.0,21,6.3,Short,70,Friday,0.05,1.86
ZXnXBEhRfeM,Other,2020-01-24,2027.0,135701,50.0,30,1.87,Short,79,Friday,0.04,1.49
kpqyhLHq4BQ,Other,2020-01-23,84102.0,1724623,1214.0,3,2.07,Short,59,Thursday,0.07,4.88
Ud9e64ADKlg,Teaser,2020-01-23,429.0,21127,19.0,24,1.88,Short,99,Thursday,0.09,2.03
Q6UCPHLmahg,Teaser,2020-01-23,19965.0,453971,0.0,19,1.9,Short,71,Thursday,0.0,4.4
Kt4Gq_8ZhG8,Clip,2020-01-23,6349.0,821992,113.0,32,2.38,Short,74,Thursday,0.01,0.77
m5SYQmLwDJE,Romance,2020-01-23,3202.0,123074,53.0,19,2.48,Short,84,Thursday,0.04,2.6
U7ocC5OEixE,Other,2020-01-22,27529.0,883047,357.0,20,1.77,Short,81,Wednesday,0.04,3.12
nRGkkCkaAf4,Other,2020-01-21,18542.0,665141,440.0,33,2.47,Short,86,Tuesday,0.07,2.79
3gKfU7RadZw,Other,2020-01-21,6604.0,185917,121.0,35,4.2,Short,54,Tuesday,0.07,3.55
0Ro_X0JY5Tw,Romance,2020-01-21,1372.0,147158,247.0,3,1.7,Short,66,Tuesday,0.17,0.93
f-eqriYWxo4,Other,2020-01-20,2369.0,122186,89.0,29,12.18,Long,84,Monday,0.07,1.94
_AlGz1lki8g,Other,2020-01-19,321.0,11778,40.0,14,2.18,Short,91,Sunday,0.34,2.73
LwqYVSWQX-I,Comedy,2020-01-19,7342.0,237664,172.0,31,1.4,Short,78,Sunday,0.07,3.09
S6ZULEBt_YQ,Other,2020-01-18,2921.0,136553,70.0,20,12.57,Long,71,Saturday,0.05,2.14
nAwLAzewJIc,Other,2020-01-18,529.0,29710,74.0,41,4.47,Short,78,Saturday,0.25,1.78
8hVSqFWiJ2s,Other,2020-01-17,1794.0,80197,76.0,31,3.98,Short,98,Friday,0.09,2.24
5gBF2Iv5Slw,Comedy,2020-01-17,47786.0,2912400,369.0,29,2.77,Short,87,Friday,0.01,1.64
7yvHFN_snFM,Teaser,2020-01-16,1826.0,111218,140.0,18,0.95,Short,46,Thursday,0.13,1.64
R_jGw0VmCgA,Other,2020-01-16,2622.0,75378,129.0,24,1.9,Short,70,Thursday,0.17,3.48
dQ7vJZT5hzg,Other,2020-01-15,31029.0,11536413,611.0,40,2.73,Short,84,Wednesday,0.01,0.27
o8ClkaDxRao,Other,2020-01-14,40400.0,3425305,495.0,29,3.1,Short,65,Tuesday,0.01,1.18
uIesw2JkDTA,Other,2020-01-14,45705.0,2496520,1796.0,30,6.98,Short,45,Tuesday,0.07,1.83
RaCcZBF12-8,Romance,2020-01-12,21176.0,649656,220.0,32,2.03,Short,93,Sunday,0.03,3.26
F3yNKWavOMc,Other,2020-01-11,926.0,20693,28.0,28,1.17,Short,97,Saturday,0.14,4.47
kTDhBWmvOck,Other,2020-01-10,497.0,26822,46.0,29,4.37,Short,73,Friday,0.17,1.85
p7SV59UtA2I,Other,2020-01-10,5705.0,196844,217.0,27,2.35,Short,53,Friday,0.11,2.9
QO_dZQdnv_w,Comedy,2020-01-09,15440.0,531207,185.0,33,2.52,Short,78,Thursday,0.03,2.91
sFnGc12croo,Action,2020-01-08,75346.0,2434208,1545.0,37,6.47,Short,63,Wednesday,0.06,3.1
qx6z-ut__ik,Horror,2020-01-08,44929.0,1022240,740.0,14,6.7,Short,95,Wednesday,0.07,4.4
AlOlJ7sZ9Zk,Teaser,2020-01-07,8353.0,674367,420.0,22,2.38,Short,52,Tuesday,0.06,1.24
jNrF5kwI3pA,Action,2020-01-07,48555.0,3001919,735.0,34,2.15,Short,59,Tuesday,0.02,1.62
XXHb9i-xXMU,Teaser,2020-01-06,10034.0,677987,325.0,5,1.7,Short,66,Monday,0.05,1.48
1QKwHWgMtIA,Action,2020-01-05,138914.0,8152901,2130.0,31,2.5,Short,55,Sunday,0.03,1.7
7PyH1DqZIOg,Other,2020-01-04,3214.0,154843,536.0,16,39.53,Long,72,Saturday,0.35,2.08
KyMhXzJ8I6U,Other,2020-01-03,6916.0,240519,158.0,32,2.05,Short,72,Friday,0.07,2.88
1LjMAL4nvlg,Other,2020-01-03,23705.0,638030,996.0,3,7.9,Short,93,Friday,0.16,3.72
vJlntV2iFEQ,Other,2020-01-01,313.0,18262,22.0,11,1.55,Short,55,Wednesday,0.12,1.71
rbUsBTlB3fA,Horror,2020-01-01,22221.0,2519418,1514.0,34,2.9,Short,92,Wednesday,0.06,0.88
yVEq9qhuF18,Other,2020-01-01,458.0,11308,25.0,31,1.38,Short,62,Wednesday,0.22,4.05
6wJyU2ske8Y,Other,2019-12-31,12210.0,872132,387.0,26,30.03,Long,91,Tuesday,0.04,1.4
ZzMLjFj9zLk,Other,2019-12-31,2728.0,131804,217.0,38,3.85,Short,66,Tuesday,0.16,2.07
bs5-UeGWu-8,Clip,2019-12-30,3318.0,260888,93.0,24,1.92,Short,56,Monday,0.04,1.27
jaw3_eAT1bE,Announcement,2019-12-30,3143.0,116464,182.0,34,4.2,Short,87,Monday,0.16,2.7
NF5Wn2HqdI8,Clip,2019-12-29,1099.0,98810,52.0,33,2.32,Short,54,Sunday,0.05,1.11
v73jD3w8Vz4,Clip,2019-12-28,1912.0,92786,79.0,29,1.62,Short,57,Saturday,0.09,2.06
HGJwImVpfms,Other,2019-12-28,10207.0,667570,392.0,28,2.07,Short,69,Saturday,0.06,1.53
G7zmRJcwqV4,Clip,2019-12-27,432.0,13373,27.0,36,1.32,Short,58,Friday,0.2,3.23
cfjfT1uf1zA,Other,2019-12-27,17005.0,412672,421.0,34,8.07,Short,101,Friday,0.1,4.12
kNcOPnpYkIY,Interview,2019-12-27,6648.0,343928,224.0,24,3.85,Short,68,Friday,0.07,1.93
gIpovHGKOYM,Clip,2019-12-26,877.0,24472,33.0,28,1.52,Short,56,Thursday,0.13,3.58
VgwNw2CH9lw,Other,2019-12-26,15194.0,805584,579.0,24,35.45,Long,67,Thursday,0.07,1.89
juNWOvg-vQU,Clip,2019-12-25,1876.0,50415,125.0,15,2.77,Short,68,Wednesday,0.25,3.72
yUYXF8WGt3o,Clip,2019-12-25,832.0,72725,40.0,24,1.93,Short,59,Wednesday,0.06,1.14
fzsxjJ2GwLc,Song,2019-12-25,541.0,15214,23.0,19,2.6,Short,87,Wednesday,0.15,3.56
V6aS8y7mYYE,Clip,2019-12-24,2053.0,112724,93.0,29,2.28,Short,63,Tuesday,0.08,1.82
AS4Z-wXmuP0,Teaser,2019-12-23,39145.0,2251205,1106.0,15,2.4,Short,66,Monday,0.05,1.74
OmJ0ZzMeabg,Comedy,2019-12-22,6612.0,257234,125.0,33,2.3,Short,83,Sunday,0.05,2.57
V_LgU24_Ke4,Comedy,2019-12-21,11587.0,889175,481.0,20,2.32,Short,96,Saturday,0.05,1.3
FmSuS3TH7y8,Comedy,2019-12-20,228697.0,37682424,2224.0,17,2.28,Short,61,Friday,0.01,0.61
OBXQrP4SBj8,Other,2019-12-20,25362.0,586275,699.0,27,7.55,Short,95,Friday,0.12,4.33
qbmDOMS02xs,Other,2019-12-20,1618.0,71387,85.0,34,3.83,Short,95,Friday,0.12,2.27
OBAcYSSUf6o,Teaser,2019-12-18,12888.0,761724,231.0,28,1.25,Short,62,Wednesday,0.03,1.69
dEdd4qcSudI,Other,2019-12-17,254765.0,10289971,5630.0,3,1.77,Short,79,Tuesday,0.05,2.48
B-FXrN66sj8,Clip,2019-12-17,1734.0,279464,55.0,33,5.57,Short,47,Tuesday,0.02,0.62
8kfOkAMPpL4,Other,2019-12-16,1881.0,77238,120.0,3,2.65,Short,47,Monday,0.16,2.44
eW2H66gUpu4,Other,2019-12-14,24206.0,576741,513.0,18,4.23,Short,40,Saturday,0.09,4.2
G2uIII4SNW4,Comedy,2019-12-14,5468.0,404712,658.0,23,2.53,Short,83,Saturday,0.16,1.35
wctr7b3yUd4,Other,2019-12-14,1170.0,37328,61.0,27,1.62,Short,84,Saturday,0.16,3.13
GNxBmlqHCQQ,Other,2019-12-13,779.0,26376,38.0,22,1.48,Short,79,Friday,0.14,2.95
5cJhy-Pqfgc,Other,2019-12-13,30114.0,696875,625.0,24,8.6,Short,81,Friday,0.09,4.32
hsab-HJ7kqc,Teaser,2019-12-13,108432.0,7579958,3635.0,16,2.32,Short,100,Friday,0.05,1.43
33szJHccxLI,Teaser,2019-12-12,792.0,18880,88.0,39,1.62,Short,37,Thursday,0.47,4.19
KY2Ud-aoVCw,Other,2019-12-12,12377.0,604297,342.0,3,25.12,Long,89,Thursday,0.06,2.05
47bXqs0Zs7E,Comedy,2019-12-12,35169.0,2062648,603.0,20,1.8,Short,51,Thursday,0.03,1.71
OnBN5b48HBc,Teaser,2019-12-11,12777.0,749889,233.0,24,3.25,Short,98,Wednesday,0.03,1.7
iUCFv4iAi0U,Other,2019-12-10,797.0,40203,20.0,28,2.28,Short,79,Tuesday,0.05,1.98
zDE7zjiLP5E,Other,2019-12-10,37352.0,28951923,945.0,3,0.52,Short,42,Tuesday,0.0,0.13
UhI49AS3izw,Teaser,2019-12-09,2805.0,95798,129.0,17,0.75,Short,75,Monday,0.13,2.93
Gcba_LfBJug,Teaser,2019-12-09,18890.0,1224648,532.0,30,3.05,Short,65,Monday,0.04,1.54
7uViY3WYzJA,Other,2019-12-06,34508.0,853871,1034.0,3,8.53,Short,93,Friday,0.12,4.04
h0EBaBx1Dn4,Teaser,2019-12-06,5275.0,274247,321.0,13,0.57,Short,92,Friday,0.12,1.92
dJtkCxR1jDE,Other,2019-12-04,17822.0,4695942,0.0,27,1.9,Short,56,Wednesday,0.0,0.38
tNKZUd9guGg,Teaser,2019-12-03,1656.0,94401,459.0,18,1.97,Short,45,Tuesday,0.49,1.75
mCzWXm3RH3Q,Comedy,2019-12-03,633.0,29661,23.0,33,1.43,Short,91,Tuesday,0.08,2.13
s68kNietNeU,Other,2019-12-02,5664.0,156820,149.0,31,8.68,Short,77,Monday,0.1,3.61
_miERuFpyyE,Other,2019-12-01,22862.0,966710,601.0,22,4.38,Short,84,Sunday,0.06,2.36
AJSmPJP5BNc,Other,2019-12-01,3581.0,169511,48.0,17,5.03,Short,90,Sunday,0.03,2.11
6VEydtLPUsM,Interview,2019-11-30,1371.0,94675,254.0,21,3.05,Short,72,Saturday,0.27,1.45
pP4_ztm0JCU,Other,2019-11-30,32585.0,1520298,849.0,37,10.33,Long,89,Saturday,0.06,2.14
YLed8we5VeY,Drama,2019-11-29,1966.0,100065,57.0,18,2.18,Short,84,Friday,0.06,1.96
nL9G6FgmLFg,Other,2019-11-29,30590.0,768866,528.0,19,8.08,Short,90,Friday,0.07,3.98
QAlTeBLhw9M,Other,2019-11-28,10498.0,473557,359.0,13,31.78,Long,79,Thursday,0.08,2.22
g-IOBYjnQzg,Announcement,2019-11-28,1981.0,58030,105.0,5,1.0,Short,49,Thursday,0.18,3.41
-8q9F8P2L4E,Other,2019-11-27,198035.0,28491812,5003.0,31,2.22,Short,58,Wednesday,0.02,0.7
7w3luf6m5rQ,Other,2019-11-27,2549.0,65892,187.0,17,3.63,Short,72,Wednesday,0.28,3.87
eT52Ht-WQpU,Other,2019-11-26,2700.0,137956,59.0,17,1.57,Short,61,Tuesday,0.04,1.96
ceIyRBj2Z2g,Other,2019-11-25,862.0,91656,41.0,27,1.68,Short,64,Monday,0.04,0.94
D6eJo5XdMhc,Other,2019-11-23,65680.0,2408272,1036.0,16,1.48,Short,65,Saturday,0.04,2.73
_xqtWr3-ecI,Action,2019-11-22,591.0,40933,24.0,20,1.27,Short,65,Friday,0.06,1.44
UODJ_Zl6OCs,Other,2019-11-22,23116.0,637014,546.0,27,8.33,Short,81,Friday,0.09,3.63
rWFhEyDcJuo,Song,2019-11-21,5914.0,161644,178.0,32,2.35,Short,92,Thursday,0.11,3.66
2neaSFapc0U,Other,2019-11-20,5963.0,305353,223.0,19,2.55,Short,68,Wednesday,0.07,1.95
ARME_Dthtrk,Clip,2019-11-20,649.0,39046,28.0,27,5.28,Short,48,Wednesday,0.07,1.66
N9YbSexz1NM,Teaser,2019-11-19,654.0,25064,57.0,21,2.55,Short,28,Tuesday,0.23,2.61
2IlxMxLlaLU,Other,2019-11-19,7062.0,188286,106.0,30,1.73,Short,92,Tuesday,0.06,3.75
GdCK_RJcBNw,Other,2019-11-19,427.0,24068,16.0,11,2.57,Short,93,Tuesday,0.07,1.77
1CXulRxJexk,Other,2019-11-18,2541.0,149375,34.0,18,3.7,Short,92,Monday,0.02,1.7
lFAvqutDNzY,Other,2019-11-17,43667.0,8557729,592.0,18,2.08,Short,61,Sunday,0.01,0.51
Cqzpr-QW1cU,Other,2019-11-16,4711.0,231591,75.0,0,1.48,Short,84,Saturday,0.03,2.03
kCc00juclu0,Other,2019-11-16,1671.0,60972,55.0,12,2.67,Short,62,Saturday,0.09,2.74
4rk9ZkKJu6M,Other,2019-11-14,9489.0,472139,253.0,20,10.7,Long,86,Thursday,0.05,2.01
NIXJ1qmFRV0,Other,2019-11-14,393.0,23392,15.0,20,3.35,Short,100,Thursday,0.06,1.68
fbNN1wcrA2I,Comedy,2019-11-14,232.0,22196,14.0,23,2.53,Short,67,Thursday,0.06,1.05
g-4O3XcB3AM,Other,2019-11-14,4018.0,244518,392.0,13,4.67,Short,71,Thursday,0.16,1.64
V5D8SGhGxJA,Other,2019-11-14,9282.0,562044,354.0,27,29.08,Long,88,Thursday,0.06,1.65
hWHxqCn-u5w,Other,2019-11-14,1661.0,80306,40.0,17,1.18,Short,60,Thursday,0.05,2.07
OeNqbLf9uhs,Other,2019-11-14,3005.0,232789,136.0,16,1.73,Short,99,Thursday,0.06,1.29
mclUCJgOkEY,Other,2019-11-13,42536.0,5520648,420.0,32,1.65,Short,68,Wednesday,0.01,0.77
xyspCoEAoTA,Other,2019-11-13,3674.0,135987,72.0,22,8.43,Short,89,Wednesday,0.05,2.7
UK58QvPrje0,Other,2019-11-12,333.0,10189,20.0,21,1.32,Short,84,Tuesday,0.2,3.27
fFj5MpKKqK8,Other,2019-11-12,1288.0,54736,42.0,17,4.48,Short,100,Tuesday,0.08,2.35
ORNNNSMBxuk,Other,2019-11-11,25067.0,1206645,388.0,22,2.13,Short,67,Monday,0.03,2.08
zQpCgLNmSzk,Other,2019-11-11,3242.0,187698,94.0,15,4.2,Short,88,Monday,0.05,1.73
GpmWgWPK2cU,Clip,2019-11-10,61434.0,3412109,1016.0,24,1.88,Short,84,Sunday,0.03,1.8
eAJuUxv6ksg,Other,2019-11-09,6198.0,203198,131.0,20,2.32,Short,81,Saturday,0.06,3.05
oyBL_1h38x0,Other,2019-11-08,3719.0,231624,97.0,12,1.58,Short,45,Friday,0.04,1.61
kjswPgOLapk,Other,2019-11-08,33255.0,937143,786.0,29,8.97,Short,85,Friday,0.08,3.55
nNdiHwtv-oA,Teaser,2019-11-08,2499.0,177847,179.0,11,2.23,Short,57,Friday,0.1,1.41
CFiaeJA7jzA,Other,2019-11-07,16684.0,849616,275.0,17,4.87,Short,71,Thursday,0.03,1.96
oc9Nae664vo,Other,2019-11-06,3398.0,147519,242.0,16,1.48,Short,48,Wednesday,0.16,2.3
QsoR7lPU8fo,Song,2019-11-06,692.0,41029,57.0,25,0.83,Short,59,Wednesday,0.14,1.69
hITHxT3s9bM,Other,2019-11-05,515.0,28929,50.0,15,1.83,Short,87,Tuesday,0.17,1.78
5jaGcM8yiq8,Song,2019-11-05,646.0,33159,38.0,25,1.32,Short,54,Tuesday,0.11,1.95
kagjy20U5QM,Clip,2019-11-04,14793.0,273528,2394.0,9,2.3,Short,44,Monday,0.88,5.41
hhPjEAugv70,Comedy,2019-11-04,3028.0,104370,124.0,25,5.1,Short,71,Monday,0.12,2.9
pe1TO8VlTH0,Other,2019-11-03,428.0,32102,30.0,24,9.83,Short,87,Sunday,0.09,1.33
9Ul4oV1Op5A,Interview,2019-11-02,1511.0,72714,46.0,13,1.03,Short,85,Saturday,0.06,2.08
2JWX9iaKlK0,Other,2019-11-02,16461.0,315004,507.0,20,2.73,Short,53,Saturday,0.16,5.23
fdgrBtqvHzY,Other,2019-11-02,362.0,19721,27.0,25,4.4,Short,100,Saturday,0.14,1.84
7MdFrJmpSCM,Other,2019-11-01,25541.0,730114,431.0,24,9.03,Short,83,Friday,0.06,3.5
BeO3Na_umgo,Other,2019-11-01,321.0,31251,69.0,17,0.67,Short,45,Friday,0.22,1.03
8kOjwh09hXE,Teaser,2019-10-31,2872.0,83995,256.0,48,2.17,Short,46,Thursday,0.3,3.42
lV3fkN4itzo,Other,2019-10-31,8831.0,469234,339.0,21,29.67,Long,92,Thursday,0.07,1.88
rzLaCHdvpT0,Other,2019-10-31,10965.0,476556,92.0,13,2.2,Short,63,Thursday,0.02,2.3
rmOpyDzi6fg,Teaser,2019-10-30,1238.0,51690,100.0,20,1.48,Short,53,Wednesday,0.19,2.4
5jT3wpQX3Vk,Romance,2019-10-29,2844.0,128230,81.0,10,3.52,Short,98,Tuesday,0.06,2.22
_fj0RN3XSWQ,Romance,2019-10-29,8972.0,291201,196.0,13,1.28,Short,91,Tuesday,0.07,3.08
EN5EpTIlfXg,Other,2019-10-28,2082.0,233985,81.0,25,2.15,Short,57,Monday,0.03,0.89
O_ssBG6_3LM,Other,2019-10-27,14812.0,4371262,0.0,22,2.17,Short,72,Sunday,0.0,0.34
CVEGxYw31KM,Other,2019-10-27,11268.0,309948,304.0,17,0.88,Short,88,Sunday,0.1,3.64
5KVQ0bsSlRI,Teaser,2019-10-26,39421.0,4091325,647.0,17,2.0,Short,92,Saturday,0.02,0.96
M8thnIi4uSY,Action,2019-10-25,2490.0,89391,82.0,19,2.22,Short,65,Friday,0.09,2.79
Rzr4OPNZtY4,Teaser,2019-10-24,53093.0,3350160,1001.0,21,2.02,Short,41,Thursday,0.03,1.58
wE34Fp8LVEs,Other,2019-10-24,1346.0,65706,43.0,15,3.07,Short,69,Thursday,0.07,2.05
fVuAM1pp6YY,Other,2019-10-23,10474.0,140259,331.0,24,2.2,Short,40,Wednesday,0.24,7.47
fniwGqinNyI,Other,2019-10-23,2614.0,186968,120.0,21,0.9,Short,85,Wednesday,0.06,1.4
c_twqIkKFl8,Other,2019-10-22,4194.0,1925083,0.0,32,2.1,Short,45,Tuesday,0.0,0.22
gVaJulIZmXo,Teaser,2019-10-22,45387.0,1560618,1472.0,26,1.85,Short,91,Tuesday,0.09,2.91
YXdcCYdK_XY,Other,2019-10-21,14280.0,432655,454.0,22,3.55,Short,42,Monday,0.1,3.3
-7nRQZjISUw,Other,2019-10-19,445.0,20427,30.0,18,1.58,Short,47,Saturday,0.15,2.18
73r5ZF0UsvI,Other,2019-10-19,15364.0,689618,326.0,25,11.03,Long,58,Saturday,0.05,2.23
7ZU6X0wyzgc,Teaser,2019-10-18,180089.0,10424387,8630.0,23,1.75,Short,100,Friday,0.08,1.73
UAgAY-MnyTY,Other,2019-10-17,399.0,11628,29.0,23,2.57,Short,73,Thursday,0.25,3.43
6lWQjWaweRk,Other,2019-10-16,9972.0,414740,126.0,13,2.4,Short,66,Wednesday,0.03,2.4
G0ynqTCf03g,Romance,2019-10-15,1043.0,29801,51.0,14,2.2,Short,50,Tuesday,0.17,3.5
HeuUtvnp_1o,Announcement,2019-10-15,9584.0,400294,267.0,19,1.5,Short,82,Tuesday,0.07,2.39
eFaRpsR2BqA,Other,2019-10-14,8433.0,245038,212.0,13,3.25,Short,53,Monday,0.09,3.44
kh75igFDSYc,Other,2019-10-14,82061.0,1623628,4025.0,23,7.95,Short,60,Monday,0.25,5.05
PQ4R64kUcPQ,Other,2019-10-13,12910.0,365774,383.0,16,2.52,Short,62,Sunday,0.1,3.53
e2WvHJ9Lzk0,Other,2019-10-12,510.0,14660,81.0,18,4.93,Short,60,Saturday,0.55,3.48
jBygD4xR9Po,Other,2019-10-12,5508.0,275264,165.0,15,10.7,Long,63,Saturday,0.06,2.0
DdRMiOg-vtU,Other,2019-10-11,1001.0,25872,56.0,24,1.98,Short,70,Friday,0.22,3.87
aYrBHhfulT0,Teaser,2019-10-11,833.0,58631,46.0,16,1.82,Short,36,Friday,0.08,1.42
w3pit6up8IA,Other,2019-10-10,3375.0,47020,197.0,21,1.95,Short,66,Thursday,0.42,7.18
_Na-594q0no,Other,2019-10-10,2294.0,197466,206.0,22,0.73,Short,29,Thursday,0.1,1.16
P39ewgMDyZw,Teaser,2019-10-09,39154.0,1841989,1121.0,12,1.93,Short,44,Wednesday,0.06,2.13
BDEvAWE5Wlg,Other,2019-10-09,23673.0,788029,1035.0,18,1.23,Short,87,Wednesday,0.13,3.0
5mrd3ORDn_0,Other,2019-10-08,1078.0,46375,152.0,16,3.45,Short,42,Tuesday,0.33,2.32
KFFPzqD6dLE,Other,2019-10-07,69513.0,18195760,0.0,17,2.72,Short,54,Monday,0.0,0.38
Lti6akeGpHI,Behind the Scenes,2019-10-06,855.0,31086,127.0,17,3.05,Short,87,Sunday,0.41,2.75
bCPBunYXHFM,Action,2019-10-06,572.0,19889,95.0,19,2.95,Short,44,Sunday,0.48,2.88
nBdGyBDn-Zk,Other,2019-10-05,1350.0,45642,99.0,17,2.3,Short,59,Saturday,0.22,2.96
0scKkevS7c4,Other,2019-10-04,45248.0,1218509,738.0,22,7.17,Short,88,Friday,0.06,3.71
Y9P1EhndE0w,Action,2019-10-03,69734.0,2152498,4520.0,33,9.55,Short,35,Thursday,0.21,3.24
8g2EL2Pbow8,Other,2019-10-03,4172.0,108151,126.0,19,2.53,Short,66,Thursday,0.12,3.86
mqZ3dxW0fD4,Other,2019-10-03,6102.0,350472,146.0,18,0.9,Short,30,Thursday,0.04,1.74
D5xCFAwtIWM,Other,2019-10-02,5210.0,695356,64.0,15,2.87,Short,67,Wednesday,0.01,0.75
ByXnHuvZsok,Teaser,2019-10-01,2174.0,51426,136.0,15,3.13,Short,65,Tuesday,0.26,4.23
61ldPZtUpc8,Action,2019-10-01,3060.0,102166,175.0,14,6.32,Short,93,Tuesday,0.17,3.0
8YAHs-JjoF4,Other,2019-10-01,4253.0,127637,114.0,13,1.43,Short,65,Tuesday,0.09,3.33
rEv24yfRJ6U,Romance,2019-09-30,449.0,18176,19.0,19,1.52,Short,56,Monday,0.1,2.47
fMCTQ3ZKDdw,Teaser,2019-09-30,7662.0,480733,190.0,15,2.53,Short,43,Monday,0.04,1.59
KUn1hB6xlXk,Other,2019-09-29,9419.0,230410,325.0,12,1.38,Short,55,Sunday,0.14,4.09
anh2Ic3ueRU,Other,2019-09-29,12720.0,375287,171.0,21,7.15,Short,64,Sunday,0.05,3.39
aymrSmgFhDs,Other,2019-09-28,2928.0,49233,105.0,16,2.1,Short,46,Saturday,0.21,5.95
ATkqwLE3HcE,Other,2019-09-27,403.0,12568,13.0,10,1.87,Short,49,Friday,0.1,3.21
WeEXPcH_GEs,Other,2019-09-27,21384.0,584399,382.0,23,6.63,Short,76,Friday,0.07,3.66
ovNmh_euKCc,Teaser,2019-09-26,992.0,25215,36.0,19,2.4,Short,41,Thursday,0.14,3.93
3w1m5uCreEg,Teaser,2019-09-25,2298.0,64165,94.0,20,0.82,Short,64,Wednesday,0.15,3.58
I2FoBpFPDPo,Teaser,2019-09-24,2786.0,73799,241.0,20,2.12,Short,60,Tuesday,0.33,3.78
2LEyl7GGU38,Other,2019-09-24,24907.0,2532343,449.0,15,1.7,Short,64,Tuesday,0.02,0.98
kgnJFZZV728,Teaser,2019-09-23,3770.0,333682,133.0,20,2.37,Short,64,Monday,0.04,1.13
obqXgJv5CjU,Teaser,2019-09-23,933.0,17728,103.0,15,1.02,Short,50,Monday,0.58,5.26
zq2beVfoP88,Other,2019-09-22,77676.0,1314384,1584.0,26,4.33,Short,44,Sunday,0.12,5.91
nmE-Of5aP3w,Other,2019-09-21,52785.0,12996126,0.0,17,1.48,Short,67,Saturday,0.0,0.41
Kiu_QEI1TXE,Other,2019-09-20,30367.0,799825,718.0,17,7.48,Short,80,Friday,0.09,3.8
6vXGpJ4Vi7U,Other,2019-09-20,86398.0,5864558,632.0,16,2.2,Short,45,Friday,0.01,1.47
Edd4crhbefs,Other,2019-09-19,3122.0,104677,178.0,18,1.77,Short,47,Thursday,0.17,2.98
2c0-oFGyTjc,Other,2019-09-18,7369.0,601689,150.0,14,1.75,Short,51,Wednesday,0.02,1.22
ZAgr8xHg0yg,Interview,2019-09-17,701.0,24543,40.0,16,2.55,Short,33,Tuesday,0.16,2.86
umOW5Zcj72c,Clip,2019-09-15,1730.0,121735,46.0,14,1.4,Short,67,Sunday,0.04,1.42
hu8BTi6Xnr4,Romance,2019-09-14,20477.0,2224363,403.0,15,1.58,Short,43,Saturday,0.02,0.92
ZHkMwaUenko,Other,2019-09-14,16383.0,860439,583.0,19,10.67,Long,64,Saturday,0.07,1.9
f4zeQKf-Q3U,Other,2019-09-13,10546.0,317147,223.0,17,1.15,Short,48,Friday,0.07,3.33
LTzj99XtKYU,Other,2019-09-13,20047.0,613648,421.0,19,6.7,Short,87,Friday,0.07,3.27
upnzAME3c7E,Other,2019-09-12,2550.0,67162,79.0,16,3.25,Short,39,Thursday,0.12,3.8
9Sy97iBiTHM,Other,2019-09-11,18967.0,1326432,209.0,13,1.68,Short,52,Wednesday,0.02,1.43
hSP0F9XmCr4,Other,2019-09-11,2572.0,78688,148.0,21,1.25,Short,39,Wednesday,0.19,3.27
HGjwnh-JWz4,Other,2019-09-11,582.0,33601,226.0,22,0.65,Short,33,Wednesday,0.67,1.73
ZamTAGImLzw,Other,2019-09-10,560.0,14461,46.0,19,3.13,Short,72,Tuesday,0.32,3.87
UYlZxgAudu8,Other,2019-09-10,692.0,31653,29.0,11,0.65,Short,43,Tuesday,0.09,2.19
gSg_vE8V5r0,Other,2019-09-10,6981.0,288829,264.0,15,1.38,Short,62,Tuesday,0.09,2.42
8cjUZdKi7es,Clip,2019-09-09,72973.0,3522749,1722.0,18,1.22,Short,60,Monday,0.05,2.07
xT4sJK1Nptk,Other,2019-09-09,3597.0,191993,155.0,21,2.45,Short,64,Monday,0.08,1.87
bABh0-x6GPI,Teaser,2019-09-05,35972.0,14580926,0.0,18,1.17,Short,62,Thursday,0.0,0.25
m5bSwSuT8SU,Other,2019-09-05,64594.0,1661591,1436.0,17,7.43,Short,97,Thursday,0.09,3.89
3GPFmxldfJ0,Other,2019-09-04,11683.0,627489,292.0,17,2.6,Short,30,Wednesday,0.05,1.86
MhfCE27-aFs,Other,2019-09-03,1623.0,170305,83.0,22,1.52,Short,50,Tuesday,0.05,0.95
9ZCU5EtfKwY,Other,2019-09-03,2153.0,108960,87.0,19,0.47,Short,42,Tuesday,0.08,1.98
lcURlXp5b_E,Other,2019-09-02,735.0,183415,226.0,21,1.42,Short,38,Monday,0.12,0.4
r4N98tQsp64,Other,2019-09-01,43051.0,1781379,2160.0,14,1.93,Short,72,Sunday,0.12,2.42
GlWnos0oDAI,Action,2019-08-31,881.0,48597,60.0,18,3.77,Short,47,Saturday,0.12,1.81
DKzBmRRdPXo,Other,2019-08-30,22040.0,1191518,683.0,21,3.2,Short,39,Friday,0.06,1.85
sEH797jJFCw,Other,2019-08-30,17754.0,642149,384.0,15,15.37,Long,83,Friday,0.06,2.76
YIUoQbZnb8Y,Teaser,2019-08-29,40810.0,1047345,778.0,13,2.37,Short,69,Thursday,0.07,3.9
P28BBQllnbs,Other,2019-08-29,3288.0,205065,162.0,15,3.37,Short,39,Thursday,0.08,1.6
0kzkF1VzwhA,Other,2019-08-29,120451.0,4051617,1917.0,25,6.0,Short,69,Thursday,0.05,2.97
Kcsg_MIwuEQ,Teaser,2019-08-28,668.0,34676,22.0,17,1.67,Short,43,Wednesday,0.06,1.93
9uCcS2XeO5w,Action,2019-08-28,34188.0,1672977,1607.0,22,2.75,Short,52,Wednesday,0.1,2.04
cpffvr-TYjc,Other,2019-08-28,149.0,8073,7.0,11,2.07,Short,66,Wednesday,0.09,1.85
91zm-7rJaLs,Behind the Scenes,2019-08-27,4347.0,140424,166.0,29,1.25,Short,65,Tuesday,0.12,3.1
W0NtzZT93OI,Other,2019-08-26,537.0,25298,33.0,15,1.35,Short,67,Monday,0.13,2.12
_n6b1Pp9GRw,Other,2019-08-26,1013.0,32653,78.0,10,1.57,Short,44,Monday,0.24,3.1
TMCYSjSN_mw,Comedy,2019-08-26,28058.0,1510906,1288.0,15,3.23,Short,83,Monday,0.09,1.86
vSHxrq3RSwQ,Announcement,2019-08-24,6356.0,200991,541.0,13,1.02,Short,61,Saturday,0.27,3.16
Nme0it4iX94,Teaser,2019-08-24,8016.0,574883,382.0,14,1.23,Short,39,Saturday,0.07,1.39
V3-qiwu4yzk,Other,2019-08-24,6282.0,272290,144.0,12,2.9,Short,37,Saturday,0.05,2.31
shsLsZcuhqs,Other,2019-08-24,1007.0,53027,40.0,15,2.43,Short,35,Saturday,0.08,1.9
iHalWr0F5CE,Other,2019-08-23,2314.0,141905,159.0,22,0.9,Short,54,Friday,0.11,1.63
rNvbCx0dFiA,Teaser,2019-08-22,150010.0,4432201,6301.0,22,2.35,Short,42,Thursday,0.14,3.38
X9h3riKBlGI,Other,2019-08-22,100061.0,2776744,3877.0,13,4.68,Short,48,Thursday,0.14,3.6
1kuKjCMyMs8,Other,2019-08-21,5495.0,120963,250.0,10,1.42,Short,54,Wednesday,0.21,4.54
jM0XQwB1OZU,Other,2019-08-21,33170.0,972297,753.0,13,1.12,Short,53,Wednesday,0.08,3.41
Gvu0daBJOW8,Teaser,2019-08-21,10530.0,1006941,457.0,15,2.28,Short,46,Wednesday,0.05,1.05
8fGz7QOcYXQ,Other,2019-08-20,35477.0,1075062,1645.0,20,3.12,Short,46,Tuesday,0.15,3.3
1teWMRGOZwQ,Teaser,2019-08-20,10028.0,455556,613.0,18,3.03,Short,42,Tuesday,0.13,2.2
ZXM2WPBft_8,Other,2019-08-19,138511.0,8276708,2856.0,21,5.93,Short,83,Monday,0.03,1.67
gae7L4lnTDg,Other,2019-08-18,3112.0,72574,125.0,19,1.05,Short,42,Sunday,0.17,4.29
vI68VA2TOQM,Other,2019-08-17,275610.0,9003648,4736.0,19,2.12,Short,63,Saturday,0.05,3.06
91ZgT_tsm0c,Other,2019-08-17,2130.0,95686,104.0,23,2.38,Short,40,Saturday,0.11,2.23
WB4TelnwuN4,Other,2019-08-16,2857.0,176733,545.0,10,4.6,Short,38,Friday,0.31,1.62
ZBFB0eOycDs,Other,2019-08-16,1231.0,54273,83.0,18,13.2,Long,82,Friday,0.15,2.27
NurZCz7KBAU,Clip,2019-08-15,16420.0,822431,1109.0,24,2.32,Short,44,Thursday,0.13,2.0
8ADOIqD9F5I,Other,2019-08-15,6066.0,164323,317.0,22,0.63,Short,42,Thursday,0.19,3.69
lm73eYcHrWI,Other,2019-08-14,25378.0,655075,809.0,20,0.5,Short,58,Wednesday,0.12,3.87
Oy8SvhkO6J8,Other,2019-08-14,35602.0,789275,818.0,25,6.5,Short,46,Wednesday,0.1,4.51
H8b3kS5nWrg,Other,2019-08-13,28134.0,1041867,621.0,30,3.53,Short,64,Tuesday,0.06,2.7
p6VBVr814cQ,Teaser,2019-08-13,1551.0,56029,146.0,29,2.43,Short,55,Tuesday,0.26,2.77
JLEiGfzGht4,Other,2019-08-13,16380.0,710801,514.0,30,1.13,Short,38,Tuesday,0.07,2.3
mx3duQYvozs,Other,2019-08-13,34810.0,1287437,1103.0,28,0.97,Short,53,Tuesday,0.09,2.7
EqbycstsToY,Other,2019-08-12,20614.0,519556,595.0,27,1.4,Short,44,Monday,0.11,3.97
M-FF6PteILM,Other,2019-08-12,105899.0,6087849,2103.0,21,2.63,Short,48,Monday,0.03,1.74
vLZ3CMeV9bo,Other,2019-08-12,8864.0,291692,351.0,5,0.4,Short,52,Monday,0.12,3.04
syw-QRf6Eq4,Other,2019-08-11,18547.0,647085,1078.0,13,4.18,Short,37,Sunday,0.17,2.87
hoSijFjsMKM,Other,2019-08-10,103960.0,5618497,1168.0,13,3.22,Short,76,Saturday,0.02,1.85
QKM6DvAj2vU,Other,2019-08-10,33340.0,833132,878.0,10,2.07,Short,41,Saturday,0.11,4.0
Atqdz5rZ29g,Other,2019-08-10,920.0,56793,50.0,16,2.6,Short,50,Saturday,0.09,1.62
Cj29rbbZJDs,Other,2019-08-09,839.0,45470,51.0,25,3.15,Short,42,Friday,0.11,1.85
i_Vs5zHQIsA,Behind the Scenes,2019-08-08,762.0,37442,55.0,23,2.5,Short,49,Thursday,0.15,2.04
mj-2IZjv7bY,Other,2019-08-08,28516.0,1001056,534.0,30,0.85,Short,31,Thursday,0.05,2.85
GfBU4DIFjLM,Other,2019-08-07,30256.0,1010499,643.0,30,0.6,Short,39,Wednesday,0.06,2.99
xHWQiok-ei0,Teaser,2019-08-07,26688.0,2135610,1195.0,10,2.08,Short,25,Wednesday,0.06,1.25
DELS9SZP32k,Other,2019-08-07,8487.0,205230,173.0,9,6.23,Short,44,Wednesday,0.08,4.14
_350KdC5P8c,Other,2019-08-06,88938.0,5594233,2156.0,10,2.58,Short,47,Tuesday,0.04,1.59
FNPjTiJ-07k,Teaser,2019-08-05,1087.0,59506,81.0,1,1.58,Short,48,Monday,0.14,1.83
O3YhTXXfzIA,Other,2019-08-03,165413.0,4549974,4093.0,28,4.07,Short,37,Saturday,0.09,3.64
cNF-nFnGWZk,Other,2019-08-03,3829.0,186789,96.0,23,2.17,Short,36,Saturday,0.05,2.05
PbqbD9IhWaU,Other,2019-08-02,34023.0,1186258,521.0,23,9.02,Short,85,Friday,0.04,2.87
43FcHJk-V1w,Announcement,2019-08-01,1282.0,51151,63.0,20,0.9,Short,92,Thursday,0.12,2.51
tDcJS-TDg70,Teaser,2019-07-31,5712.0,165340,319.0,24,2.03,Short,30,Wednesday,0.19,3.45
FAh1-cwRRaY,Other,2019-07-30,3020.0,82730,59.0,24,4.4,Short,43,Tuesday,0.07,3.65
us2HxYreQy4,Other,2019-07-29,74905.0,2104852,1475.0,23,6.82,Short,65,Monday,0.07,3.56
mzf79KWQEVM,Other,2019-07-29,58968.0,2277897,1472.0,25,0.35,Short,42,Monday,0.06,2.59
eZ8plCqhgf0,Other,2019-07-27,264.0,13043,19.0,24,0.73,Short,45,Saturday,0.15,2.02
QDJAZuM6HZQ,Other,2019-07-27,281.0,15229,21.0,23,2.97,Short,33,Saturday,0.14,1.85
sIAKc46bXKw,Other,2019-07-26,20712.0,547147,520.0,26,8.35,Short,77,Friday,0.1,3.79
M9D-Rnk0IT0,Other,2019-07-24,5715.0,160926,898.0,21,0.92,Short,28,Wednesday,0.56,3.55
HS4-oSnJlvA,Teaser,2019-07-23,3375.0,90720,194.0,18,2.13,Short,41,Tuesday,0.21,3.72
B6wXBiDuuJ8,Other,2019-07-23,5118.0,136881,81.0,27,4.53,Short,44,Tuesday,0.06,3.74
9yi_-ID2uv4,Other,2019-07-22,37321.0,1245325,603.0,25,1.05,Short,49,Monday,0.05,3.0
c0IMp-Sw32s,Other,2019-07-20,2522.0,147423,109.0,21,1.23,Short,55,Saturday,0.07,1.71
IXyA1k7MbLU,Other,2019-07-20,723.0,45891,27.0,27,2.95,Short,36,Saturday,0.06,1.58
j8UtaoCqpgA,Teaser,2019-07-20,824.0,45715,17.0,29,1.93,Short,73,Saturday,0.04,1.8
B-VV2feAhW4,Teaser,2019-07-19,49993.0,1507951,2074.0,11,1.83,Short,39,Friday,0.14,3.32
qPUqTubSAwg,Other,2019-07-19,24798.0,874414,522.0,25,8.32,Short,73,Friday,0.06,2.84
RM_nfQbSsZ0,Teaser,2019-07-18,7653.0,289410,175.0,29,2.58,Short,41,Thursday,0.06,2.64
QdDhpZeAi8s,Other,2019-07-17,19388.0,724397,430.0,30,9.28,Short,49,Wednesday,0.06,2.68
r5Y0quV9PGI,Teaser,2019-07-16,34795.0,1103210,1535.0,31,2.37,Short,54,Tuesday,0.14,3.15
5yoQHZmG7Sk,Teaser,2019-07-14,1351.0,97207,211.0,9,2.5,Short,54,Sunday,0.22,1.39
zvCS_MBv8CE,Other,2019-07-13,2172.0,65792,97.0,26,2.22,Short,44,Saturday,0.15,3.3
tNarWRBamkc,Other,2019-07-12,27533.0,776051,798.0,24,7.35,Short,85,Friday,0.1,3.55
loxq21RK1P0,Teaser,2019-07-11,532.0,52425,43.0,14,1.97,Short,58,Thursday,0.08,1.01
YDKo8QmhKLk,Teaser,2019-07-11,34956.0,796329,1013.0,15,2.28,Short,43,Thursday,0.13,4.39
b8wPO9W4g20,Other,2019-07-11,389139.0,8395326,7567.0,36,5.15,Short,96,Thursday,0.09,4.64
jNBL1eA0bb4,Teaser,2019-07-10,1397.0,64210,65.0,31,7.15,Short,57,Wednesday,0.1,2.18
zEH-UcBtXaY,Teaser,2019-07-09,755.0,46040,13.0,18,1.57,Short,48,Tuesday,0.03,1.64
w-Xe8gLBc5I,Teaser,2019-07-09,408864.0,17827206,13913.0,24,2.17,Short,43,Tuesday,0.08,2.29
5cPdpWIM6Bw,Teaser,2019-07-08,746.0,88747,33.0,16,1.68,Short,63,Monday,0.04,0.84
y20GbrpdySw,Teaser,2019-07-08,5426.0,325350,211.0,1,1.83,Short,45,Monday,0.06,1.67
LRwvpqWT_oE,Other,2019-07-07,312.0,21453,43.0,22,0.87,Short,37,Sunday,0.2,1.45
pXNf4vdjFps,Other,2019-07-06,412.0,26816,45.0,19,2.22,Short,34,Saturday,0.17,1.54
UnISWhb8xV0,Other,2019-07-05,206.0,17605,5.0,20,1.78,Short,48,Friday,0.03,1.17
8ekJQDRdwfQ,Other,2019-07-04,22373.0,522404,626.0,30,6.87,Short,88,Thursday,0.12,4.28
UaGXtLnab0I,Other,2019-07-03,1993.0,79069,20.0,22,0.65,Short,40,Wednesday,0.03,2.52
nGdRvQ6p23E,Other,2019-07-03,864.0,80554,35.0,21,0.5,Short,37,Wednesday,0.04,1.07
8czgMt0YZSg,Other,2019-07-01,26940.0,575769,860.0,14,2.27,Short,58,Monday,0.15,4.68
zYtGvFMa1ds,Other,2019-06-29,379.0,36468,24.0,20,1.95,Short,36,Saturday,0.07,1.04
gE3AYzs6fhI,Clip,2019-06-28,1400.0,63051,69.0,24,1.38,Short,67,Friday,0.11,2.22
wne0iGgbJx0,Other,2019-06-27,898.0,202243,193.0,21,2.6,Short,47,Thursday,0.1,0.44
bcsjQTOjaSY,Teaser,2019-06-27,8587.0,586213,322.0,21,1.7,Short,39,Thursday,0.05,1.46
XbKDLqejBqY,Other,2019-06-26,3538.0,470180,489.0,18,0.97,Short,59,Wednesday,0.1,0.75
vZXdDMLMxiU,Teaser,2019-06-26,951.0,64840,53.0,20,0.25,Short,29,Wednesday,0.08,1.47
4xEDHaUBjGs,Other,2019-06-25,1217.0,66186,125.0,26,1.22,Short,43,Tuesday,0.19,1.84
XrOvrWVmSIE,Other,2019-06-24,11566.0,488117,1411.0,20,2.32,Short,40,Monday,0.29,2.37
NLDFHVqm-Sk,Teaser,2019-06-20,1162.0,40556,48.0,16,2.28,Short,40,Thursday,0.12,2.87
7ZB78xgx1KM,Other,2019-06-20,797.0,39812,213.0,14,5.03,Short,40,Thursday,0.54,2.0
9kGZc5b9PQY,Other,2019-06-19,6822.0,151215,276.0,19,1.52,Short,44,Wednesday,0.18,4.51
oa7LY5v-Q98,Other,2019-06-18,696.0,32039,36.0,19,8.47,Short,46,Tuesday,0.11,2.17
oWt1ybFx4jI,Other,2019-06-16,22932.0,410653,512.0,10,0.6,Short,40,Sunday,0.12,5.58
owuNgl8U5QY,Other,2019-06-15,763.0,60445,10.0,15,1.68,Short,36,Saturday,0.02,1.26
4adPtOcy9IA,Other,2019-06-14,2342.0,198609,662.0,7,1.4,Short,36,Friday,0.33,1.18
tqY1ivfm00M,Teaser,2019-06-14,660.0,37925,21.0,42,0.55,Short,47,Friday,0.06,1.74
kPFaikLSZXc,Other,2019-06-13,38352.0,1103172,1181.0,15,7.45,Short,44,Thursday,0.11,3.48
oSSvPnzscj0,Other,2019-06-12,235.0,25939,10.0,21,1.45,Short,51,Wednesday,0.04,0.91
Ip9YpEZ3_SU,Other,2019-06-08,338.0,74672,15.0,13,2.57,Short,36,Saturday,0.02,0.45
yNzu_4VjtB8,Other,2019-06-08,4079.0,165698,215.0,12,2.13,Short,59,Saturday,0.13,2.46
yON0j2LAkXo,Teaser,2019-06-07,657.0,45666,24.0,42,0.55,Short,40,Friday,0.05,1.44
D0eyV0fAu80,Teaser,2019-06-06,1015.0,225443,34.0,14,2.07,Short,51,Thursday,0.02,0.45
Y8ORRclEN98,Other,2019-06-06,506.0,29454,6.0,26,0.87,Short,76,Thursday,0.02,1.72
iBMtM_TdMSw,Romance,2019-06-06,21515.0,623237,545.0,17,6.08,Short,68,Thursday,0.09,3.45
PreYOlU4ET4,Other,2019-06-05,3492.0,73140,173.0,13,1.43,Short,55,Wednesday,0.24,4.77
38G6J7VKZwo,Other,2019-06-03,303.0,45160,19.0,13,1.42,Short,55,Monday,0.04,0.67
1GxzVWCfmzo,Teaser,2019-06-03,2069.0,214317,153.0,21,2.1,Short,48,Monday,0.07,0.97
pkR5MNeoQy0,Other,2019-06-03,1030.0,58963,25.0,20,1.53,Short,35,Monday,0.04,1.75
1NKUNYedUJw,Other,2019-06-01,913.0,216712,53.0,12,1.63,Short,26,Saturday,0.02,0.42
00V8lpFjXRA,Other,2019-06-01,578.0,168340,35.0,19,1.67,Short,36,Saturday,0.02,0.34
Ij9IH2tHpUg,Teaser,2019-05-31,712.0,117573,55.0,12,1.02,Short,47,Friday,0.05,0.61
jcVt4vh5a9Q,Teaser,2019-05-30,420.0,99661,27.0,30,2.02,Short,54,Thursday,0.03,0.42
27aYjZYUJkA,Other,2019-05-30,4143.0,124868,153.0,14,6.37,Short,47,Thursday,0.12,3.32
5yiZOyxNLY0,Teaser,2019-05-29,354.0,69469,14.0,17,1.58,Short,32,Wednesday,0.02,0.51
uRPs1ow3eAA,Interview,2019-05-29,1525.0,75724,65.0,13,1.85,Short,72,Wednesday,0.09,2.01
Ltr4OLoDDOM,Other,2019-05-29,269352.0,4470707,5145.0,20,4.3,Short,56,Wednesday,0.12,6.02
DcEIAWQZZAA,Other,2019-05-25,36190.0,6391140,1058.0,16,2.58,Short,46,Saturday,0.02,0.57
ex-4aVfweoc,Other,2019-05-24,2450.0,266149,159.0,10,2.62,Short,36,Friday,0.06,0.92
Vx63VRWb1Fk,Other,2019-05-23,32725.0,1121818,1146.0,13,6.53,Short,47,Thursday,0.1,2.92
ocxgXty0k8g,Other,2019-05-22,594.0,32169,16.0,25,1.2,Short,52,Wednesday,0.05,1.85
0aDwu0om8pc,Teaser,2019-05-22,334.0,35026,26.0,12,0.52,Short,54,Wednesday,0.07,0.95
p_yNfKhpT6A,Teaser,2019-05-21,1217.0,105594,111.0,9,1.72,Short,29,Tuesday,0.11,1.15
1X86BngYQhE,Other,2019-05-21,908.0,98171,47.0,12,2.05,Short,69,Tuesday,0.05,0.92
dxbCuuc-jp4,Teaser,2019-05-21,114784.0,38785878,3220.0,34,1.6,Short,44,Tuesday,0.01,0.3
17oWDEi_2qg,Other,2019-05-20,1295.0,48777,74.0,9,1.68,Short,47,Monday,0.15,2.65
UVgazu6280k,Other,2019-05-20,6886.0,201598,186.0,15,1.93,Short,24,Monday,0.09,3.42
3eeCdA7O-6U,Teaser,2019-05-17,13211.0,760955,2218.0,26,2.05,Short,39,Friday,0.29,1.74
KmGV2qriYLA,Other,2019-05-16,5103.0,158666,211.0,16,5.95,Short,47,Thursday,0.13,3.22
qWZQECe2J2U,Other,2019-05-11,10268.0,479197,400.0,29,1.17,Short,57,Saturday,0.08,2.14
qbzTIqfFkvk,Other,2019-05-10,235.0,16054,33.0,10,1.93,Short,51,Friday,0.21,1.46
t27Wvhpqj3k,Other,2019-05-10,5201.0,261056,361.0,16,2.12,Short,71,Friday,0.14,1.99
2Z2R69AjHqI,Other,2019-05-09,11179.0,577135,344.0,25,0.55,Short,61,Thursday,0.06,1.94
yTMCx1K0StI,Teaser,2019-05-06,228.0,15952,17.0,17,1.97,Short,38,Monday,0.11,1.43
792f-OgGDvg,Other,2019-05-06,123332.0,5331527,5904.0,10,0.45,Short,28,Monday,0.11,2.31
OZ179PCyO4E,Other,2019-05-05,217.0,12382,15.0,10,2.87,Short,46,Sunday,0.12,1.75
Q_SbTdYjgfk,Action,2019-05-03,478193.0,141015327,0.0,28,4.23,Short,54,Friday,0.0,0.34
iY_aJWegDQE,Teaser,2019-05-01,305.0,17313,14.0,1,1.95,Short,42,Wednesday,0.08,1.76
GC25UxlAxs4,Other,2019-05-01,240.0,11743,13.0,28,0.5,Short,61,Wednesday,0.11,2.04
WiK5z1DkUbo,Teaser,2019-04-26,1499.0,117126,48.0,17,2.63,Short,34,Friday,0.04,1.28
dUq1Gf5AC5k,Other,2019-04-26,614.0,104148,12.0,10,1.93,Short,46,Friday,0.01,0.59
JTAcXjMYE8k,Announcement,2019-04-26,524.0,28950,25.0,42,0.73,Short,43,Friday,0.09,1.81
3tb5nWNlgTw,Romance,2019-04-26,238.0,40152,4.0,19,3.27,Short,82,Friday,0.01,0.59
U15sCqscZAk,Other,2019-04-24,3192608.0,888330690,0.0,27,3.27,Short,55,Wednesday,0.0,0.36
VAtub6CHZZU,Other,2019-04-24,66.0,7716,4.0,10,0.38,Short,43,Wednesday,0.05,0.86
GYulsFTIoFg,Other,2019-04-24,55.0,6830,2.0,10,0.3,Short,51,Wednesday,0.03,0.81
PumodeOqPPY,Other,2019-04-24,78.0,9350,2.0,0,0.38,Short,48,Wednesday,0.02,0.83
MbrCLr3yJf8,Other,2019-04-24,63.0,8543,2.0,10,0.38,Short,48,Wednesday,0.02,0.74
RtbTNn47Y8E,Other,2019-04-24,37.0,7501,3.0,0,0.38,Short,45,Wednesday,0.04,0.49
41rDuC0SUiA,Other,2019-04-24,52.0,5944,0.0,0,0.38,Short,52,Wednesday,0.0,0.87
Eyh6MjRi9J0,Other,2019-04-24,66.0,9762,0.0,0,0.38,Short,45,Wednesday,0.0,0.68
Tg--qK9ReT0,Other,2019-04-24,89.0,9505,2.0,9,0.38,Short,51,Wednesday,0.02,0.94
r7RDGciWQaQ,Other,2019-04-24,162.0,17092,2.0,9,0.38,Short,49,Wednesday,0.01,0.95
4qXoR6MrVwg,Teaser,2019-04-24,301056.0,80138619,0.0,24,1.02,Short,48,Wednesday,0.0,0.38
e2WjE1iS554,Teaser,2019-04-18,1107.0,196665,42.0,7,1.75,Short,51,Thursday,0.02,0.56
C2yGU45liGY,Other,2019-04-18,532.0,28631,14.0,14,2.75,Short,77,Thursday,0.05,1.86
2z10Dg6-hkc,Other,2019-04-16,885.0,34336,27.0,8,1.6,Short,72,Tuesday,0.08,2.58
uvvRji3oow8,Other,2019-04-15,3749.0,169356,201.0,10,2.03,Short,51,Monday,0.12,2.21
kr_2YPENNWg,Teaser,2019-04-11,2839.0,143619,96.0,22,1.53,Short,46,Thursday,0.07,1.98
_rqKyDQm_zA,Teaser,2019-04-11,639.0,19721,36.0,15,1.88,Short,45,Thursday,0.18,3.24
Xj1-Ipa0-Vo,Other,2019-04-02,204.0,14544,19.0,22,1.62,Short,39,Tuesday,0.13,1.4
YEOANVtvyL4,Other,2019-04-01,7992.0,303338,426.0,18,0.97,Short,48,Monday,0.14,2.63
cxf56AuBImg,Song,2019-03-29,2308.0,101460,76.0,12,1.82,Short,69,Friday,0.07,2.27
A1Tdko7rd8M,Other,2019-03-29,1007.0,59766,24.0,12,1.5,Short,73,Friday,0.04,1.68
KqHGdQwbuec,Other,2019-03-29,754.0,51613,23.0,12,1.5,Short,56,Friday,0.04,1.46
CrrI0ui3z4E,Teaser,2019-03-27,559.0,35514,21.0,21,1.63,Short,38,Wednesday,0.06,1.57
oovBxcNDoIg,Teaser,2019-03-26,4229.0,113924,160.0,1,2.62,Short,50,Tuesday,0.14,3.71
X0H5AciZEzc,Teaser,2019-03-22,5497.0,274039,426.0,27,2.32,Short,47,Friday,0.16,2.01
CPaMoClUtGk,Teaser,2019-03-21,595.0,32532,13.0,16,2.17,Short,48,Thursday,0.04,1.83
FRrvgF7lE9M,Teaser,2019-03-19,7960.0,300315,302.0,1,1.85,Short,53,Tuesday,0.1,2.65
UP3-tH-GqdM,Action,2019-03-18,513.0,66302,36.0,26,1.87,Short,63,Monday,0.05,0.77
q1YIJyf83tw,Teaser,2019-03-18,10066.0,822069,364.0,12,1.47,Short,44,Monday,0.04,1.22
KZKXd84sDoo,Other,2019-03-15,13293.0,937011,988.0,11,0.85,Short,44,Friday,0.11,1.42
Yrutw-0fDPE,Other,2019-03-15,971.0,77249,87.0,19,2.05,Short,39,Friday,0.11,1.26
LG5xccAHmN8,Other,2019-03-15,198138.0,7077964,3910.0,24,6.03,Short,41,Friday,0.06,2.8
27IMhvK-38Q,Teaser,2019-03-14,693.0,66036,43.0,20,2.0,Short,71,Thursday,0.07,1.05
3aaG-FtvA3A,Teaser,2019-03-11,136.0,43400,10.0,1,2.38,Short,61,Monday,0.02,0.31
ZTeFU0NqIWo,Teaser,2019-03-11,4936.0,449475,169.0,15,2.25,Short,45,Monday,0.04,1.1
an5__4uEUCY,Teaser,2019-03-09,393.0,81864,19.0,11,2.07,Short,35,Saturday,0.02,0.48
5jMNTFfvhoc,Announcement,2019-03-08,1656.0,158138,319.0,20,0.42,Short,25,Friday,0.2,1.05
YcLbY-JkBtY,Teaser,2019-03-06,770.0,127357,24.0,13,2.65,Short,47,Wednesday,0.02,0.6
4jgE6Yln774,Other,2019-03-01,257.0,24117,24.0,17,1.32,Short,39,Friday,0.1,1.07
W7M2qBmA7rk,Teaser,2019-02-28,3333.0,408472,183.0,11,1.02,Short,41,Thursday,0.04,0.82
K8fORa6emgM,Teaser,2019-02-27,434.0,38374,45.0,1,2.82,Short,48,Wednesday,0.12,1.13
tIwmZp8scUg,Announcement,2019-02-25,325.0,15778,23.0,19,0.77,Short,32,Monday,0.15,2.06
BqlAI2qu6Og,Teaser,2019-02-21,2175.0,133402,114.0,27,1.97,Short,53,Thursday,0.09,1.63
am35kon5jKk,Other,2019-02-21,5933.0,154279,336.0,11,2.43,Short,42,Thursday,0.22,3.85
RHoNXCYmLn4,Teaser,2019-02-20,280.0,9534,13.0,33,1.58,Short,56,Wednesday,0.14,2.94
hqJQf014paE,Teaser,2019-02-20,32979.0,1216295,2001.0,10,1.68,Short,49,Wednesday,0.16,2.71
vZtPzUSPuW0,Teaser,2019-02-19,126.0,12802,13.0,17,0.25,Short,62,Tuesday,0.1,0.98
G8XD49VCYvE,Teaser,2019-02-15,1196.0,71852,36.0,1,2.63,Short,52,Friday,0.05,1.66
xkiArQ0BWbk,Other,2019-02-14,4671.0,162287,271.0,15,2.45,Short,45,Thursday,0.17,2.88
q5khS2l8cZk,Other,2019-02-13,341.0,46236,7.0,16,2.48,Short,28,Wednesday,0.02,0.74
vMvg6LtskNc,Teaser,2019-02-12,3953.0,607491,197.0,6,1.53,Short,43,Tuesday,0.03,0.65
UiKWlZzLFD4,Teaser,2019-02-01,126.0,45842,15.0,15,2.05,Short,54,Friday,0.03,0.27
E-_pivW0ofk,Teaser,2019-02-01,139.0,39720,9.0,15,2.05,Short,54,Friday,0.02,0.35
R3kdgMVPJd0,Announcement,2019-02-01,445.0,33980,41.0,10,0.78,Short,47,Friday,0.12,1.31
hJmZNifQd-E,Other,2019-02-01,183.0,12000,19.0,7,1.13,Short,34,Friday,0.16,1.52
j64RY5yc8hI,Teaser,2019-01-31,420.0,29077,26.0,21,0.63,Short,51,Thursday,0.09,1.44
nHlSBqlU0cI,Teaser,2019-01-31,1486.0,181933,78.0,19,2.48,Short,50,Thursday,0.04,0.82
5OhGjzyvJ0Q,Teaser,2019-01-29,2462.0,398451,70.0,9,2.13,Short,78,Tuesday,0.02,0.62
cBCo_8R8Ak0,Other,2019-01-27,337.0,26614,35.0,12,1.08,Short,39,Sunday,0.13,1.27
Z0GhqamTFPw,Other,2019-01-24,981.0,89046,89.0,1,1.12,Short,30,Thursday,0.1,1.1
YVmKxDQbouI,Teaser,2019-01-24,739.0,51586,35.0,16,2.0,Short,54,Thursday,0.07,1.43
D8keMZqLnpU,Other,2019-01-18,1853.0,87125,54.0,20,1.8,Short,59,Friday,0.06,2.13
S96_bOQnG-o,Teaser,2019-01-17,48.0,4036,4.0,13,2.07,Short,50,Thursday,0.1,1.19
aIFRWpwcaJU,Other,2019-01-17,113591.0,3066087,4264.0,9,2.75,Short,80,Thursday,0.14,3.7
928gFVXgEPQ,Teaser,2019-01-17,8286.0,873795,341.0,2,1.15,Short,38,Thursday,0.04,0.95
YcyGtqN2NfU,Teaser,2019-01-15,497.0,80572,18.0,35,1.52,Short,53,Tuesday,0.02,0.62
G4hd-tVkmsU,Teaser,2019-01-09,602.0,28109,26.0,1,2.08,Short,36,Wednesday,0.09,2.14
XuCXMckDeSo,Teaser,2019-01-08,72.0,5561,7.0,15,2.15,Short,60,Tuesday,0.13,1.29
6oXWihkN7sY,Teaser,2019-01-07,2324.0,78666,108.0,20,2.45,Short,39,Monday,0.14,2.95
6zMSb7LgYPE,Other,2019-01-07,136.0,5083,13.0,7,3.28,Short,22,Monday,0.26,2.68
2B0kLj7AGLA,Other,2019-01-07,8042.0,168562,244.0,11,2.85,Short,31,Monday,0.14,4.77
VSRf6HKnh2g,Teaser,2019-01-04,917.0,84204,28.0,18,1.62,Short,49,Friday,0.03,1.09
PkuBo3rW1YE,Other,2019-01-04,1859.0,274916,97.0,15,2.23,Short,34,Friday,0.04,0.68
5gC0GOGvmM4,Teaser,2019-01-03,877.0,73684,11.0,10,2.0,Short,39,Thursday,0.01,1.19
72Cr3wtgoLQ,Other,2019-01-03,442.0,33045,8.0,15,3.0,Short,59,Thursday,0.02,1.34
MMD35I9cWLk,Other,2019-01-01,1082.0,49890,56.0,13,1.02,Short,43,Tuesday,0.11,2.17
XsAy3NMkKIk,Teaser,2018-12-31,1133.0,311523,59.0,14,1.02,Short,43,Monday,0.02,0.36
0Lws4pg_7jQ,Other,2018-12-30,57345.0,25365559,2332.0,16,3.82,Short,27,Sunday,0.01,0.23
tHBQ98BXUXo,Other,2018-12-27,762.0,83026,29.0,0,0.75,Short,47,Thursday,0.03,0.92
ss93g4u6p1A,Teaser,2018-12-26,404.0,42513,21.0,17,2.02,Short,43,Wednesday,0.05,0.95
AbF3oASd9pg,Other,2018-12-20,176.0,45017,8.0,5,37.35,Long,57,Thursday,0.02,0.39
dse5E0WjKZ4,Teaser,2018-12-20,669.0,223768,35.0,1,5.52,Short,45,Thursday,0.02,0.3
wh46XSOfQLI,Other,2018-12-20,3601.0,107142,114.0,13,2.27,Short,48,Thursday,0.11,3.36
U-bx5qbs11U,Teaser,2018-12-19,529.0,130760,32.0,27,2.08,Short,58,Wednesday,0.02,0.4
oZMELbtMAas,Interview,2018-12-17,10716.0,456065,1097.0,13,1.68,Short,61,Monday,0.24,2.35
35O6LYXtd8s,Other,2018-12-13,490.0,49545,67.0,1,1.28,Short,29,Thursday,0.14,0.99
N4q_UuePz38,Other,2018-12-13,535.0,101253,28.0,8,1.65,Short,37,Thursday,0.03,0.53
Ei3Yc5r_EOY,Other,2018-12-13,407.0,55807,31.0,8,1.63,Short,39,Thursday,0.06,0.73
d1svghPMjBI,Other,2018-12-13,196.0,15413,13.0,8,2.9,Short,37,Thursday,0.08,1.27
nXfnC5YN0D8,Other,2018-12-13,474.0,73360,39.0,7,1.48,Short,37,Thursday,0.05,0.65
U0gaPzI5osc,Teaser,2018-12-11,299.0,32462,19.0,1,2.1,Short,42,Tuesday,0.06,0.92
8YbNN1drpZ4,Other,2018-12-10,2782.0,161860,103.0,18,2.25,Short,70,Monday,0.06,1.72
53j9Nx92k4s,Announcement,2018-12-05,859.0,66075,40.0,7,0.52,Short,41,Wednesday,0.06,1.3
Jd01-SESQZs,Teaser,2018-12-04,3612.0,116367,89.0,18,1.77,Short,60,Tuesday,0.08,3.1
v3LrhyJU6Us,Teaser,2018-12-03,2092.0,166194,75.0,21,2.33,Short,50,Monday,0.05,1.26
qY81onFP3Y8,Teaser,2018-12-03,256.0,29071,19.0,23,1.83,Short,31,Monday,0.07,0.88
F48mmVhwBl4,Action,2018-12-01,261.0,54786,23.0,9,0.75,Short,61,Saturday,0.04,0.48
3xRyMEyDtlY,Other,2018-11-30,2213.0,163015,269.0,1,1.23,Short,30,Friday,0.17,1.36
QroVNAdMjm8,Teaser,2018-11-27,140.0,32861,4.0,13,1.62,Short,55,Tuesday,0.01,0.43
7Ny6o7tnBCc,Other,2018-11-27,64163.0,3478726,2824.0,15,5.53,Short,44,Tuesday,0.08,1.84
3gpVXBWEFfA,Teaser,2018-11-25,28057.0,2805071,1081.0,12,2.5,Short,54,Sunday,0.04,1.0
MKQapwg9uTg,Teaser,2018-11-21,799.0,115018,18.0,8,1.93,Short,41,Wednesday,0.02,0.69
U5YaNb1S9o8,Teaser,2018-11-21,653.0,87931,61.0,14,1.77,Short,42,Wednesday,0.07,0.74
2-ScsCrc0cA,Other,2018-11-19,167639.0,9753993,2522.0,11,2.63,Short,25,Monday,0.03,1.72
7KekzuLLsWs,Other,2018-11-15,142.0,19122,6.0,9,0.72,Short,38,Thursday,0.03,0.74
Dv4PatCYBt8,Teaser,2018-11-15,193.0,53034,23.0,8,2.3,Short,71,Thursday,0.04,0.36
eivXy0oiIRs,Teaser,2018-11-12,155.0,31241,10.0,14,1.5,Short,50,Monday,0.03,0.5
0wkCfRiC4F0,Teaser,2018-11-09,18799.0,2183043,811.0,11,1.32,Short,46,Friday,0.04,0.86
fpWboqZQEMk,Teaser,2018-11-09,578.0,35046,23.0,19,0.87,Short,37,Friday,0.07,1.65
xGJWTm1qlO8,Teaser,2018-11-08,1492.0,261417,76.0,12,2.5,Short,62,Thursday,0.03,0.57
5m8AasMMI3g,Teaser,2018-11-07,327.0,51869,16.0,7,2.55,Short,53,Wednesday,0.03,0.63
bwZgyJnrY3s,Horror,2018-10-31,436.0,15969,24.0,8,3.25,Short,45,Wednesday,0.15,2.73
U6l0mlDLJT0,Behind the Scenes,2018-10-25,774.0,58850,43.0,20,1.15,Short,43,Thursday,0.07,1.32
fFTryJ3KQAU,Teaser,2018-10-24,304.0,36607,8.0,8,1.73,Short,42,Wednesday,0.02,0.83
PRR4jNv0k9U,Teaser,2018-10-24,634.0,132897,24.0,1,2.77,Short,42,Wednesday,0.02,0.48
Z3qaMF1LRZ8,Other,2018-10-23,137.0,30197,6.0,25,0.92,Short,33,Tuesday,0.02,0.45
TWNR5CcN4ms,Teaser,2018-10-23,118.0,31954,3.0,9,2.27,Short,54,Tuesday,0.01,0.37
rN8jPxxDc10,Teaser,2018-10-22,85.0,43334,4.0,40,1.0,Short,43,Monday,0.01,0.2
Pyi4h8yRWy4,Other,2018-10-22,68.0,37725,4.0,13,0.42,Short,41,Monday,0.01,0.18
f1aWWNpaiIQ,Teaser,2018-10-19,900.0,117569,44.0,10,1.58,Short,44,Friday,0.04,0.77
Ux0LMd6_yRg,Other,2018-10-17,1403.0,292117,54.0,12,4.07,Short,12,Wednesday,0.02,0.48
4bsmjx7-eT8,Teaser,2018-10-16,252.0,95665,19.0,31,1.65,Short,49,Tuesday,0.02,0.26
45tYiclXDeY,Teaser,2018-10-12,1016.0,129808,42.0,40,2.23,Short,48,Friday,0.03,0.78
pAcV-7C_nOQ,Other,2018-10-11,536.0,63399,10.0,21,2.93,Short,54,Thursday,0.02,0.85
KDRI_OsD36w,Teaser,2018-10-10,176.0,52109,14.0,32,1.98,Short,61,Wednesday,0.03,0.34
JERpm6IHb5o,Teaser,2018-10-10,222.0,49111,17.0,5,1.63,Short,65,Wednesday,0.03,0.45
-3TB5yES6bU,Announcement,2018-10-09,173.0,29520,17.0,16,0.27,Short,57,Tuesday,0.06,0.59
jfMaULB65NA,Teaser,2018-10-08,332.0,45319,45.0,17,2.02,Short,57,Monday,0.1,0.73
XR6BkuKy29Q,Teaser,2018-10-07,443.0,140455,18.0,35,2.45,Short,48,Sunday,0.01,0.32
3ImtR_uZCQA,Teaser,2018-10-04,805.0,52249,87.0,39,2.37,Short,61,Thursday,0.17,1.54
arLsZ4XQtas,Teaser,2018-10-03,182.0,23872,41.0,15,1.92,Short,64,Wednesday,0.17,0.76
YBSu63sWVE4,Teaser,2018-10-02,856.0,316318,37.0,13,1.1,Short,68,Tuesday,0.01,0.27
gVgUHJdRC6c,Teaser,2018-10-02,601.0,61165,70.0,19,0.98,Short,37,Tuesday,0.11,0.98
94tAQhQ-gV4,Other,2018-10-02,2483.0,172218,270.0,0,2.3,Short,35,Tuesday,0.16,1.44
MqNUKLsSLnU,Other,2018-10-01,106.0,103314,5.0,1,3.35,Short,36,Monday,0.0,0.1
MCEW49z7alY,Teaser,2018-10-01,6285.0,280228,1150.0,17,2.47,Short,40,Monday,0.41,2.24
zezexbKUUGk,Teaser,2018-09-27,677.0,44070,113.0,17,1.02,Short,38,Thursday,0.26,1.54
BTR0YLgC_qY,Teaser,2018-09-27,3728.0,172095,157.0,12,1.35,Short,47,Thursday,0.09,2.17
85XBJ6vNpbY,Other,2018-09-25,1887.0,69519,50.0,17,2.77,Short,48,Tuesday,0.07,2.71
5D44xtgZlv8,Other,2018-09-24,41185.0,18407319,1823.0,0,0.85,Short,41,Monday,0.01,0.22
lrhYGF_tzac,Teaser,2018-09-24,2305.0,162860,84.0,5,2.43,Short,50,Monday,0.05,1.42
yG9V77XB6vg,Announcement,2018-09-21,43751.0,1629574,2097.0,17,0.77,Short,60,Friday,0.13,2.68
qUrOIMKYIMI,Other,2018-09-20,592.0,29743,31.0,13,1.52,Short,55,Thursday,0.1,1.99
uavLZTbWh5o,Teaser,2018-09-12,140.0,8064,14.0,27,1.65,Short,39,Wednesday,0.17,1.74
J1LrsNYL4YQ,Other,2018-09-08,567.0,44374,22.0,36,0.68,Short,34,Saturday,0.05,1.28
6INM25BAz4g,Announcement,2018-09-06,259.0,32521,27.0,35,0.72,Short,49,Thursday,0.08,0.8
eYU6mduzkJ8,Teaser,2018-09-05,432.0,26842,18.0,10,0.42,Short,45,Wednesday,0.07,1.61
eHxObzRJKLM,Teaser,2018-09-05,1428.0,129514,66.0,12,0.5,Short,36,Wednesday,0.05,1.1
cI7ssD2bgV0,Clip,2018-09-03,559.0,37978,53.0,13,2.87,Short,60,Monday,0.14,1.47
rC1L6vE6cnU,Teaser,2018-09-01,350.0,49967,26.0,26,1.68,Short,51,Saturday,0.05,0.7
8EZnQ4EEjkk,Action,2018-08-30,126.0,39242,14.0,1,2.27,Short,73,Thursday,0.04,0.32
0LSgWzzaTD4,Other,2018-08-27,2009.0,138009,100.0,13,1.95,Short,11,Monday,0.07,1.46
b7r7Z2WbJSQ,Teaser,2018-08-21,976.0,149059,45.0,8,2.13,Short,47,Tuesday,0.03,0.65
uIMjRlATqPM,Teaser,2018-08-20,459.0,50550,17.0,6,2.18,Short,51,Monday,0.03,0.91
ixQ8DxuZzHE,Teaser,2018-08-20,445.0,39360,28.0,18,1.9,Short,45,Monday,0.07,1.13
SoUv_9_pPws,Teaser,2018-08-17,180.0,30940,7.0,34,1.72,Short,74,Friday,0.02,0.58
ISuV-aC7pNI,Teaser,2018-08-16,549.0,31311,37.0,40,2.25,Short,60,Thursday,0.12,1.75
7yF2ydn-Tyk,Teaser,2018-08-16,908.0,82843,27.0,18,1.47,Short,42,Thursday,0.03,1.1
2zRk5j8Mz1g,Teaser,2018-08-16,792.0,125734,24.0,18,1.47,Short,43,Thursday,0.02,0.63
Fzmlsb--0bk,Teaser,2018-08-09,2087.0,167062,203.0,10,0.93,Short,45,Thursday,0.12,1.25
Kwqayc6tDPY,Teaser,2018-08-03,40118.0,18523444,2379.0,0,1.0,Short,37,Friday,0.01,0.22
okiUTMb8rSs,Teaser,2018-07-28,443.0,33816,11.0,37,0.77,Short,60,Saturday,0.03,1.31
sH7HVHLxK8w,Announcement,2018-07-27,5119.0,286980,242.0,6,0.45,Short,38,Friday,0.08,1.78
UC6wjydwmjc,Romance,2018-07-26,480.0,74380,7.0,24,2.05,Short,63,Thursday,0.01,0.65
IO3tV1eTtO4,Other,2018-07-25,61.0,10837,6.0,0,0.7,Short,16,Wednesday,0.06,0.56
GlsqNBdYco8,Teaser,2018-07-25,1360.0,340177,76.0,12,1.68,Short,54,Wednesday,0.02,0.4
_NTgCLxUIvc,Announcement,2018-07-24,625.0,51194,25.0,11,0.9,Short,48,Tuesday,0.05,1.22
RJkFDeC1qFQ,Teaser,2018-07-13,264.0,53183,12.0,4,1.57,Short,47,Friday,0.02,0.5
5bel89xg_qY,Teaser,2018-07-11,219.0,23282,13.0,1,2.45,Short,39,Wednesday,0.06,0.94
njXrARC9fxw,Teaser,2018-07-10,2367.0,237202,177.0,18,1.47,Short,34,Tuesday,0.07,1.0
wwCSDqZkGiY,Teaser,2018-07-06,616.0,58104,4.0,12,0.77,Short,29,Friday,0.01,1.06
DZzFCGIyPH4,Teaser,2018-06-28,463.0,30090,6.0,22,0.58,Short,38,Thursday,0.02,1.54
2oUPt5jw85I,Teaser,2018-06-28,336.0,41752,8.0,1,2.4,Short,83,Thursday,0.02,0.8
8clhDMXq0HM,Teaser,2018-06-27,127.0,26403,1.0,15,2.62,Short,71,Wednesday,0.0,0.48
zqx649JB_po,Teaser,2018-06-22,785.0,105699,23.0,8,2.48,Short,45,Friday,0.02,0.74
ooY5AJ_zcrk,Announcement,2018-06-21,281.0,33106,4.0,12,0.68,Short,39,Thursday,0.01,0.85
1lN3cpRMCbk,Romance,2018-06-21,702.0,202652,14.0,22,1.97,Short,57,Thursday,0.01,0.35
3wJx0Zvj8OE,Romance,2018-06-20,130.0,58950,7.0,5,0.85,Short,25,Wednesday,0.01,0.22
qK3L3x2SUvo,Teaser,2018-06-19,187.0,45180,10.0,1,1.82,Short,22,Tuesday,0.02,0.41
rYeK3GoRi3U,Teaser,2018-06-15,121.0,31266,2.0,7,0.92,Short,38,Friday,0.01,0.39
auaEQ1Wfm3c,Romance,2018-06-14,1835.0,793696,64.0,20,1.43,Short,36,Thursday,0.01,0.23
tBk5W_apATw,Teaser,2018-06-11,50.0,19605,5.0,1,2.28,Short,43,Monday,0.03,0.26
t0bfZxPwVNw,Clip,2018-05-25,569.0,40054,9.0,32,0.93,Short,71,Friday,0.02,1.42
h0xh3tqFgT4,Teaser,2018-05-22,469.0,47864,20.0,11,2.43,Short,63,Tuesday,0.04,0.98
uDEDWhU7un0,Teaser,2018-05-18,14267.0,3807322,178.0,20,1.83,Short,41,Friday,0.0,0.37
u0CvfCQKlh8,Teaser,2018-05-14,324.0,82886,11.0,7,1.45,Short,53,Monday,0.01,0.39
04rV4HUuevM,Other,2018-05-04,195.0,45676,11.0,31,2.67,Short,49,Friday,0.02,0.43
phWxgUmvjGU,Other,2018-05-04,326.0,33888,18.0,22,1.77,Short,36,Friday,0.05,0.96
BN3v4xSgwdU,Teaser,2018-05-04,823.0,119022,30.0,14,0.92,Short,36,Friday,0.03,0.69
6SLGTo3qM3c,Teaser,2018-05-01,154.0,40943,10.0,1,2.42,Short,29,Tuesday,0.02,0.38
9flMBZwixuM,Other,2018-04-24,275.0,116054,26.0,8,3.85,Short,31,Tuesday,0.02,0.24
Qai7d0f-_NM,Other,2018-04-12,448.0,51821,13.0,34,1.9,Short,62,Thursday,0.03,0.86
8QkVoTL3UEc,Other,2018-04-12,225.0,29517,10.0,23,2.97,Short,69,Thursday,0.03,0.76
2T_3qYLj8oU,Teaser,2018-04-07,503.0,149253,48.0,7,2.15,Short,54,Saturday,0.03,0.34
DUnfT2cQwv0,Teaser,2018-04-03,156.0,34255,9.0,15,2.03,Short,39,Tuesday,0.03,0.46
asxx8fnzjBQ,Other,2018-04-02,26609.0,24051981,2410.0,0,0.52,Short,20,Monday,0.01,0.11
fJ3cE6Hzg3Q,Other,2018-04-02,146.0,3582965,10.0,0,0.52,Short,18,Monday,0.0,0.0
z8AA5xwRkb0,Other,2018-04-02,36.0,4419563,8.0,0,0.52,Short,16,Monday,0.0,0.0
kzbnx_errwE,Clip,2018-03-29,1000.0,61145,16.0,23,2.93,Short,70,Thursday,0.03,1.64
dEHhUwWfxmI,Teaser,2018-03-29,1218.0,121711,20.0,18,1.72,Short,49,Thursday,0.02,1.0
21o_Y8Mxheo,Announcement,2018-03-26,257.0,29539,15.0,16,0.47,Short,42,Monday,0.05,0.87
udEltHztOVo,Announcement,2018-03-22,161.0,87942,13.0,20,1.02,Short,43,Thursday,0.01,0.18
yB7dLZNW6Cg,Teaser,2018-03-19,148.0,56854,12.0,29,1.37,Short,40,Monday,0.02,0.26
HK5hlM9Zzao,Teaser,2018-03-13,581.0,235603,26.0,10,1.73,Short,37,Tuesday,0.01,0.25
n5GQ8wkn4T4,Teaser,2018-03-08,106.0,56553,19.0,30,2.32,Short,51,Thursday,0.03,0.19
wsxhknW4qto,Teaser,2018-03-06,739.0,141632,32.0,20,2.72,Short,47,Tuesday,0.02,0.52
ZITiLJ3HeKc,Teaser,2018-02-22,135.0,31575,20.0,1,2.45,Short,41,Thursday,0.06,0.43
KFg1vpyK8Ac,Announcement,2018-02-21,100.0,28517,12.0,15,1.38,Short,48,Wednesday,0.04,0.35
p42eQD-1uDE,Teaser,2018-02-16,52.0,8958,7.0,20,1.12,Short,45,Friday,0.08,0.58
pl-Y6FYU65A,Other,2018-02-09,60.0,5054,1.0,0,0.9,Short,20,Friday,0.02,1.19
EKF49zJSRB4,Other,2018-02-09,35.0,3583,8.0,0,0.97,Short,16,Friday,0.22,0.98
2I_eypETmKo,Romance,2018-01-24,16112.0,2138817,381.0,12,2.12,Short,63,Wednesday,0.02,0.75
YrRJ4jvEiOs,Teaser,2018-01-12,169.0,25952,6.0,0,2.52,Short,39,Friday,0.02,0.65
_71itRXeUi0,Teaser,2018-01-04,47.0,3331,4.0,23,2.5,Short,49,Thursday,0.12,1.41
g-CFNJUhHaI,Other,2017-10-26,465.0,35172,16.0,4,0.8,Short,65,Thursday,0.05,1.32
Uq0soWMpkv8,Teaser,2017-09-26,35985.0,3975267,1324.0,1,3.73,Short,41,Tuesday,0.03,0.91
of_aEblt1r8,Teaser,2017-09-19,81.0,10598,4.0,1,2.08,Short,53,Tuesday,0.04,0.76
YUcIiKpF3CQ,Teaser,2017-09-06,2371.0,1119727,92.0,16,2.4,Short,47,Wednesday,0.01,0.21
LZw-56tYfTE,Teaser,2017-08-10,362.0,36867,8.0,9,1.4,Short,42,Thursday,0.02,0.98
kkfkAfxD6WU,Teaser,2017-08-02,119.0,13100,7.0,10,1.73,Short,61,Wednesday,0.05,0.91
P5SkacqkvkM,Teaser,2017-07-22,135.0,32501,10.0,33,2.68,Short,54,Saturday,0.03,0.42
JaIXz4ULUCE,Teaser,2017-07-14,220.0,54661,6.0,5,2.1,Short,34,Friday,0.01,0.4
Ca9X3vUYWzs,Teaser,2017-07-11,410.0,153552,19.0,0,1.3,Short,79,Tuesday,0.01,0.27
XuIVa_K59QE,Teaser,2017-07-04,5052.0,1253173,128.0,0,3.33,Short,31,Tuesday,0.01,0.4
SiW9g5LtJ5Q,Teaser,2017-06-29,575.0,53317,33.0,4,2.13,Short,35,Thursday,0.06,1.08
-85yzvORUhI,Teaser,2017-06-28,555.0,94692,33.0,18,2.02,Short,54,Wednesday,0.03,0.59
Smg3L1mf_98,Teaser,2017-06-20,346.0,63378,7.0,2,2.27,Short,36,Tuesday,0.01,0.55
_xm50A3ohf0,Teaser,2017-06-14,139.0,21329,9.0,14,2.47,Short,54,Wednesday,0.04,0.65
iMIVq2q8-_A,Other,2017-06-08,1028.0,46304,25.0,19,3.75,Short,46,Thursday,0.05,2.22
hBuuioY5OFk,Other,2017-05-31,2621.0,244124,155.0,15,1.85,Short,42,Wednesday,0.06,1.07
KIpNbCrcRcI,Teaser,2017-05-18,298.0,68642,18.0,11,2.13,Short,29,Thursday,0.03,0.43
4MG8KmQhtpA,Other,2017-05-16,20811.0,1074805,633.0,21,5.02,Short,62,Tuesday,0.06,1.94
g8hn1LtR0t4,Other,2017-05-11,32.0,9020,0.0,13,0.58,Short,26,Thursday,0.0,0.35
97u8XZ0BXqU,Teaser,2017-05-10,899.0,185008,39.0,25,2.2,Short,44,Wednesday,0.02,0.49
F2xBMgWLfJk,Other,2017-04-23,452.0,677240,10.0,25,0.68,Short,39,Sunday,0.0,0.07
ZET4mCw3qls,Teaser,2017-04-18,3006.0,222842,155.0,22,1.23,Short,63,Tuesday,0.07,1.35
N55Ycg3qfAI,Teaser,2017-03-29,63.0,9006,1.0,19,2.02,Short,52,Wednesday,0.01,0.7
3ixD5mU1up0,Other,2017-03-16,323.0,58933,31.0,23,2.88,Short,37,Thursday,0.05,0.55
ScHg4RNoVWc,Other,2017-03-10,218.0,39788,10.0,4,0.52,Short,47,Friday,0.03,0.55
lggBmgw3XFk,Other,2017-03-10,108.0,295551,5.0,0,0.52,Short,50,Friday,0.0,0.04
0E9CpCElA8E,Other,2017-03-08,162.0,63873,9.0,42,2.25,Short,43,Wednesday,0.01,0.25
vCmuJTDAv3A,Other,2017-03-06,5717.0,5710665,559.0,5,0.52,Short,61,Monday,0.01,0.1
t8hnydeUGNg,Teaser,2017-02-28,38.0,10978,5.0,23,2.17,Short,43,Tuesday,0.05,0.35
OQ1r6DH24bI,Other,2017-02-22,134.0,29835,5.0,42,2.53,Short,54,Wednesday,0.02,0.45
PX8pDV4bg30,Romance,2017-02-14,277.0,202788,18.0,17,1.7,Short,49,Tuesday,0.01,0.14
ioXXEm7_mmY,Other,2017-02-13,20383.0,2198140,310.0,15,1.53,Short,45,Monday,0.01,0.93
GFgOGkmvLvo,Teaser,2017-02-08,23.0,3636,2.0,30,0.35,Short,27,Wednesday,0.06,0.63
xmHW71_ZnRw,Teaser,2017-02-07,1901.0,176378,153.0,42,2.18,Short,52,Tuesday,0.09,1.08
0rjB8ak8yqk,Other,2016-12-28,133.0,17317,2.0,37,1.22,Short,46,Wednesday,0.01,0.77
Ef3zqPSo8yk,Other,2016-12-01,19.0,1725,4.0,13,0.63,Short,17,Thursday,0.23,1.1
cD9dNe7ghPs,Other,2016-10-28,3308.0,4005687,495.0,20,0.58,Short,47,Friday,0.01,0.08
y_BZ3ZWPPuo,Other,2016-10-27,125.0,31185,5.0,9,2.4,Short,43,Thursday,0.02,0.4
uFPlMiMoGHM,Other,2016-10-27,101.0,96044,29.0,10,1.73,Short,40,Thursday,0.03,0.11
SiJnwkEmm_A,Other,2016-10-27,4599.0,3558764,598.0,30,1.0,Short,38,Thursday,0.02,0.13
VBK6ciLtd1I,Teaser,2016-10-25,4146.0,477512,143.0,12,2.37,Short,63,Tuesday,0.03,0.87
KGu4BiDZMX0,Teaser,2016-10-21,239.0,292647,88.0,0,1.72,Short,60,Friday,0.03,0.08
RG7AHnfAhwE,Romance,2016-10-20,120.0,54875,28.0,9,1.67,Short,42,Thursday,0.05,0.22
13EkH-8mWlg,Other,2016-10-05,571.0,54499,20.0,12,2.45,Short,54,Wednesday,0.04,1.05
MiYMAZCo7RI,Teaser,2016-10-03,85.0,17017,10.0,16,1.67,Short,40,Monday,0.06,0.5
OWj7ehUpHuU,Teaser,2016-09-29,105.0,48175,8.0,10,2.35,Short,74,Thursday,0.02,0.22
Vq4SH_af1rg,Other,2016-09-28,36.0,18997,3.0,11,1.88,Short,51,Wednesday,0.02,0.19
STcP5RYOJOQ,Other,2016-09-22,8372.0,433005,193.0,17,2.13,Short,35,Thursday,0.04,1.93
hiBqBxl_9bQ,Behind the Scenes,2016-09-21,586.0,57030,13.0,1,2.47,Short,43,Wednesday,0.02,1.03
DzWxQr8miRk,Teaser,2016-09-06,15.0,3569,3.0,12,1.42,Short,42,Tuesday,0.08,0.42
nqCz2eQdKIg,Other,2016-09-06,306.0,44161,24.0,25,0.5,Short,40,Tuesday,0.05,0.69
JO93wUHo8w0,Clip,2016-09-01,59.0,5265,4.0,25,1.12,Short,40,Thursday,0.08,1.12
RoWuudfyN28,Other,2016-08-14,46.0,3197,9.0,20,0.85,Short,35,Sunday,0.28,1.44
B4R02hzbKiY,Other,2016-08-14,566.0,49533,13.0,20,1.68,Short,38,Sunday,0.03,1.14
lwrIYUBOHLs,Teaser,2016-08-08,89.0,33146,3.0,17,0.88,Short,52,Monday,0.01,0.27
lmjdHC64S70,Other,2016-08-05,985.0,106739,24.0,32,1.75,Short,54,Friday,0.02,0.92
F36Mj5IAFqc,Clip,2016-08-03,53.0,30167,5.0,6,3.08,Short,50,Wednesday,0.02,0.18
BRoAbfsFj2g,Teaser,2016-07-27,188.0,128066,18.0,3,1.08,Short,38,Wednesday,0.01,0.15
wVXwcc1BAfY,Interview,2016-07-20,152.0,17337,5.0,26,3.1,Short,61,Wednesday,0.03,0.88
wYn1uoN2WYc,Other,2016-07-14,3640.0,240880,854.0,25,8.68,Short,60,Thursday,0.35,1.51
0ZtBSRUaDiM,Other,2016-07-08,256.0,37628,10.0,42,3.35,Short,33,Friday,0.03,0.68
jrQ2BMBDq_E,Other,2016-06-17,663.0,117356,21.0,28,1.02,Short,61,Friday,0.02,0.56
59Bn98DvO-0,Announcement,2016-06-15,506.0,55580,19.0,32,0.75,Short,68,Wednesday,0.03,0.91
s0Q9m8DKp8I,Other,2016-06-13,323.0,53138,19.0,27,0.75,Short,68,Monday,0.04,0.61
3qngpGAS6wE,Announcement,2016-05-17,819.0,49164,130.0,17,0.45,Short,51,Tuesday,0.26,1.67
