video_id,title_list
KQ2a4uawQBo,Meet The Real Honey Singh
KQ2a4uawQBo,Yo Yo Honey Singh: Famous
KQ2a4uawQBo,Watch Now
KQ2a4uawQBo,Netflix India
bOR7S0j_wq8,"Akshay Kumar Almost Gets Caught Cheating! Ft Taapsee Pannu, Vaani Kapoor"
bOR7S0j_wq8,Khel Khel Mein
GRM8Q-1fVJ0,Black Warrant
GRM8Q-1fVJ0,Official Teaser
GRM8Q-1fVJ0,"Vikramaditya Motwane, Zahan Kapoor, Rahul Bhat"
GRM8Q-1fVJ0,Netflix India
b0b8WBglCHo,The Electric State
b0b8WBglCHo,Official Trailer
b0b8WBglCHo,Netflix India
QCPOl_7cdnQ,The Electric State
QCPOl_7cdnQ,Official Trailer
QCPOl_7cdnQ,Hindi
QCPOl_7cdnQ,Netflix India
fnW94seS5Z8,Squid Games Deadliest Final Fight Revealed!
fnW94seS5Z8,Full Scene In Hindi Dub
fnW94seS5Z8,Netflix India
xoS6bREFwzI,Jimmy Shergill'S Unexpected Phone-Call Left Avinash Tiwary Speechless #Sikandarkamuqaddar
OEKlIWfjgxs,Rohit-Prajakta Vs Taaruk-Ahsaas:The Ultimate Couples Challenge?!
OEKlIWfjgxs,Mismatched
OEKlIWfjgxs,Netflix India
YvDYWdRE1QE,Rohit Sharma Can'T Stop Laughing At These Wild Instagram Comments Ft. Kapil Sharma
YvDYWdRE1QE,Tgiks
5cWxe6yMIKE,Prajakta Koli'S Adorable Surpise For Rohit Saraf
5cWxe6yMIKE,Mismatched: Season 3
5cWxe6yMIKE,Netflix India
rtPNAdvb0vc,Beyonc. Halftime Of Ravens Vs. Texans. Kickoff
rtPNAdvb0vc,Netflix India
IsQOfF7Hft0,Hanumankind The Game Dont Stop
IsQOfF7Hft0,Squid Game 2
IsQOfF7Hft0,"Kalmi, Parimal Shais"
IsQOfF7Hft0,Netflix India
GRQLgMJIgls,Alia Bhatt Risks Her Life For Her Jigra Ft. Vedang Raina
GRQLgMJIgls,Netflix India
e17KNxmDK-s,Vijay Raaz Proposes To Mallika Sherawat.. And It Goes Hilariously Wrong!
e17KNxmDK-s,Vvkwwv
e17KNxmDK-s,Netflix
86HQHDZLs7Y,Wamiqa Gabbi Reveals The Meaning Of Her Name?! Ft. Varun Dhawan #Tgiks
nODPA-8vc_w,Sunil Grover'S Hilarious Mimicry Of Srk In Jawan #Tgiks
UzlOXq_B_vo,The Adulting Challenge Ft. Mismatched Cast
UzlOXq_B_vo,"Prajakta Koli, Rohit Saraf"
UzlOXq_B_vo,Mismatched: Season 3
8_ilZmLtIBo,Sai Pallavi & Sivakarthikeyans Magical Love Story In #Amaran Will Steal Your Heart
8_ilZmLtIBo,Netflix
aw7aOjvGbdc,Mallika Sherawats Most Awkward Interview With @Aishmrj
aw7aOjvGbdc,Vicky Vidya Ka Woh Wala Video
r_wF3dh8JTo,Rohit Sarafs Adorable Proposal To Prajakta Koli
r_wF3dh8JTo,Watch Now
r_wF3dh8JTo,Mismatched Season 3
O90_Em-Tcn0,"Sunil Grover'S Epic Siddhu Paaji Mimicry Ft. Navjot Singh Sidhu, Harbhajan Singh"
O90_Em-Tcn0,#Tgiks
Y011of6b57E,Rohit Saraf & Prajakta Koli'S Cute (Non) Date
Y011of6b57E,@Mostlysane
Y011of6b57E,Netflix India
kBeO6r2Q6eA,Alia Bhatt Turns Bachchan To Protect Her Brother Vedang Raina Ft. Manoj Pahwa
kBeO6r2Q6eA,Netflix India
31ZPeROlnq4,Sivakarthikeyan As Major Mukund: The Face Of The Indian Army In #Amaran !
31ZPeROlnq4,Netflix India
LBcoOZipqjY,Karthis Bull Dhoni Wins Jallikattu! Ft. Arvind Swamy & Sri Divya
LBcoOZipqjY,#Meiyazhagan
LBcoOZipqjY,Netflix India
kKY7uL56loo,Action & Entertainment Mode On
kKY7uL56loo,"Varun Dhawan, Keerthy Suresh"
kKY7uL56loo,The Great Indian Kapil Show
gAdPoPSUi-8,Triptii Dimri & Rajkummar Raos Cheesiest Pick-Up Lines! #Vickyvidyakawohwalavideo
fYPG1KH2Si4,Yeh Kaali Kaali Ankhein
fYPG1KH2Si4,Season 3 Coming Soon
fYPG1KH2Si4,Netflix India
eMuhMVqtmsI,Squid Game : The Revisit Ft. @Onlydesi
eMuhMVqtmsI,Netflix India
OFtWhDeTmCQ,"Krushna & Kiku'S Funniest Alia Bhatt Mimicry Ft. Vedang Raina, Karan Johar"
OFtWhDeTmCQ,#Tgiks
OFtWhDeTmCQ,Netflix
UQjJViWXzIc,"The Ultimate Sibling Test Ft. Alia Bhatt, Vedang Raina"
UQjJViWXzIc,Jigra
UQjJViWXzIc,Netflix India
4fFK1LU0U3c,Yo Yo Honey Singh: Famous
4fFK1LU0U3c,Official Trailer
4fFK1LU0U3c,Netflix India
QbNv1LMPdPI,"Bassi & Kapil Sharma Reveal Comedy Secrets, On-Set Moments & More With The Gang"
QbNv1LMPdPI,Tgiks
QbNv1LMPdPI,Netflix
dLPu7j82oHg,Triptii Dimri & Rajkummar Rao Try Cheesy Pick Up Lines!
dLPu7j82oHg,Vicky Vidya Ka Woh Wala Video
dLPu7j82oHg,Netflix
3sTsUEW3X8o,Alia Bhatt Risks Everything To Save Vedang Raina
3sTsUEW3X8o,Jigra
3sTsUEW3X8o,Netflix India
jzJT89Y0x9w,Sunil Grover & Krushnas Epic Srk-Salman Mimicry Ft. Rekha
jzJT89Y0x9w,#Tgiks
jzJT89Y0x9w,Netflix India
WHM3SSCi9fY,Yo Yo Honey Singh Answers Internets Most Searched Questions
WHM3SSCi9fY,Yo Yo Honey Singh: Famous
ArrZ59gVJqU,Triptii Dimri Fumes At Rajkummar Rao For Losing The Cd
ArrZ59gVJqU,Vicky Vidya Ka Woh Wala Video
67WsJLAKJng,Alia Bhatt Vs Vedang Raina: Who Will Win The Pictionary Challenge?
67WsJLAKJng,Jigra
67WsJLAKJng,Netflix India
yW1PoJ8GFVE,Sai Pallavi Surprises Sivakarthikeyan & Family At His Passing Out Ceremony!
yW1PoJ8GFVE,Amaran
O7-wY0J8N5I,Rajkummar Rao Aur Triptii Dimri Ki Woh Wali Cd Gaayab?
O7-wY0J8N5I,Vicky Vidya Ka Woh Wala Video
O7-wY0J8N5I,Watch Now
X8r_O9pUric,Tamannaah Bhatia'S Most Awkward Interview With @Aishmrj
X8r_O9pUric,Sikandar Ka Muqaddar
X8r_O9pUric,Netflix India
4liP09haI9g,Vicky Vidya Ka Woh Wala Video
4liP09haI9g,Official Trailer
4liP09haI9g,"Rajkummar Rao, Triptii Dimri"
4liP09haI9g,Netflix India
PiwXva7-d8o,Prajakta Koli & Rohit Saraf'S Adorable Love Story
PiwXva7-d8o,Aise Kyun
PiwXva7-d8o,Rekha Bhardwaj
PiwXva7-d8o,Mismatched
s5Y4HDjrLT4,"Kartik Aaryan, Triptii Dimri, Vidya Balans Hilarious Round Of Truth Or Dare Ft. Sunil Grover"
JmEy8uid_Hk,Jigra
JmEy8uid_Hk,Trailer
JmEy8uid_Hk,"Alia Bhatt, Vedang Raina"
JmEy8uid_Hk,Netflix India
2zIGp0S9WEk,Nayanthara & Vigneshs Surprise Mehndi Celebration A Day Filled With Love & Laughter
2zIGp0S9WEk,Netflix
duMpH-KlrqA,Dulquers Epic Plan To Fool The Police Ft. Maanasa Choudhary!
duMpH-KlrqA,Lucky Baskhar
duMpH-KlrqA,Netflix India
hU-I7frymcA,The Timeless Queen Of Bollywood
hU-I7frymcA,Rekha
hU-I7frymcA,The Great Indian Kapil Show
hU-I7frymcA,Netflix
IUsnelFWVNM,"Sunil Grover'S Hilarious Mimicry As Rajagoli Ft. Ntr, Saif Ali Khan"
IUsnelFWVNM,S2 Episode 2
IUsnelFWVNM,#Tgiks
lJxQ7KLXx2M,"4 Times Bollywood Went Full Roast Mode Ft. Kareena, Ranbir, Srk & More"
lJxQ7KLXx2M,Netflix India
ufDz0PUW5xI,Squid Games Deadliest Glass Bridge Challenge!
ufDz0PUW5xI,Hindi Dub
ufDz0PUW5xI,Netflix India
e4YB_HPsams,Mismatched: Season 3
e4YB_HPsams,Official Trailer
e4YB_HPsams,"@Mostlysane, Rohit Saraf, Ahsaas Channa"
e4YB_HPsams,Netflix India
9tHSW80pNkU,The Epic Rap Battle We Never Saw Coming!
9tHSW80pNkU,Avinash Tiwary Vs Jimmy Sheirgill
9tHSW80pNkU,Sikandar Ka Muqaddar
H7FT-d4YA74,Amaran
H7FT-d4YA74,Trailer
H7FT-d4YA74,"Sivakarthikeyan, Sai Pallavi"
H7FT-d4YA74,Netflix India
Chah3-PfmKs,Krushna Ne Maangi Govinda Se Maafi?!
Chah3-PfmKs,The Great Indian Kapil Show
Chah3-PfmKs,Netflix India
x9THNQpUyEs,Mismatched Season 2 Recap
x9THNQpUyEs,Everything You Need To Know Before Season 3
x9THNQpUyEs,"Prajakta Koli, Rohit Saraf"
2jm0K7M5baI,Dulquer Smartly Distracts His Boss With A Phonecall!
2jm0K7M5baI,Lucky Baskhar
2jm0K7M5baI,Netflix India
F4nttsZ78x0,Senna
F4nttsZ78x0,Watch Now
F4nttsZ78x0,Netflix India
jUTnngop3Do,The Best Feel Good Movie Recommendations Ft. @Bnftv #Ludo #Meiyazhagan #Rushhour & More
Boq9HIO5J04,Guess The Language Challenge
Boq9HIO5J04,"Kapil, Sunil, Archana & Team On The Great Indian Kapil Show"
sqoBgJiLQck,Sikandar Ka Muqaddar
sqoBgJiLQck,Watch Now
sqoBgJiLQck,"Tamannaah Bhatia, Jimmy Shergill, Avinash Tiwary"
-32yhx4DAQc,Hero No.1 Govinda With Chunky Panday And Shakti Kapoor On The Great Indian Kapil Show
-32yhx4DAQc,Netflix
AD6DyYbR4SA,Ultimate Top 10 Feel-Good Movies On Netflix
AD6DyYbR4SA,Hindi Dub
AD6DyYbR4SA,@Bnftv
vWFBVpYEJBY,Gurmeet Choudhary Grills Tahir Raj Bhasin'S Sister To Uncover The Truth
vWFBVpYEJBY,Yeh Kaali Kaali Ankhein
wJjmgkb7Tug,90S Comedy Legends Reunite
wJjmgkb7Tug,"Govinda, Chunky, Shakti"
wJjmgkb7Tug,The Great Indian Kapil Show
wJjmgkb7Tug,Netflix
QdnOKWn6OWI,Shweta Tripathi Cant Believe Her Eyes #Yehkaalikaaliankheinseason2
SF6kPR9a9Nk,: 2
SF6kPR9a9Nk,
SF6kPR9a9Nk,Netflix
7vqyNHCAmjg,Squid Game: 2
7vqyNHCAmjg,
7vqyNHCAmjg,Netflix
fg8lCbXgP4U,Squid Game: Season 2
fg8lCbXgP4U,Official Trailer
fg8lCbXgP4U,Hindi
fg8lCbXgP4U,Netflix
y35ZD2rpizs,Squid Game: Season 2
y35ZD2rpizs,Official Trailer
y35ZD2rpizs,Netflix India
bz-Z9EvB_q0,@Mostlysane & Rohit Saraf'S Big Fight!
bz-Z9EvB_q0,Mismatched S2
bz-Z9EvB_q0,Netflix India
Kv5RKsqVe-Y,Lucky Baskhar
Kv5RKsqVe-Y,Official Trailer
Kv5RKsqVe-Y,"Dulquer Salmaan, Meenakshi Chaudhary"
Kv5RKsqVe-Y,Netflix India
rs5JUwu3Cx4,"Prakhar Ke Pravachan: Srk Stories, High-Octane Action & Yeh Kaali Kaali Ankhein Season 2 Secrets"
2rl0tlLG2kI,"Squid Games Deadly Red Light, Green Light Game"
2rl0tlLG2kI,Hindi Dub
2rl0tlLG2kI,Netflix India
agi0E2OGgpU,Aanchal Singgh Narrowly Escapes From Kidnappers
agi0E2OGgpU,Yeh Kaali Kaali Ankhein Season 2
jj-ZQ8sGL6s,Sonakshi Sinha & Her Mom Expose Their Husbands By Rating Them! #Tgiks
BxYM7ZLbcL4,"Nayanthara & Vignesh Shivans Star Studded Wedding Ceremony Ft. Srk, Rajinikanth"
ADVWPQ_QWBE,The Sinhas Take Over!
ADVWPQ_QWBE,Shatrughan & Sonakshi Sinha On #Thegreatindiankapilshow
ADVWPQ_QWBE,Netflix
z5FDwlG7qQY,Ntrs Decision To Stop Smuggling Shocks Saif Ali Khan!
z5FDwlG7qQY,Devara
z5FDwlG7qQY,Hindi Clip
z5FDwlG7qQY,Netflix India
qM_nHVAxMLk,Laptop Ki Deep Cleaning Ka Asli Tareekaft. Aanchal Singgh
qM_nHVAxMLk,Yeh Kaali Kaali Ankhein Season 2
zjgLabMy_fs,Devara Now In Hindi
zjgLabMy_fs,Netflix India
kXbJ3sfdCzU,Jimmy Shergills Masterplan To Crack The 60Cr Diamond Heist! #Sikandarkamuqaddar
hgrMT9EzDFc,Kapil & Teams Hilarious Draw & Guess Challenge
hgrMT9EzDFc,The Great Indian Kapil Show
FLwu2XnulrA,Yeh Kaali Kaali Ankhein Season 2
FLwu2XnulrA,Watch Now
FLwu2XnulrA,"Tahir, Aanchal, Shweta, Gurmeet"
FLwu2XnulrA,Netflix India
Lbl_eUTrehA,Black Doves
Lbl_eUTrehA,Official Trailer #2
Lbl_eUTrehA,Netflix
z6_7tCgpDog,Wwe Comes To Netflix Live!
z6_7tCgpDog,2025
z6_7tCgpDog,Netflix India
0LFaAu_XUOg,Thehre Rahen
0LFaAu_XUOg,Music Video
0LFaAu_XUOg,Sikandar Ka Muqaddar
0LFaAu_XUOg,"Jubin Nautiyal, Manoj M, Payal Dev"
0LFaAu_XUOg,Netflix
1Xzwsf6o4mk,Sinha Parivaar
1Xzwsf6o4mk,Coming Soon
1Xzwsf6o4mk,#Tgiks
fRsj7KPNaqU,Gurmeet Choudhary Is Left Heartbroken Ft. Aanchal Singgh
fRsj7KPNaqU,Yeh Kaali Kaali Ankhein Season 2
EmfEfxnQalk,Nayanthara On Dealing With Past Relationships
EmfEfxnQalk,Nayanthara: Beyond The Fairy Tale
bCU5MKl7fJg,Mismatched S3
bCU5MKl7fJg,Date Announcement
bCU5MKl7fJg,"Prajakta Koli, Rohit Saraf"
Z_j5MiTnGLY,Aamir Khans Most Important Advice To Boost Your Mental Health!
3Yxz80tndZM,Gurmeet Choudharys Questions Shock Tahir Raj Bhasin
3Yxz80tndZM,Yeh Kaali Kaali Ankhein Season 2
P1CRseszXSI,No One Will Stay Khamosh! Shatrughan & Sonakshi Sinha On The Great Indian Kapil Show
P1CRseszXSI,Netflix
4PitpZ9-yZA,Meet Inspector Jaswinder Singh
4PitpZ9-yZA,Jimmy Shergill
4PitpZ9-yZA,Sikandar Ka Muqaddar
4PitpZ9-yZA,Netflix India
lWnxjEDnxyM,Yeh Kaali Kaali Ankhein Season 1 Recap
lWnxjEDnxyM,Everything You Need To Know Before Season 2
lWnxjEDnxyM,Netflix India
Z0rfeh1B5vQ,Apple Cider Vinegar
Z0rfeh1B5vQ,Official Teaser
Z0rfeh1B5vQ,Netflix
7KVOgKUd-y4,Kaun Hoga Aaropi?!
7KVOgKUd-y4,Sikandar Ka Muqaddar
7KVOgKUd-y4,"Jimmy S, Avinash T, Tamannaah B"
qOAQPvq1cGE,Nayanthara: Beyond The Fairy Tale
qOAQPvq1cGE,The Rise Of A Lady Superstar
qOAQPvq1cGE,Netflix India
pJsgL-hjgIQ,"Sunil Grover'S Iconic Siddhu Paaji Mimicry Ft. Navjot Singh Sidhu, Harbhajan Singh"
pJsgL-hjgIQ,#Tgiks
Kqya9ql7hM0,"Aamir Khan Talks Therapy, Mental Health & More Ft. Ira Khan & Dr. Vivek Murthy"
Kqya9ql7hM0,Netflix India
2nogqX-idpY,Anupam Kher & Mihir Ahuja Epic Clash Battle
2nogqX-idpY,Vijay 69
2nogqX-idpY,Netflix India
SJezVEP--1E,Navjot Singh Sidhu & Harbhajan Ke Saath Sher-O-Shayari
SJezVEP--1E,The Great Indian Kapil Show
SJezVEP--1E,Netflix
eE61ZuQ5vUI,Anupam Kher Takes On An Unexpected Challenge In A Fit Of Rage
eE61ZuQ5vUI,Vijay 69
eE61ZuQ5vUI,Netflix India
RASSqBYFZM8,Nayanthara Recalls How She Fell In Love With Vignesh Shivan
RASSqBYFZM8,Nayanthara: Beyond The Fairy Tale
cVUHeGuU2p8,Kareena Kapoor Reveals Her True Feelings To Her Dad
cVUHeGuU2p8,The Buckingham Murders
cVUHeGuU2p8,Netflix India
TNe43xnL0z8,Back In Action
TNe43xnL0z8,Official Teaser
TNe43xnL0z8,Netflix
psKH68ZC5qY,Kapil & Crews Most Adorable Interview Yet With Inayat Verma
psKH68ZC5qY,The Great Indian Kapil Show
mrD1hACPdmY,Navjot Singh Sidhu & Harbhajan Singh Bring The Punjab Energy To The Great Indian Kapil Show
fbBIZWvzA6Y,The Night Agent: Season 2
fbBIZWvzA6Y,Official Teaser
fbBIZWvzA6Y,Netflix
Ry14-o6OypI,Jr. Ntr Challenges Saif Ali Khan To A One Arm Fight!
Ry14-o6OypI,#Devara
Ry14-o6OypI,Netflix India
mkF51ryTkck,Yeh Kaali Kaali Ankhein: Season 2
mkF51ryTkck,Official Trailer
mkF51ryTkck,"Tahir, Aanchal, Shweta, Gurmeet"
mkF51ryTkck,Netflix
_cC8TVQhzlg,Yeh Kaali Kaali Ankhein Season 2
_cC8TVQhzlg,Trailer Out Tomorrow!
SnSKZW4I3H8,Neelesh Misra With Anupam Kher & Chunky Panday: Lifelong Lessons In Acting & Failure
SnSKZW4I3H8,Vijay 69
2iaqK0pk2wI,Nayanthara: The X Factor That Made Her A Superstar Ft. Nagarjuna & Rana Daggubati
2iaqK0pk2wI,Netflix India
X-AVPuQy7QU,Anupam Kher & Chunky Pandays Ultimate Try Not To Laugh Challenge
X-AVPuQy7QU,Vijay 69
X-AVPuQy7QU,Netflix India
incbkkV-6vA,Sikandar Ka Muqaddar
incbkkV-6vA,Official Trailer
incbkkV-6vA,"Tamannaah Bhatia, Jimmy Shergill, Avinash Tiwary"
1HSsBwAU3KQ,Sudha Murthy & Narayana Murthys Heartwarming First Meeting  #Thegreatindiankapilshow
IC9lCgR6Wrk,"When Kareena Kapoor Hits, She Hits Hard!"
IC9lCgR6Wrk,The Buckingham Murders
IC9lCgR6Wrk,Netflix India
NTHOOeFfwWE,Kapil Sharma Cant Stop Laughing At Boxing Champion Neeraj Goyats Pookie Story!
NTHOOeFfwWE,#Tgiks
GvfCCm0ap3Y,The Buckingham Murders
GvfCCm0ap3Y,Official Trailer
GvfCCm0ap3Y,Kareena Kapoor Khan
KwTAGoleHAY,Nayanthara: Beyond The Fairy Tale
KwTAGoleHAY,Official Trailer
KwTAGoleHAY,Netflix India
eSN9YnoQu5Y,Jake Paul Responds To Haters Ahead Of Boxing Fight With Mike Tyson
eSN9YnoQu5Y,Netflix
xvcNskZWkks,Vijay 69
xvcNskZWkks,Watch Now
xvcNskZWkks,"Anupam Kher, Chunky Panday, Mihir Ahuja"
xvcNskZWkks,Netflix India
F5gP3AlAZb4,Sunil Grover'S Hilarious Mimicry Of Superstar Director Rajagoli Ft. Jr. Ntr & Saif Ali Khan
izT-_m0ZYAA,Devara
izT-_m0ZYAA,Kannada Trailer
izT-_m0ZYAA,"Jr. Ntr, Saif Ali Khan, Janhvi Kapoor"
izT-_m0ZYAA,Netflix India
QqRqxt9psW8,Devara
QqRqxt9psW8,Malayalam Trailer
QqRqxt9psW8,"Jr. Ntr, Saif Ali Khan, Janhvi Kapoor"
QqRqxt9psW8,Netflix India
RGQbgiL_f2o,Devara
RGQbgiL_f2o,Tamil Trailer
RGQbgiL_f2o,"Jr. Ntr, Saif Ali Khan, Janhvi Kapoor"
RGQbgiL_f2o,Netflix India
qSEeQXzFspk,Stranger Things 5
qSEeQXzFspk,Title Teaser
qSEeQXzFspk,Netflix India
nB2ldeVAX9U,Devara
nB2ldeVAX9U,Official Trailer
nB2ldeVAX9U,"Jr. Ntr, Saif Ali Khan, Janhvi Kapoor"
nB2ldeVAX9U,Netflix India
O9VQFMiWTL4,"Business Icons: Deepinder Goyal, Narayana & Sudha Murty"
O9VQFMiWTL4,The Great Indian Kapil Show
O9VQFMiWTL4,Netflix
9D0PdDRX4gI,Bollywood Couples Ke Kalesh Ft. @Mythpat & @Urmilaaa
9D0PdDRX4gI,Netflix India
5rfvs8LMFYo,Sunil Grover & Krushnas Iconic Srk-Salman Mimicry Ft. Kartik Aaryan & Tripti Dimri
5rfvs8LMFYo,#Tgiks
fqB9MuC3M4M,"Most Romantic Climaxes Ever Ft. Ranbir Kapoor, Srk, & More! #Tamasha #Merrychristmas"
Tp5mw1dWEtM,Yeh Kaali Kaali Ankhein: Season 1
Tp5mw1dWEtM,Episode 2
Tp5mw1dWEtM,"Tahir Raj Bhasin, Shweta Tripathi, Aanchal Singgh"
osJhCbK215k,Yeh Kaali Kaali Ankhein: Season 1
osJhCbK215k,Episode 1
osJhCbK215k,"Tahir Raj Bhasin, Shweta Tripathi, Anchal Singh"
HMv_Q6wzf7Q,Karthi Fondly Recalls Jallikattu Memories Ft. Arvind Swami
HMv_Q6wzf7Q,Deleted Scene
HMv_Q6wzf7Q,#Meiyazhagan
8nNnFgXa-b0,Kritis Twin Sister Tries To Steal Her Wedding!
8nNnFgXa-b0,#Dopatti
8nNnFgXa-b0,Netflix India
q7ogv59InF4,"Humour Bhi, Horror Bhi"
q7ogv59InF4,"Kartik, Vidya, Triptii"
q7ogv59InF4,The Great Indian Kapil Show
q7ogv59InF4,Netflix
nfYH0VUn8Ao,A Fabulous Reunion With The Ladies Ft. Karan Johar
nfYH0VUn8Ao,Fabulous Lives Vs Bollywood Wives Season 3
94KbUsqDmEE,"Love Through Srk'S Eyes Ft. The Romantics, Dil Se, Kal Ho Naa Ho, Swades & More"
5Z6OUIRpASg,"Wishing The King Of The World, A Very Happy Birthday"
5Z6OUIRpASg,Srk Birthday Special
l5_G5GXfm54,Shahrukh Khan: The Journey Of A Legend!
l5_G5GXfm54,Birthday Special
l5_G5GXfm54,Netflix India
n_POSFJ54rE,The Diplomat: Season 2
n_POSFJ54rE,Watch Now
n_POSFJ54rE,Netflix India
XV9nANftKZ0,Michael Scotts Iconic Diwali Celebration Anthem!
XV9nANftKZ0,Diwali Special
XV9nANftKZ0,The Office
XV9nANftKZ0,Netflix India
OQMFyZQ1cns,Squid Game: Season 2
OQMFyZQ1cns,Official Teaser
OQMFyZQ1cns,Telugu
OQMFyZQ1cns,Netflix India
VCxj0aKAyUY,Squid Game: Season 2
VCxj0aKAyUY,Official Teaser
VCxj0aKAyUY,Tamil
VCxj0aKAyUY,Netflix India
ZyvT8we4504,Squid Game: Season 2
ZyvT8we4504,Official Teaser
ZyvT8we4504,Netflix
bYC8tkdzwsw,Squid Game: Season 2
bYC8tkdzwsw,Official Teaser
bYC8tkdzwsw,Hindi
bYC8tkdzwsw,Netflix India
xZgNvBKmQuM,Your Watchlist For Halloween Is Here
xZgNvBKmQuM,"Shaitaan, Bulbbul, The Conjuring & More"
gGZJhqpcYqY,"Everyone Deserves Soan Papdift. Shraddha Kapoor, Srk, Richa Chadha, Ananya Panday & More!"
VfmVt_ZmQGI,Warning: Watch This At Your Own Risk
VfmVt_ZmQGI,Halloween Special
VfmVt_ZmQGI,Netflix India
XK4MIVNqZCw,"Bhool Bhulaiyaa 3 Stars Kartik Aaryan, Vidya Balan & Triptii Dimri #Thegreatindiankapilshow"
3MkxcTYj3Q0,Best Of Shalini Passi: The Drama Queen
3MkxcTYj3Q0,Fabulous Lives Vs Bollywood Wives
3MkxcTYj3Q0,Netflix India
LHFj89ls-Qw,"Diwali With Lights, Laughter & Love"
LHFj89ls-Qw,The Great Indian Kapil Show
LHFj89ls-Qw,Netflix
DwXZkVkoPtE,Black Doves
DwXZkVkoPtE,Official Trailer
DwXZkVkoPtE,Netflix
1Ul0ymjjLr8,"Kajol, Kriti Sanon, Kanika & Shaheer Tell Us What To Expect From Do Patti Ft. Raj Shamani #Dopatti"
6Z4jQ39ZRkE,Thalapathy Vijays Thrilling Bike Stunt Catches Thala Dhonis Attention!
6Z4jQ39ZRkE,The Goat
6Z4jQ39ZRkE,Netflix India
xQ9i_h5M7lY,Bhool Bhulaiyaa 3
xQ9i_h5M7lY,"Kartik, Vidya, Tripti, Rajpal"
xQ9i_h5M7lY,The Great Indian Kapil Show
xQ9i_h5M7lY,Netflix
w_M2oc1DAYQ,Senna
w_M2oc1DAYQ,Official Trailer
w_M2oc1DAYQ,Netflix
aguTc29IGhk,Spellbound
aguTc29IGhk,Official Trailer
aguTc29IGhk,Netflix
72LxV6ydjcg,Vijay 69
72LxV6ydjcg,Official Trailer
72LxV6ydjcg,"Anupam Kher, Chunky Panday, Mihir Ahuja"
DLomgbaM328,Tanmay Bhat Reacts To Ultimate Drama From Fabulous Lives V/S Bollywood Wives Ft. Prashasti & Kullu
tnEsBAPvJ9o,"Netflix Parivaar Ki Taraf Se, Happy Diwali!"
D6q0nzKqcBY,"Kriti, Kajol, And Shaheer In A Hilarious Helium Balloon Challenge"
D6q0nzKqcBY,#Thegreatindiankapilshow
H6xNIjXG4yw,Shalini And Kalyanis Lunch Turns Into A Massive Fight
H6xNIjXG4yw,Fabulous Lives Vs Bollywood Wives
wsfxIpYELrQ,"Karthi Surprises Arvind Swami, Leading To An Unexpected Reunion"
wsfxIpYELrQ,Tamil
wsfxIpYELrQ,Meiyazhagan
wsfxIpYELrQ,Netflix
aWKZmDDhxFg,"Kriti Sanon, Kajol, Kanika & Shaheer Sheikh"
aWKZmDDhxFg,Do Patti
aWKZmDDhxFg,The Great Indian Kapil Show
aWKZmDDhxFg,Netflix
DF1TRiuzEFY,"""Hum Hain Venom"""
DF1TRiuzEFY,Venom
DF1TRiuzEFY,Tom Hardy
DF1TRiuzEFY,Hindi Clip
DF1TRiuzEFY,Netflix India
jvNE-O6LnO4,Maheep Kisses Shalinis Wild Friend Joey
jvNE-O6LnO4,Exclusive Clip
jvNE-O6LnO4,Fabulous Lives Vs. Bollywood Wives
pZIq64tvnaU,The Most Awkward Interview With Shalini Passi & Aishwarya
pZIq64tvnaU,Fabulous Lives Vs Bollywood Wives
i4uHAM1BF6M,Do Patti
i4uHAM1BF6M,Watch Now
i4uHAM1BF6M,"Kajol, Kriti Sanon, Shaheer Sheikh"
i4uHAM1BF6M,Netflix India
fXMaR2VQf5E,Nidhi Bisht & Naila Grewals Hilarious Jail Wedding & Suhaagraat Planning!  #Maamlalegalhai
XTAv6MH9TQU,Do Patti Ka Game
XTAv6MH9TQU,"Kriti, Kajol, Shaheer, Kanika"
XTAv6MH9TQU,The Great Indian Kapil Show
XTAv6MH9TQU,Netflix
YGJOcMtnG1Q,Meiyazhagan
YGJOcMtnG1Q,Official Trailer
YGJOcMtnG1Q,"Karthi, Arvind Swami"
YGJOcMtnG1Q,Netflix India
qkNbhLeTdBE,Fabulous Women Leak Their Secret Group Chat Names
qkNbhLeTdBE,Fabulous Lives Vs Bollywood Wives
hJhZL1O5s0w,"Tanmay Bhat & Rohan Joshi Discuss Funeral Fashion, Group Chat Drama & More Ft. Fabulous Wives"
FljbG6z3ZLw,"Do Patti: Kajol, Kriti Sanon, Shaheer Sheikh & Kanika"
FljbG6z3ZLw,The Great Indian Kapil Show
FljbG6z3ZLw,Netflix
QwAqQny5Fgg,Sikandar Ka Muqaddar
QwAqQny5Fgg,Coming Soon
QwAqQny5Fgg,"Jimmy Shergill, Avinash Tiwary, Tamannaah Bhatia"
VacEHEAX9L8,"Kriti Sanon & Kajol On Do Patti, Cinemas Evolution, Producing And Acting Insights Ft. Sahiba Bali"
IMHmKdHLAZM,Do Patti
IMHmKdHLAZM,Kriti'S Red Flags
gdGddgiEbos,Ultimate Johny Lever Comedy Marathon! Non-Stop Fun From #Kabhikhushikabhiegham #Dilwale & More
ZbczpvpV3K0,Srks Most Dramatic (And Hilarious) Moment From Om Shanti Om Ft. Kirron Kher
ZbczpvpV3K0,Netflix India
gfMONuCJ3MY,Krushna Abhishek'S Epic Mimicry As Jaggu Dada Ft. Fabulous Lives Vs Bollywood Wives Cast
f1723RIQXx8,Nfl Christmas Gameday
f1723RIQXx8,Live On Netflix
yJPJqJWpUig,Fardeen Khan Covers Up Ammy Virks Secret Affair
yJPJqJWpUig,Khel Khel Mein
yJPJqJWpUig,Netflix India
BA_IBD22gAE,This Is How Bollywood Wives Celebrate Karwa Chauth
BA_IBD22gAE,Fabulous Lives Vs Bollywood Wives Season 3
KQrulvpj0VU,Bollywood Ladies Have Arrived With Their Fabulous Lives
KQrulvpj0VU,The Great Indian Kapil Show
KQrulvpj0VU,Netflix
nSpZ_p4Ial0,The Most Awkward Interview With Sunil Grover & Aishwarya Mohanraj
nSpZ_p4Ial0,The Great Indian Kapil Show
ZQQE7RQedME,Sunil Grover And Alia Bhatt'S Hilarious Banter About Ranbir Kapoor
ZQQE7RQedME,#Thegreatindiankapilshow
HEsCKH2NuXk,Fabulous Lives Vs Bollywood Wives Season 3
HEsCKH2NuXk,Watch Now
HEsCKH2NuXk,Netflix India
Z5umA_tvloQ,The Electric State
Z5umA_tvloQ,Official Teaser
Z5umA_tvloQ,Netflix
WIfVWHi9-Uo,Gossip So Good
WIfVWHi9-Uo,Saif Ali Khan
WIfVWHi9-Uo,Fabulous Lives Vs Bollywood Wives
nW6TL-ZJsZE,The Electric State
nW6TL-ZJsZE,Official Teaser
nW6TL-ZJsZE,Hindi
nW6TL-ZJsZE,Netflix
2wsljrOAdiU,"Top 5 Best Bollywood Bromances Ever Ft. Srk, Sidharth Malhotra, Ram Charan, Ntr"
2wsljrOAdiU,Netflix India
6f_14Znb0VA,"Thegreatindiankapilshow Season 2, This Funnyvaar, 8 Pm, Only On Netflix!"
dMTYS0c8G3I,"Ultimate Improv Comedy Challenge!  Ft. Aakash Gupta, Rahul Dua, Urooj Ashfaq & More!"
dMTYS0c8G3I,Netflix
rMLPafNh-Io,"@Kullubaazi , Sakshi Shivdasani & Naina Bhan React To Fabulous Lives V/S Bollywood Wives!"
QKYk0TNcAJs,Delhi Divas Vs Bollywood Wives
QKYk0TNcAJs,The Great Indian Kapil Show
QKYk0TNcAJs,Netflix
2yDbYE5UVcw,"The Best Cameos From #Kalki2898Ad! Ft. S. S. Rajamouli, Mrunal Thakur & More!"
JU_gdMLexhY,Jake Paul Vs. Mike Tyson
JU_gdMLexhY,Official Trailer
JU_gdMLexhY,Netflix
ZAgUpKh-QEw,The Most Awkward Interview With Vaani Kapoor & Aishwarya Mohanraj
ZAgUpKh-QEw,Khel Khel Mein
ZAgUpKh-QEw,Netflix India
qKJN5i6aedg,Nostalgia Alert: Chitrangada'S Iconic Cameo With Our Desi Boy Akshay Kumar!
qKJN5i6aedg,Khel Khel Mein
b6Z_RYC8IAQ,Do Patti
b6Z_RYC8IAQ,Official Trailer
b6Z_RYC8IAQ,"Kajol, Kriti Sanon, Shaheer Sheikh"
b6Z_RYC8IAQ,25 Oct
b6Z_RYC8IAQ,Netflix India
8AEwohq56h8,"Alia Bhatt Aur Gal Gadot Ki Ghamasan Ladai, Kya Hoga?"
8AEwohq56h8,#Heartofstone
8AEwohq56h8,Netflix India
Y1pWqnwPyc0,Thalapathy Vijays Ultimate Escape Plan! Ft. Prabhu Deva
Y1pWqnwPyc0,The Greatest Of All Time
Y1pWqnwPyc0,Netflix India
BsptCcBZ55s,Kareena Kapoor Reveals Karisma Kapoor'S First Crush In Bollywood
BsptCcBZ55s,#Tgiks
Cc4HoDLZJnQ,Karisma & Kareena Kapoor: Sister Goals
Cc4HoDLZJnQ,The Great Indian Kapil Show
Cc4HoDLZJnQ,Netflix
hvv6UVlQ5RY,"Passing The Parcel With Akshay Kumar, Taapsee Pannu & The Cast Of Khel Khel Mein"
hvv6UVlQ5RY,Netflix India
xkMdXwk4aKo,Khel Khel Mein
xkMdXwk4aKo,Watch Now
xkMdXwk4aKo,Netflix India
xHGX7C6-0_8,Tanmay Bhat & Rohan Joshi Discuss Ai & Memes With Vikramaditya Motwane And The Cast Of #Ctrl
Kv-2scqGe8I,Akshay Kumars Hilarious Comic Timing
Kv-2scqGe8I,Khel Khel Mein
Kv-2scqGe8I,Netflix India
EuxQww5tm-M,Watch Kareena Kapoor Khan
EuxQww5tm-M,The Great Indian Kapil Show
EuxQww5tm-M,Coming Soon
5KVMnCV7l-c,Vikrants Craziest Fan Interaction! Ft. Bassi & Prashasti
5KVMnCV7l-c,#Phiraayihasseendillruba
smKbMgAQvfc,Akshay Kumars Hilarious Prank On Aditya Seal
smKbMgAQvfc,Khel Khel Mein
smKbMgAQvfc,Netflix India
IExHsmFaanE,Ananya Pandays Ultimate Guide To Moving On After A Breakup!
IExHsmFaanE,#Ctrl
IExHsmFaanE,Netflix India
iP-l9zQEL3U,Khel Khel Mein
iP-l9zQEL3U,Official Trailer
iP-l9zQEL3U,"Akshay Kumar, Vaani Kapoor, Taapsee Pannu"
iP-l9zQEL3U,Netflix India
z0SmmIsIkNs,Fabulous Lives Vs Bollywood Wives: Season 3
z0SmmIsIkNs,Official Trailer
z0SmmIsIkNs,Netflix India
rAx8dAgLnjU,Iconic Duo
rAx8dAgLnjU,"Karishma Kapoor, Kareena Kapoor Khan"
rAx8dAgLnjU,The Great Indian Kapil Show
rAx8dAgLnjU,Netflix
J7Q7BarVUkg,The Diplomat: Season 2
J7Q7BarVUkg,Official Trailer
J7Q7BarVUkg,Netflix
xtXJ22gVlEo,Fabulous Lives Vs Bollywood Wives Trailer Out Tomorrow!
FbhNhzEEHBA,Squid Game: Season 1 Recap
FbhNhzEEHBA,Hindi
FbhNhzEEHBA,Netflix India
P0EjP6mBOVA,Squid Game: Season 1 Recap
P0EjP6mBOVA,Telugu
P0EjP6mBOVA,Netflix India
doQmqaahHLs,Squid Game: Season 1 Recap
doQmqaahHLs,Tamil
doQmqaahHLs,Netflix India
PBDJj8l_I6Y,Squid Game
PBDJj8l_I6Y,Get Back In The Game
PBDJj8l_I6Y,Netflix
JZt73N0US9M,"Ai Or Real Challenge ! Ft. Ananya Panday, Vihaan Samat And Vikramaditya Motwane"
JZt73N0US9M,Ctrl
FT5nCaw6A_I,"Rohit Sharma Plays Guess The Cricketer Ft. Sky, Shivam, Arshdeep And Axar"
FT5nCaw6A_I,#Tgiks
VwAT2PmJd2c,New Friends Or New Drama?
VwAT2PmJd2c,Fabulous Lives Vs Bollywood Wives
VwAT2PmJd2c,Netflix India
0LJKln6oUQM,Aditya Roy Kapur Almost Caught Red-Handed With Shraddha Kapoor?!
0LJKln6oUQM,#Okjaanu
0LJKln6oUQM,Netflix
5yYDMqMdrjA,Ananya Panday Catches Her Cheating Boyfriend On Live Stream?!
5yYDMqMdrjA,#Ctrl
5yYDMqMdrjA,Netflix India
s_Dpj1AnTjQ,Archana Puran Singh Pranked By The Cast Of #Tgiks
6uElFl_Tz6g,Cricket Champions
6uElFl_Tz6g,"Rohit Sharma,Suryakumar,Axar,Arshdeep,Shivam"
6uElFl_Tz6g,The Great Indian Kapil Show
qmwBxNhQw7s,Why Janhvi Kapoor Wont Stop Until She Gets Revenge Ft. Roshan Mathew
qmwBxNhQw7s,Ulajh
qmwBxNhQw7s,Netflix India
mxFmgEV5aWk,Thalapathy Vijay & Son Fight Off Russian Gangsters!
mxFmgEV5aWk,The Greatest Of All Time
mxFmgEV5aWk,Netflix India
HENzQ3IbW3A,Natural Star Nani In Fight Mode Ft. Priyanka Mohan
HENzQ3IbW3A,Saripodhaa Sanivaaram
HENzQ3IbW3A,Hindi
HENzQ3IbW3A,Netflix
Q0jN2yBA80U,Ctrl
Q0jN2yBA80U,Watch Now
Q0jN2yBA80U,"Ananya Panday, Vihaan Samat, Vikramaditya Motwane"
Q0jN2yBA80U,Netflix India
ozoQruLqCtI,Looking Back At Squid Game Season 1
ozoQruLqCtI,Netflix
XsrR-lmKgic,"Relationsh!T Advice With Ananya Panday Ft. Raunaq Rajani, Anirban Dasgupta, Sakshi Shivdasani"
9kWesZwG0xI,Bollywood Wives Recreate Iconic Mean Girls Call
9kWesZwG0xI,Fabulous Lives Vs Bollywood Wives
9kWesZwG0xI,Netflix India
JWKTa9yfuqw,Cricket World Champions
JWKTa9yfuqw,"Rohit, Axar, Sky, Shivam, Arshdeep"
JWKTa9yfuqw,The Great Indian Kapil Show
LCw7RCtipYE,The Greatest Of All Time
LCw7RCtipYE,Kannada Trailer
LCw7RCtipYE,"Thalapathy Vijay, Venkat Prabhu"
LCw7RCtipYE,Netflix India
qXy93dqcZMU,The Greatest Of All Time
qXy93dqcZMU,Malayalam Trailer
qXy93dqcZMU,"Thalapathy Vijay, Venkat Prabhu"
qXy93dqcZMU,Netflix India
tb37SwBvRoQ,The Greatest Of All Time
tb37SwBvRoQ,Official Hindi Trailer
tb37SwBvRoQ,"Thalapathy Vijay, Venkat Prabhu"
tb37SwBvRoQ,Netflix India
tl88lS74Uq4,The Greatest Of All Time
tl88lS74Uq4,Official Telugu Trailer
tl88lS74Uq4,"Thalapathy Vijay, Venkat Prabhu"
tl88lS74Uq4,Netflix India
B5GAjuSnNuQ,The Greatest Of All Time
B5GAjuSnNuQ,Official Tamil Trailer
B5GAjuSnNuQ,"Thalapathy Vijay, Venkat Prabhu"
B5GAjuSnNuQ,Netflix India
hXzdbTtOmcc,Cricket Champions
hXzdbTtOmcc,"Rohit, Suryakumar, Shivam, Arshdeep, Axar"
hXzdbTtOmcc,The Great Indian Kapil Show
hXzdbTtOmcc,Netflix
DddfWA3LDvg,Ai Makes Ananya Panday Do The Most Unexpected Things
DddfWA3LDvg,Vlog
DddfWA3LDvg,Ctrl
DddfWA3LDvg,Netflix India
5qMcPwImv58,Squid Game: Season 2
5qMcPwImv58,Youre Invited
5qMcPwImv58,Telugu
5qMcPwImv58,Netflix India
qJ6jCcaThYs,Squid Game: Season 2
qJ6jCcaThYs,Youre Invited
qJ6jCcaThYs,Tamil
qJ6jCcaThYs,Netflix India
d5DKjU03tRU,Squid Game: Season 2
d5DKjU03tRU,Youre Invited
d5DKjU03tRU,Netflix India
N_EZLD-vKDc,Squid Game: Season 2
N_EZLD-vKDc,Youre Invited
N_EZLD-vKDc,Hindi
N_EZLD-vKDc,Netflix India
mSrN4-rOLT4,Ishaan Khatter Swam With Sharks In The Atlantic?! #Theperfectcouple
qmrSmcx4OWU,Iconic Characters Who Stole The Show
qmrSmcx4OWU,"Ft. Gulshan Devaiah, Rajpal Yadav & More"
A0uqcdL80GY,Do Patti
A0uqcdL80GY,Date Announcement
A0uqcdL80GY,25 October
A0uqcdL80GY,"Kajol, Kriti Sanon"
A0uqcdL80GY,Netflix India
6KowjSxf-D0,Janhvi'S Fans Leave Hilarious Comments On Her Insta
6KowjSxf-D0,Komment Ki Khujli
6KowjSxf-D0,Tgiks
SRVDGNtOsEY,Is Janhvi Kapoor Secretly Spying For The Enemy? Ft.Meiyang Chang
SRVDGNtOsEY,Ulajh
SRVDGNtOsEY,Netflix India
tlaUlekzPN0,Devara
tlaUlekzPN0,"Jr. Ntr, Janhvi Kapoor & Saif Ali Khan On The Great Indian Kapil Show"
tlaUlekzPN0,Watch Now
tlaUlekzPN0,Netflix
pCMf4IvUfTc,Ranbir Kapoor & Shraddha Kapoor Teach The Art Of Flirting !
pCMf4IvUfTc,#Tujhootimainmakkar
pCMf4IvUfTc,Netflix
ELyUZmyZumg,Nani & Sj Suryah Face Off: Nanis Quick Thinking Saves A Woman!
ELyUZmyZumg,Saripodhaa Sanivaaram
ELyUZmyZumg,Netflix
WfcuYGsuvwY,Akshay Kumars 4 Funniest Scenes
WfcuYGsuvwY,Netflix
MMbeAgx6H4k,Devara
MMbeAgx6H4k,"Jr Ntr, Janhvi Kapoor, Saif Ali Khan"
MMbeAgx6H4k,The Great Indian Kapil Show
MMbeAgx6H4k,Netflix
Tk1EQD7vGiY,Ulajh
Tk1EQD7vGiY,Official Trailer
Tk1EQD7vGiY,"Janhvi Kapoor, Gulshan Devaiah, Roshan Mathew"
Tk1EQD7vGiY,Netflix India
sRIdItEGhNI,@Slayypointofficial'S Ultimate 'Phir Kya Hua?' Challenge
fS8SjwHwJyU,Manoj Bajpayees Hilarious Chaabi Kahaan Hai?! Scene
fS8SjwHwJyU,Gangs Of Wasseypur
fS8SjwHwJyU,Netflix India
XSgPKfS4Krs,Hellbound Season 2
XSgPKfS4Krs,Official Teaser
XSgPKfS4Krs,Netflix India
P5yEQt0-mcU,Sweet Bobby: My Catfish Nightmare
P5yEQt0-mcU,Official Trailer
P5yEQt0-mcU,Netflix
x4vitovt7ps,"Devara Cast: Jr. Ntr, Janhvi Kapoor & Saif Ali Khan On The Great Indian Kapil Show"
x4vitovt7ps,Netflix
KEfeMPGj-Dw,Ctrl
KEfeMPGj-Dw,Official Trailer
KEfeMPGj-Dw,"Ananya Panday, Vihaan S, Vikramaditya Motwane"
KEfeMPGj-Dw,Netflix India
HQXVbS-xbcU,Alia Bhatt Shares The Cutest Story Of Ranbir Singing To Baby Raha
K3AtVImP96E,Saripodhaa Sanivaaram
K3AtVImP96E,Tamil Trailer
K3AtVImP96E,"Nani, S.J. Suryah"
K3AtVImP96E,Netflix India
aXqgoG1JFkM,Saripodhaa Sanivaaram
aXqgoG1JFkM,Hindi Trailer
aXqgoG1JFkM,"Nani, S.J. Suryah"
aXqgoG1JFkM,Netflix India
0_f1LzYjFI4,Saripodhaa Sanivaaram
0_f1LzYjFI4,Official Trailer
0_f1LzYjFI4,"Nani, S.J. Suryah"
0_f1LzYjFI4,Netflix India
26ATCID_nKA,@Samayrainaofficial Most Savage Moments In #Comedypremiumleague Ft @Mostlysane @Aakashgupta
lrEhFeB4Ef0,Bheems Big Garden Adventure!
lrEhFeB4Ef0,Mighty Little Bheem
lrEhFeB4Ef0,Netflix India
mkpJiDI0Sqo,Sunil Grover As Srk
mkpJiDI0Sqo,The Great Indian Kapil Show Season 2
LK-ndTI2x48,Ananya Pandays Trick To Earn Rs.25 Lakhs Ft. Ayushmann Khurrana
LK-ndTI2x48,Dream Girl 2
7yT97Go21iQ,Jigra Cast In The House
7yT97Go21iQ,"Alia Bhatt, Vedang Raina, Karan Johar"
7yT97Go21iQ,The Great Indian Kapil Show
3ndiV-T2lvg,The Most Twisted Interrogation You'Ll Ever See
3ndiV-T2lvg,Vikrant Massey
3ndiV-T2lvg,Deepak Dobriyal
3ndiV-T2lvg,Sector 36
cvGUhDCtcv4,Kapoor Familys Kalesh In Front Of The Plumber
cvGUhDCtcv4,"Fawad Khan, Sidharth Malhotra"
cvGUhDCtcv4,Kapoor & Sons
9GBydDR4D2k,Rohit Sharma & Shreyas Iyer Reveal These Secrets About Their Teammates
9GBydDR4D2k,Episode 2
9GBydDR4D2k,#Tgiks
NufQefUNRvQ,"Geeked Week 2024: Live Showcase Ft. Squid Game, Arcane, One Piece & More"
NufQefUNRvQ,Netflix
A5_OCuXZaao,Squid Game: Season 2
A5_OCuXZaao,Special Teaser
A5_OCuXZaao,Netflix
tCI1uCqtY1k,Wednesday: Season 2
tCI1uCqtY1k,First Look At Behind The Scenes
tCI1uCqtY1k,Netflix India
XZ1vzpSnqC8,Tomb Raider: The Legend Of Lara Croft
XZ1vzpSnqC8,Official Trailer
XZ1vzpSnqC8,Netflix
30FYdDa-ve4,Hellbound Season 2
30FYdDa-ve4,Date Announcement
30FYdDa-ve4,Netflix
7htgmXS7aPU,Squid Game: Unleashed
7htgmXS7aPU,Avatar Cast Plays At Their Own Risk
7htgmXS7aPU,Netflix India
1KoJKMY8jg8,Arcane Season 2
1KoJKMY8jg8,Nothing To Lose
1KoJKMY8jg8,Official Clip
1KoJKMY8jg8,Geeked Week
1KoJKMY8jg8,Netflix
I4Akaw1Rxvw,Blood Line: A Rebel Moon Game
I4Akaw1Rxvw,Official Announcement Trailer
I4Akaw1Rxvw,Netflix
MkSWMBmwbtM,Devil May Cry
MkSWMBmwbtM,Official Teaser
MkSWMBmwbtM,Netflix
_1WsyzNLWhE,Avatar: The Last Airbender: Season 2
_1WsyzNLWhE,Now In Production
_1WsyzNLWhE,Netflix
LznHir3-yVI,Vikrant Massey Breaks Down Scenes From Sector 36
LznHir3-yVI,Netflix India
agtSAid8yiU,"Thegreatindiankapilshow Season 2, This Funnyvaar, 8 Pm, Only On Netflix!"
lbsFXrVhfmM,Ranbir Kapoor & Sunil Grover'S Hilarious Chemistry
lbsFXrVhfmM,#Tgiks
Y8hJmkPbo74,Squid Game: Season 2
Y8hJmkPbo74,Global Fan Theories With Cast
Y8hJmkPbo74,Netflix
XqRC_2MCDG0,Deepak Dobriyal As The Unsparing Cop Ram Charan Pandey
XqRC_2MCDG0,Sector 36
XqRC_2MCDG0,Netflix India
9ak3UTdTGts,"Jigras Of Bollywood - Alia, Vedang, Karan"
9ak3UTdTGts,The Great Indian Kapil Show
9ak3UTdTGts,Netflix
PmnlGhBjRus,The Witcher: Sirens Of The Deep
PmnlGhBjRus,Official Clip
PmnlGhBjRus,Netflix
Z2M2T1KUSbw,Siddhu Paaji Ki Dhamakedaar Entry Ft. Sunil Grover
Z2M2T1KUSbw,Episode 10
Z2M2T1KUSbw,#Thegreatindiankapilshow
bAekY886Re8,"The Most Confusingly Funny Conversations Everft. Srk, Amitabh Bachchan, Hrithik Roshan & More"
DQognsN3Z-U,Gundam: Requiem For Vengeance
DQognsN3Z-U,Exclusive Clip
DQognsN3Z-U,Netflix
N7Y-ULNkZT4,Castlevania: Nocturne - Season 2
N7Y-ULNkZT4,Date Announcement
N7Y-ULNkZT4,Netflix
Adm6J5siovc,"Vikrant Massey Talks Sector 36, His Role, Deepak Dobriyal"
Adm6J5siovc,Neelesh Misra
Adm6J5siovc,Netflix India
5ldyl7uFysE,"Throuple Or Trouble? Ananya Panday, Tara Sutaria, And Tiger Shroff Stir Up Drama"
5ldyl7uFysE,#Soty2
bSXCkm_nmRc,"Taapsee, Vikrant & Sunny Debate About Which Is The Most Romantic City!"
AVTV4bLOdBw,"Mind-Blowing Sci-Fi Movie Scenes You Can'T Miss! Ft. Ana De Armas, Ryan Gosling & More!"
DWHpnm1Qy4o,Vikrant Massey Creeps Out Deepak Dobriyal With Shocking Question
DWHpnm1Qy4o,Sector 36
DWHpnm1Qy4o,Netflix India
xzeyeSH0Nuw,How Captain Devi Sharan Survived A 7-Day Hijack
xzeyeSH0Nuw,Vijay Varma
xzeyeSH0Nuw,Netflix India
T4NU_FXU5ro,The Great Indian Kapil Show: Season 2
T4NU_FXU5ro,Official Trailer
T4NU_FXU5ro,"21St Sept, Saturdays 8Pm"
T4NU_FXU5ro,Netflix
yeL6N7DHbdE,Sunil Grovers Hilarious Performance As Chumbak Mittal! Ft. Sunny & Vicky Kaushal
yeL6N7DHbdE,#Tgiks
5FHtMSC1pyw,Trailer Out Tomorrow
5FHtMSC1pyw,The Great Indian Kapil Show
5FHtMSC1pyw,Season 2
5FHtMSC1pyw,"Sunil,Kiku,Archana,Krushna,Rajiv"
qsusBPLKuA4,Diljit Dosanjh Bigger Than Bachchan?
qsusBPLKuA4,Amar Singh Chamkila
qsusBPLKuA4,Netflix India
HkecVOuBZSE,Sector 36
HkecVOuBZSE,Watch Now
HkecVOuBZSE,"Vikrant Massey, Deepak Dobriyal"
HkecVOuBZSE,Netflix India
ShjmKs7Cc5Y,Deepak Dobriyal And Vikrant Masseys Nail-Biting Chase Scene
ShjmKs7Cc5Y,Sector 36
ShjmKs7Cc5Y,Netflix India
3RfQW2s53HQ,Emily In Paris Rome Is Now Playing! #Emilyinparis
VAMmHvDoQFM,4 Most Epic Desi Kalesh Scenes Pt. 2
VAMmHvDoQFM,"Luka Chuppi, Haseen Dillruba, Kapoor & Sons & K3G"
jbDOKn2Oibw,Royal Bengal Tiger Attacks Jr Ntr: Who Will Win This Epic Fight?
jbDOKn2Oibw,Rrr (Hindi)
jbDOKn2Oibw,Netflix India
Whn-gnakSOI,The Great Indian Kapil Show
Whn-gnakSOI,21St Sep
Whn-gnakSOI,Announcement
Whn-gnakSOI,"Kapil Sharma, Sunil Grover, Krushna Abhishek"
0RvSRJW1ipo,"@Tanmaybhat & The Og Gang React To Emily In Paris!  Ft. Kullu, Rohan Joshi, Piyush"
Ov1GTxLbINs,Gandhari
Ov1GTxLbINs,Announcement
Ov1GTxLbINs,Taapsee Pannu
Ov1GTxLbINs,Kanika Dhillon
Ov1GTxLbINs,Netflix India
6T1ZbjuvYB4,Aditya Roy Kapur & Shraddha Kapoor: With Vs Without Each Other #Okjaanu
8oQn2sLQHAc,Samay'S Hilarious Monologue About Isaac Newton & Science Ft. Anurag Kashyap
8oQn2sLQHAc,#Comedypremiumleague
yRroKcqPIWw,Deepika & Ranveer'S Cutest Couple Moments
yRroKcqPIWw,Netflix India
jku0xDS6b8k,Nani Melts Mrunal Thakur & Her Moms Hearts!
jku0xDS6b8k,Iconic Hotel Bill Scene
jku0xDS6b8k,#Hipapa
jku0xDS6b8k,Netflix India
vpGfgLMSugI,Vikrant Massey'S Terrifying New Look!
vpGfgLMSugI,Sector 36
vpGfgLMSugI,Netflix India
loYc9G5BYnE,Aamir Khan Reveals Why He Chose To Do These Movies
loYc9G5BYnE,Episode 9
loYc9G5BYnE,#Tgiks
R7oJq9lrbZw,Thalapathy Vijay'S Mass Action Scenes
R7oJq9lrbZw,"Mersal, Beast & Leo"
R7oJq9lrbZw,Netflix India
YRP5Nkel1Bc,Will The Captains Heroic Gamble Pay Off? Ft. Vijay Varma
YRP5Nkel1Bc,Ic 814 The Kandahar Hijack
EEbEVN26n80,The Diplomat: Season 2
EEbEVN26n80,Official Teaser
EEbEVN26n80,Netflix
kFnEjMJFcv8,Raghava Lawrence'S Epic Car Fight Scene
kFnEjMJFcv8,Jigarthanda Doublex
kBJlVWx38og,The Best Life Advices From The Best Teachers! #Kotafactory #Dearzindagi #Moneyheist & More!
eES65pr2POM,Sector 36
eES65pr2POM,Official Trailer
eES65pr2POM,"Vikrant Massey, Deepak Dobriyal, Dinesh Vijan"
eES65pr2POM,Netflix India
hDiBL2e-5EU,Karan'S Watch Party
hDiBL2e-5EU,4700Bc X Netflix
hDiBL2e-5EU,Best Enjoyed Together
fU-cDhfNcVY,Monsters: The Lyle And Erik Menendez Story
fU-cDhfNcVY,Official Trailer #1
fU-cDhfNcVY,Netflix
yPFMWYgWpB0,Sunil Grover & Krushna'S Hilarious Srk-Salman Mimicry Ft. Kartik Aaryan
yPFMWYgWpB0,#Tgiks
9xux05-kj5w,Sunny Kaushal & Vikrant Massey Fight Over Taapsee Pannu!
9xux05-kj5w,#Phiraayihasseendillruba
kkL3ILaj2EM,Geeked Week 2024
kkL3ILaj2EM,Official Trailer
kkL3ILaj2EM,Netflix
FqaeoFOBXWo,The Perfect Couple
FqaeoFOBXWo,Official Trailer
FqaeoFOBXWo,Netflix
Qxrhop2ipfk,"Meet Bujji, Prabhas' Savage Ai Bestie!"
Qxrhop2ipfk,Epic Moments From Kalki 2898 Ad
Qxrhop2ipfk,Netflix India
Cm-cB4RH1F0,Manoj Pahwas Tough Negotiations With The Hijackers
Cm-cB4RH1F0,Ic 814: The Kandahar Hijack
Cm-cB4RH1F0,Netflix India
CbcOBMM5QRk,India Rescues Passengers From Hijacked Plane
CbcOBMM5QRk,Ic 814: The Kandahar Hijack
Kzj4gndKZh4,Why Has Rajkummar Rao Tied Up Janhvi Kapoor?
Kzj4gndKZh4,Roohi
sKB_Ac0gvuI,Prabhas Betrays The Captain Who Raised Him
sKB_Ac0gvuI,Dulquer Salmaan
sKB_Ac0gvuI,Kalki 2898 Ad
sKB_Ac0gvuI,Netflix India
n9fdvFJ39iY,Kantara S Legendary Climax Scene
n9fdvFJ39iY,Rishab Shetty
n9fdvFJ39iY,#Kantara
n9fdvFJ39iY,Netflix India
UAkC7IOMHG4,Ic 814 Airplane Emergency Landing In Lahore
UAkC7IOMHG4,Ic 814: The Kandahar Hijack
UAkC7IOMHG4,Netflix India
XZNbgN3LfWM,Amitabh Bachchans Greatest Fight Scene As Ashwatthama
XZNbgN3LfWM,Kalki 2898 Ad
XZNbgN3LfWM,Netflix India
BhI6shtmq0Q,Naseeruddin Shah Was Terrified After Ic814 Hijack!
eKGFMZ7KFtg,"Sunil Grovers Hilarious Mimicry Of Salman Khan, Navjot Singh Sidhu, Aamir Khan & More!"
1Vzb-lcLbec,Vikrant Masseys Craziest Relationship Story! Ft. Raunaq Rajani #Phiraayihasseendillruba
XO-sPQmfAa8,Terrifying Plane Hijack Scene Ft. Vijay Varma & Patralekha
XO-sPQmfAa8,Ic 814: The Kandahar Hijack
I7Q-PL2-ZJk,Job Or Wedding? Ranbir Gives Shocking Ultimatum To Shraddha Kapoor
I7Q-PL2-ZJk,#Tjmm
I7Q-PL2-ZJk,Netflix India
YNZeySRSQC0,"Vijay Varma Passionately Talks About Acting, Naseeruddin Shah, & The #Ic814 Cast"
OiwasuQEOD4,Project-K Is Supreme Yaskins Evil Master Plan
OiwasuQEOD4,Kalki 2898 Ad
OiwasuQEOD4,Netflix India
Oi7hJgH0sKw,Ic 814: The Kandahar Hijack
Oi7hJgH0sKw,Watch Now
Oi7hJgH0sKw,"Vijay Varma, Pankaj Kapur, Naseeruddin Shah"
SCpG9UrN2rA,"Ic 814 Roundtable Ft. Vijay Varma, Naseeruddin Shah, Arvind Swami"
SCpG9UrN2rA,Ic 814: The Kandahar Hijack
LkEmW--Ggl8,Kamal Haasan Is Deadly As Supreme Yaskin
LkEmW--Ggl8,Kalki 2898 Ad
LkEmW--Ggl8,Netflix India
t4IwDVvl4fs,The Funniest Animal Parody Has Ranbir Kapoor In Splits Ft.Krushna & Kiku
t4IwDVvl4fs,Episode 1
t4IwDVvl4fs,#Tgiks
ccno-7E_PqE,Monsters: The Lyle And Erik Menendez Story
ccno-7E_PqE,Official Teaser
ccno-7E_PqE,Netflix
QK1TZQPD1OM,Kalki 2898 Ad: Exclusive Behind The Scenes
QK1TZQPD1OM,"Prabhas, Deepika P, Kamal H, Amitabh B"
dediJCihA_Y,Terminator Zero
dediJCihA_Y,Nsfw
dediJCihA_Y,Official Trailer
dediJCihA_Y,Netflix India
sQ_apJVP-vI,How To Argue Ft. Kareena Kapoor! #Crew
wc5Izij7wv4,Emily In Paris: Season 4 Part 2
wc5Izij7wv4,Official Trailer
wc5Izij7wv4,Netflix
CIJ-tnYikDM,Deepikas Jaw-Dropping Walk Through Fire
CIJ-tnYikDM,Kalki 2898 Ad
CIJ-tnYikDM,Netflix India
VPvFqWKoVkQ,Sharvari'S Most Adorable Moments Behind-The-Sets Of #Maharaj
uf4_oPZFdKY,Sharvaris Wittiest Answers To Junaids Interview! #Maharaj
uf4_oPZFdKY,Netflix India
BTsC4tATFHo,Amitabh Bachchan Vs. Prabhas
BTsC4tATFHo,This Fight Will Blow Your Mind!
BTsC4tATFHo,Kalki 2898 Ad
BTsC4tATFHo,Netflix India
0eBqdJsUye8,Desi Grandmas Are Savage Af!
0eBqdJsUye8,"Kuch Kuch Hota Hai, Kal Ho Naa Ho & More!"
0eBqdJsUye8,Netflix India
S7dvl74lODI,Diljit Dosanjh All Of Us In Office After 6 Pm #Amarsinghchamkila
VWYrXGdzHJE,Animal Parody Has Bobby & Sunny Deol Roflft.Krushna & Kiku
VWYrXGdzHJE,Episode 6
VWYrXGdzHJE,#Thegreatindiankapilshow
OtOA7VwnIkI,Ronaldo: The King Of Football
OtOA7VwnIkI,Captains Of The World
OtOA7VwnIkI,Netflix India
yzHOxoeb9lw,"Inside Kalki 2898Ad: Nag Ashwin On Directing Prabhas, Deepika & Amitabh"
yzHOxoeb9lw,Netflix India
P0a6xplPX7Q,"Shraddha Kapoors Cutest Moments Ever! Ft. Aditya Roy Kapur, Varun Dhawan & Ranbir Kapoor"
QgUdvR_HOqs,Terminator Zero
QgUdvR_HOqs,First 6 Minutes
QgUdvR_HOqs,Sneak Peek
QgUdvR_HOqs,Netflix India
VsdAiD7etwY,Kartik Aaryan Ki Mummy Ne Kholi Unki Poll
VsdAiD7etwY,Season 1 Episode 13
VsdAiD7etwY,The Great Indian Kapil Show
M3IQOJw3620,Kalkis Fire Spreads To Mumbai
M3IQOJw3620,Kalki 2898 Ad Hindi
M3IQOJw3620,"Prabhas, Deepika P, Kamal H, Amitabh B"
k5Bvcll3Fys,Kalki 2898 Ad Hindi
k5Bvcll3Fys,Watch Now
k5Bvcll3Fys,"Prabhas, Deepika Padukone, Kamal Haasan, Amitabh Bachchan"
ARJ4yj4ZNYU,Who'Ll Be The Ultimate Ludo King?!
ARJ4yj4ZNYU,@Katariaaryan
ARJ4yj4ZNYU,Netflix India
ZY6Xe6IYgf0,Vikrant Massey & Taapsee Pannu Discuss Their Escape Plan
ZY6Xe6IYgf0,Phir Aayi Hasseen Dillruba
a_L4irD4cgE,Special Announcement
a_L4irD4cgE,The Great Indian Kapil Show
a_L4irD4cgE,Netflix India
ru9MraI1hlQ,Squid Game: Unleashed
ru9MraI1hlQ,Official Announcement Trailer
ru9MraI1hlQ,Netflix India
KLzBKDNh1XE,Two Kinds Of People Ft. Rajpal Yadav & Om Puri #Chupchupke
3YiCX5ZUFFM,"Ranbir Kapoor Major Rizz Moments Ft. Tu Jhoothi Main Makkaar, Yeh Jawaani Hai Deewani & More"
AfYdWjZcKMA,Prithvirajs Painful Longing For The Waters In Kerala!
AfYdWjZcKMA,Aadujeevitham: The Goat Life
9aPAs1hbMMQ,4 Most Epic Desi Kalesh Scenes
9aPAs1hbMMQ,"Tu Jhoothi Main Makkaar, Dil Dhadakne Do & More"
9aPAs1hbMMQ,Netflix India
ZkwH3VfqZfc,"Cutest Siblings Duo Ever Ft. Dil Dhadakne Do, Stranger Things, Dear Zindagi, Animal & More!"
5Dmr5rktfGY,Ic 814: The Kandahar Hijack
5Dmr5rktfGY,Official Trailer
5Dmr5rktfGY,"Vijay Varma, Pankaj Kapur, Naseeruddin Shah"
KH4dmp9m5Lw,Every Raksha Bandhan Reality Ever! #Agneepath #Friends
jAwoXiwyg7c,Ed Sheeran Surprises Everyone With A Hindi Song!
jAwoXiwyg7c,#Thegreatindiankapilshow
KyZ8tHbf6iI,Crocodiles Hilarious Reaction To #Phiraayihasseendillruba Epic Scenes
KyZ8tHbf6iI,Netflix India
2h48cKfPL6Q,Tanmay Bhat & The Og Gangs Hilarious Reaction To #Queenoftears
aninoDcPWo4,Kalki 2898 Ad (Hindi)
aninoDcPWo4,Official Trailer
aninoDcPWo4,"Prabhas, Deepika P, Kamal Haasan, Amitabh Bachchan"
crRuRxxfIjg,Rajkummar Raos Incredible Acting Moments
crRuRxxfIjg,"Bareilly Ki Barfi, Srikanth, Ludo & More!"
LQ0Obge281c,Kalki 2898 Ad
LQ0Obge281c,Official Announcement
LQ0Obge281c,"Prabhas, Deepika P, Kamal H, Amitabh B"
TXPnkYczxvQ,"Sunny Kaushal On Being Asked To Do The Tauba - Tauba Step? Ft. Raunaq R, Vikrant M, Taapsee P"
nYOc_vE8ok8,Srk Is Just Like All Of Us During A Long Weekend #Kuchkuchhotahai #Kalhonaaho & More!
RBtZpw5ioaM,Vijays Coffee Shop Fight Scene From #Leo
uVNEEFCRvZs,Cutest On-Screen Proposals Ever
uVNEEFCRvZs,"Laapataa Ladies, Tu Jhoothi Main Makkaar, Maharaj & More!"
zY4cB5ZQVx4,Yami Gautam Refuses To Go Out With Sunny Kaushal
zY4cB5ZQVx4,Chor Nikal Ke Bhaga
zY4cB5ZQVx4,Netflix India
NFnQrFX7HRQ,Emily In Paris Season 4 - Part 1
NFnQrFX7HRQ,Watch Now
i_7jStq7LLQ,"78Th Independence Day Ft. Srk, Hrithik Roshan, Ranveer Singh & More!"
IdGjB5WXsCI,Bnftv Top 8 Bollywood Patriotic Movies On Netflix
hVq_CWxu0hU,Ludo King Battle: Whos The Goat??
hVq_CWxu0hU,"Kaash Plays, Mythpat, & Slayy Point"
hVq_CWxu0hU,Netflix India
7-DjxsSvbHY,The Royals
7-DjxsSvbHY,Cast Announcement
7-DjxsSvbHY,"Ishaan Khatter, Bhumi Pednekar, Zeenat Aman, Nora Fatehi"
jYAnec-9Dco,Hindustani 2
jYAnec-9Dco,Official Trailer
jYAnec-9Dco,Kamal Haasan
jYAnec-9Dco,Shankar
jYAnec-9Dco,Anirudh
jYAnec-9Dco,Netflix India
6-UW5H4riRA,"Bassi & Prashasti: Relationships, Secrets & Fan Incidents Ft. #Phiraayihasseendillruba Cast!"
nTo5KFrIMPc,4 Most Unexpected Beginnings & Heartwarming Endings
nTo5KFrIMPc,"Ft. Damon-Elena, Chandler-Monica& Kate-Anthony"
9JXTDuNI-sQ,Krushna Abhishek'S Most Hilarious Mimicry As Jackie Dada Ft. Cast Of Heeramandi
9JXTDuNI-sQ,#Tgiks
Th8bBJMa1Pg,The Story Of Ic 814: The Kandahar Hijack
Th8bBJMa1Pg,"Vijay V, Kumud M, Naseeruddin S"
Th8bBJMa1Pg,Netflix India
MGfYYHDlRk8,Squid Game: Season 2
MGfYYHDlRk8,Welcome Players
MGfYYHDlRk8,Netflix India
s34c9SIneyI,"Fahadh Faasil'S Brilliant Acting Scenes Ft. Maamannan, Irul"
IS8VX5HFKLA,Cast Of Phir Aayi Hasseen Dillruba Did What?!
IS8VX5HFKLA,Netflix India
lgAFE2Nx0yA,Fahadh Faasil'S Acting Range That Will Blow Your Mind!
lgAFE2Nx0yA,"Maamannan, Irul"
MGTxyvMkUME,Jimmy Shergills Interrogation Leaves Taapsee Pannu Speechless!
MGTxyvMkUME,Phir Aayi Hasseen Dillruba
8v23qKa8BZY,"Taapsee Reveals The Craziest Thing She Has Done In Loveft. Raunaq R, Sunny K, Vikrant M"
DQMxf2banC8,-
DQMxf2banC8,Hindi Dub
DQMxf2banC8,Spider-Man: No Way Home
m4u9blHkoXI,Kamal Hassan'S Varma Kalai Attacks Paralyse The Victims!
m4u9blHkoXI,Indian 2
m4u9blHkoXI,Netflix India
4Iqy9Su-uiA,Sunny Kaushal Falls In Love With Taapsee Pannu At First Sight
4Iqy9Su-uiA,Phir Aayi Hasseen Dillruba
fPIqvbtG4-A,"My Life In A Parallel Universeft. Nani, Mrunal, Ranveer & Anushka"
fPIqvbtG4-A,#Hinanna & #Dildhadaknedo
CVyBxzQ3LeQ,Kriti Sanon & Kartik Aaryans Chemistry Is Unmatched
CVyBxzQ3LeQ,#Shehzada #Lukachuppi
CVyBxzQ3LeQ,Netflix India
fszL1fdPQ-o,Phir Aayi Hasseen Dillruba
fszL1fdPQ-o,Watch Now
fszL1fdPQ-o,"Taapsee P, Vikrant M, Sunny K & Jimmy S"
fszL1fdPQ-o,Netflix India
dnQ7cF20rog,Indian 2
dnQ7cF20rog,Watch Now
dnQ7cF20rog,Kamal Haasan
dnQ7cF20rog,Netflix India
RxQZXYI_uZQ,Relationsh!T Advice Ft. Phir Aayi Hasseen Dillruba Cast
RxQZXYI_uZQ,"Raunaq Rajani, Shreeja, Pavitra"
yXlTrNqoPBw,Kapil Sharma Savagely Roasts Archana Puran Singh
yXlTrNqoPBw,The Great Indian Kapil Show
B2Iy0JgA-VQ,Tanmay Reacts To The Most Epic K-Drama Scenes Ever!
F-8_tSZMeKU,Taapsee Pannu Vs Vikrant Massey: Couples After Arranged Marriage
F-8_tSZMeKU,Haseen Dillruba
dA2YyZ1t-Jw,Vikrant Massey & Taapsee Pannu Are Literally Every Couple Ever! #Haseendillruba
Y-mUmoPmyhU,S. S. Rajamouli'S Son Karthikeya Shares About His Family Background #Modernmasters
ddV9lkbEOos,Junaid Khan Explains Why He Rejected Sharvari'S Proposal
ddV9lkbEOos,Maharaj
jqHqblh2lBQ,Bharateeyudu 2
jqHqblh2lBQ,Telugu Trailer
jqHqblh2lBQ,Kamal Haasan
jqHqblh2lBQ,Siddharth
jqHqblh2lBQ,Shankar
jqHqblh2lBQ,Netflix India
CFEK5RQI2zk,How To Flirt Like A Pro Ft. Srk! #Omshantiom
SMjWvmjnsyg,Taapsee Pannu Is Actively Looking For A Sigma Male #Phiraayihasseendillruba
Vt4R3-zXksY,Indian 2
Vt4R3-zXksY,Official Trailer
Vt4R3-zXksY,Kamal Haasan
Vt4R3-zXksY,Shankar
Vt4R3-zXksY,Anirudh
Vt4R3-zXksY,Subaskaran
Vt4R3-zXksY,Netflix India
IT3wV63WKCM,S.S. Rajamoulis Dedication To Perfecting Every Shot!
IT3wV63WKCM,Modern Masters: S.S.Rajamouli
IT3wV63WKCM,Netflix
xqdWV_fhuV4,Ctrl
xqdWV_fhuV4,Date Announcement
xqdWV_fhuV4,4 October
xqdWV_fhuV4,"Ananya Panday, Vihaan S, Vikramaditya Motwane"
xqdWV_fhuV4,Netflix India
q8gfQpdMetU,Ranbir Kapoor Gears Up For The Weekend! #Aedilhaimushkil
GISNagsD2DM,Prabhas' Incredible Stunt In An Epic Castle Battle Sequence!
GISNagsD2DM,#Baahubali2
GISNagsD2DM,Netflix India
7BOGgymGCgA,"Most Legendary Biopic Portrayals Everft. Alia Bhatt, Ranbir Kapoor, Janhvi Kapoor & More"
pwuOr-vMnM4,Types Of Friends We All Need Ft. #Kuchkuchhotahai #Dilchahtahai #Yehjawaanihaideewani & More
1cIVsRYwFP4,Taapsee'S Awkward Argument With Her Mother-In-Law Leaves Vikrant Red-Faced
1cIVsRYwFP4,#Haseendillruba
Hwu5NpF9vv8,@Kullubaazi Hilarious Reply To @Shreyakalraa & Rishabh J On #Phiraayihasseendillruba Trailer
m6JrtJeQ3Y8,Jeetu Bhaiya'S Incredibly Motivational Monologue
m6JrtJeQ3Y8,#Kotafactory3
m6JrtJeQ3Y8,Netflix India
jx54w4_mZHM,"Vicky Kaushals Incredible Acting Range Ft. Lust Stories, Dunki, Masaan, Sanju & More!"
ZRchwhJn9Ew,Ic 814: The Kandahar Hijack
ZRchwhJn9Ew,Official Teaser
ZRchwhJn9Ew,"Vijay Varma, Pankaj Kapur, Naseeruddin Shah"
kTELaN7dJE8,Janhvi Kapoors Most Breathtaking Looks Ever! Ft. #Mrandmrsmahi #Roohi #Gunjansaxena #Mili
d0bs2b6CgYE,Rajkummars Cricket Obsession Costs Their Business In #Mrandmrsmahi
IWH4Bt2Q0bs,Modern Masters: S. S. Rajamouli
IWH4Bt2Q0bs,Watch Now
IWH4Bt2Q0bs,Netflix India
-1A3Qyp9DPc,Jim Carrey'S Funniest Hindi Dub! #Aceventurapetdetective
trvhligP5eA,Terminator Zero
trvhligP5eA,Official Trailer
trvhligP5eA,Netflix India
pQVWOeI9l8E,Krushna & Kiku'S Hilarious Mimicry Of Bobby Deol & Ranbir Kapoor In #Thegreatindiankapilshow
oogons7tCM8,Squid Game: Season 2
oogons7tCM8,Date Announcement
oogons7tCM8,Netflix
MFpaK8kHIuc,Haste Haste
MFpaK8kHIuc,Song Out Now
MFpaK8kHIuc,Phir Aayi Hasseen Dillruba
MFpaK8kHIuc,Netflix India
JFtPahHqmE0,@Tanmaybhat & @Therahuldua 'S Roast Battle On Exes
JFtPahHqmE0,#Comedypremiumleague
FSYdw3RdKtE,"Falling In Love With The Best On-Screen Couples Ft. Taapsee P, Vikrant M, Diljit D & More"
R36vPZCY-qo,Srk As Amarkant Varma From #Dilse
1dZjTHT5qWk,"The Ultimate Batman Fight Compilation Ft. Robert Pattinson, Ben Affleck & Christian Bale"
A8NuCdFhuDs,Janhvi Kapoor & Rajkummar Share The Same Passion For Cricket!
A8NuCdFhuDs,#Mrandmrsmahi
sUkFsEn-eFw,Son Ye-Jinn Aur Hyun Bin Gaye Cute Shopping Date Par!
sUkFsEn-eFw,Crash Landing On You
XIuGnmZ3Q5g,Janhvi Kapoor Finds A Match For @Dharnadurga #Mrandmrsmahi
ieZ6qgBdZDU,"Janhvi Kapoor & @Dharnadurga Discuss Cricket, Marriage & Adulting!"
ieZ6qgBdZDU,Netflix India
Ri_Fbdw3U7Y,Krushna Abhishek'S Most Badass Entry As Ranvijay
Ri_Fbdw3U7Y,"Kapil Sharma,Sunny Deol,Bobby Deol"
Ri_Fbdw3U7Y,#Tgiks
QzCex_0YWvY,@Tanmaybhat 'S Hilarious Reaction To #Toohottohandle Hindi Dub
QzCex_0YWvY,"Aishwarya,@Kullubaazi & Rohan"
TSG9fEEHVRo,Savis Life Turns Upside Down
TSG9fEEHVRo,"Divya Khosla Kumar, Harshvardhan Rane, Anil Kapoor"
RBOsdfjGiVQ,Khanna & The Gang'S Epic Toll Booth Fight
RBOsdfjGiVQ,"Varun, Sunny, Manjot, @Jassiegillonline"
NQ7wGk8dUho,Vijay Sethupathi Demands The School Owner To Apologize To His Daughter
NQ7wGk8dUho,Tamil Clip
NQ7wGk8dUho,#Maharaja
OMeGNViHS2M,Movies You Must Watch If You Liked #Crew Ft. #Mimi #Chornikalkebhaga #Happynewyear & #Ludo
QYcSCDiZN5c,Prithviraj & His Friends Fooled By A Desert Mirage!
QYcSCDiZN5c,Aadujeevitham
QYcSCDiZN5c,Netflix India
pi3r_jtBjE0,Janhvi Kapoors Hidden Cricket Talent Stumps Rajkummar Rao
pi3r_jtBjE0,#Mrandmrsmahi
EFTHTei0FxM,Rajkummar Rao Is Obsessed With Cricket
ZLm5Fpti1AM,Manav Kaul Dances For Tillotama Shome
ZLm5Fpti1AM,Tribhuvan Mishra Ca Topper
JswzsEyNPUg,Ravi Kishan Thinks Jaya Is A Criminal
JswzsEyNPUg,Deleted Scene
JswzsEyNPUg,#Laapataaladies
c14W_8wiuiY,"@Kullubaazi, @Shreyakalraa & Rishabh Jaiswal React To Phir Aayi Hasseen Dillruba Trailer"
rfXW2Sk67WE,Savi
rfXW2Sk67WE,Official Trailer
rfXW2Sk67WE,"Divya Khosla Kumar, Harshvardhan Rane, Anil Kapoor"
n1kAK5bfkhI,Mr. & Mrs. Mahi
n1kAK5bfkhI,Watch Now
n1kAK5bfkhI,"Janhvi Kapoor, Rajkummar Rao"
n9TtAfV3EFU,"@Kullubaazi 'S Hilarious Mix-Up Between Jassie Gill, Harrdy Sandhu & Ammy Virk #Wildwildpunjab"
vB7OiVfmEDM,Mr. & Mrs. Mahi
vB7OiVfmEDM,Official Trailer
vB7OiVfmEDM,"Janhvi Kapoor, Rajkummar Rao"
ATGQdcN4UBs,Phir Aayi Hasseen Dillruba
ATGQdcN4UBs,Official Trailer
ATGQdcN4UBs,"Taapsee P, Vikrant M, Sunny K, Jimmy S"
hUgp6fGLlj4,"Manav Kaul Confesses His Takeaway From #Tribhuvanmishracatopper Ft.Tillotama,@Kushakapila5643"
AEaR1Pc_Qek,Vicky & Sunny Kaushal'S Most Relatable Childhood Tales!
AEaR1Pc_Qek,#Thegreatindiankapilshow
quUDJwZQ72s,Prithviraj Struggles To Milk A Goat!
quUDJwZQ72s,Aadujeevitham
quUDJwZQ72s,Netflix India
KuTbnVUnsDo,"Making Of Maharaj: Behind The Scenes Ft. Junaid, Jaideep, Shalini, Sharvari"
KuTbnVUnsDo,Netflix India
mACAmlz8wro,@Kushakapila5643 Interviews Manav Kaul And Tillotama Shome: Boyfriend On Rent?
4tIHKJiD5oc,Rana Naidu Season 2
4tIHKJiD5oc,Now Filming
4tIHKJiD5oc,"Rana Daggubati, Venkatesh Daggubati, Arjun Rampal"
Ro-VlNSkd0w,Emily In Paris: Season 4 Part 1
Ro-VlNSkd0w,Official Trailer
Ro-VlNSkd0w,Netflix
OTHKWEZilL4,Modern Masters: S. S. Rajamouli
OTHKWEZilL4,Telugu Trailer
OTHKWEZilL4,Netflix India
79XS4qpRw50,Modern Masters: S. S. Rajamouli
79XS4qpRw50,Official Trailer
79XS4qpRw50,Netflix India
qBQYItyOVzg,Jeetu Bhaiya Describes The Origins Of Kota Factory! #Kotafactory
_rajysWN2tg,Shweta Basu In A Shocking New Avatar
_rajysWN2tg,Tribhuvan Mishra Ca Topper
FBPbsxLex7Y,Arcane: Season 2
FBPbsxLex7Y,Stealth Mission
FBPbsxLex7Y,Official Clip
FBPbsxLex7Y,Netflix
JwQZqZJXn5Y,Vijay Sethupathi Stuns The Police Station!
JwQZqZJXn5Y,Maharaja
JwQZqZJXn5Y,Netflix India
5qPbIiQ0cZE,Kapil'S Hilarious Story About Acting Costumesft. Cast Of Heeramandi
5qPbIiQ0cZE,Unseen Footage
5qPbIiQ0cZE,#Tgiks
OQJg0m9z9gE,@Tanmaybhat & The Og Gang React To Wildest Scenes From Wild Wild Punjab
OQJg0m9z9gE,Netflix India
sVpogA2qol4,Prithviraj Narrowly Escapes A Deadly Snake
sVpogA2qol4,#Aadujeevitham
sVpogA2qol4,Netflix India
K-JWjLdWB04,From No One Cares To No One Cares Ft. Ranbir Kapoor #Tamasha
iHUp6wmXktQ,Manav Kaul'S Awkward Secret Is Revealed
iHUp6wmXktQ,#Tribhuvanmishracatopper
Uh6sp7CHsx8,Maharaja
Uh6sp7CHsx8,Telugu Trailer
Uh6sp7CHsx8,"Vijay Sethupathi, Anurag Kashyap, Mamta Mohandas"
GfE3aIiY4PY,Aadujeevitham
GfE3aIiY4PY,Watch Now
GfE3aIiY4PY,Netflix India
duI8YBtMOUs,@Kullubaazi & @Sahibabalii Flirty Conversation About Double-Date
duI8YBtMOUs,Kota Factory
XP7LisBtnTI,Janhvi Kapoors Hilarious Royal Swayamvar! Ft. Rajkummar Rao
XP7LisBtnTI,#Thagreatindiankapilshow
No0ALP5LkUk,Tribhuvan Mishra Ca Topper
No0ALP5LkUk,Watch Now
No0ALP5LkUk,"Manav Kaul, Tillotama, Puneet K & Ram Sampath"
0DnjxGAJqF4,"Biswa Recalls A Hilarious Ghost Story From Kota Ft. Tanmay Bhat, Jitendra Kumar & More"
cPRQxqgiReo,The Syllabus V/S The Question Paper! Ft. Rajkummar Rao #Srikanth
nA8rQReRVtY,Iconic Fight Scene
nA8rQReRVtY,Wild Wild Punjab
nA8rQReRVtY,"Varun, Sunny, Manjot,@Jassiegillonline ,Patralekhaa,Ishita"
n3ttNeXKPHg,Maharaja
n3ttNeXKPHg,Hindi Trailer
n3ttNeXKPHg,"Vijay Sethupathi, Anurag Kashyap, Mamta Mohandas"
qBlyZwdvWZM,Aditi Rao Hydari Being Iconic For 5 Minutes Straight
qBlyZwdvWZM,Heeramandi: The Diamond Bazaar
N_W0mxX58PI,Junaid Khan Carrying Aamir Khans Incredible Legacy! Ft. #Rangdebasanti & #Maharaj
QNOpNEuOlFU,Aamir Khans Gripping Narration Of His Sons Birth!
QNOpNEuOlFU,#Thegreatindiankapilshow
xjQKvhEi7NI,Aadujeevitham
xjQKvhEi7NI,Official Trailer
xjQKvhEi7NI,Prithviraj Sukumaran
xjQKvhEi7NI,Amala Paul
xjQKvhEi7NI,Blessy
KKUHOZZuLCM,Behind The Scenes
KKUHOZZuLCM,Stranger Things 5
KKUHOZZuLCM,On Set Of The Final Season
KKUHOZZuLCM,Netflix
enSNy60740Q,Phir Aayi Hasseen Dillruba
enSNy60740Q,Date Announcement
enSNy60740Q,"Vikrant Massey, Taapsee Pannu, Sunny Kaushal"
xk9GtQ-26Bw,Vijay Sethupathi'S Shockingly Strange Theft Report!
xk9GtQ-26Bw,Maharaja
xk9GtQ-26Bw,Netflix India
5jefb0FqlWE,Noida Noida Music Video
5jefb0FqlWE,Tribhuvan Mishra Ca Topper
5jefb0FqlWE,Ram Sampath
ZKApPc5a8DY,Vijay Sethupathi In & As The Maharaja
a-qTFGXZVXw,"Vaibhav, Meena & Uday Struggle To Answer A 11Th Grade Question!"
a-qTFGXZVXw,#Kotafactory
kNNfaYCuLu4,Watchlist For All The Sports-Biopic Lovers
kNNfaYCuLu4,"83, Mary Kom, Soorma, & More"
VhXLnwT-ytE,Wild Wild Punjabs Exclusive Relationship Help Desk Ft. @Samayrainaofficial
uPXDpTbMMRM,Rajkummar Rao Peaks In This Emotional Scene!
uPXDpTbMMRM,Srikanth
_5k329mB4IM,@Samayrainaofficials Ultimate Roast Ft. @Sahibabalii @Kullubaazis Rizz!
1v7rKqZeo8M,Janhvi Kapoor & Rajkummar Raos Secret Airport Disguises!
1v7rKqZeo8M,Unseen Footage
1v7rKqZeo8M,#Tgiks
hOu09YxlNBw,Maharaja Ft. Vijay Sethupathi
hOu09YxlNBw,Watch Now
hOu09YxlNBw,Netflix India
gaTu1Bsn9MY,Pratibha Rantas Emotional Monologue About Her Real Identity!
gaTu1Bsn9MY,#Laapataaladies
pOOsvdUtbGE,@Ashishsolanki_1 & @Pannugurleen Hilariously Roast Wild Wild Punjab Cast
pOOsvdUtbGE,"Varun,Sunny,Manjot,Ishita"
_8kwu6_DPyA,Vishwak Sen & Gangs Thrilling Face-Off In A Truck!
_8kwu6_DPyA,#Gangsofgodavari
_8kwu6_DPyA,Netflix India
trBrnSbUqp8,Aditi Rao Hydari Reminds You To Be Hydrated! #Heeramandi
AYNWzhuqJSw,"Manjot Singhs Epic Gedi Plan With Varun, Sunny & Jassie"
AYNWzhuqJSw,Wild Wild Punjab
rWJngzTNXCM,Sunil Grover'S Hilarious Reply As Chumbak To Kapil Sharma Ft. Vicky Kaushal
rWJngzTNXCM,#Tgiks
muFwLccwr3o,Wild Wild Punjab
muFwLccwr3o,Watch Now
muFwLccwr3o,Netflix India
DdbPtTuVFPQ,The Umbrella Academy
DdbPtTuVFPQ,Final Season
DdbPtTuVFPQ,Official Trailer
DdbPtTuVFPQ,Netflix
LQmzMalzWeA,Srikanth'S Genius Demo Stumps The Unhelpful Airport Staff!
LQmzMalzWeA,Srikanth
LQmzMalzWeA,Netflix India
Jm109fPG4zI,Tribhuvan Mishra Ca Topper
Jm109fPG4zI,Official Trailer
Jm109fPG4zI,"Manav Kaul, Tillotama, Puneet K & Ram Sampath"
Zi8cAjxEaCQ,Meena Inspires A Student To Aim!
Zi8cAjxEaCQ,#Kotafactory3
Zi8cAjxEaCQ,Netflix India
Otcr-vRuaQs,Maharaja
Otcr-vRuaQs,Official Trailer
Otcr-vRuaQs,"Vijay Sethupathi, Anurag Kashyap, Mamta Mohandas"
Zfmf53coRMc,@Gamerfleet Aka Waamu Sir React To The Iconic Bike Scene From #Gangsofwasseypur2
ET7DxOUrztU,The Same Story Appears In So Many Films
ET7DxOUrztU,"Ft. Shefali Shah, Tabu & Mona Singh"
ET7DxOUrztU,Netflix India
8aqEUujkCl0,Kapils Hilarious Story About Archanas Early Career
8aqEUujkCl0,Unseen Footage
8aqEUujkCl0,#Thegreatindiankapilshow
NQjiHbdWQOc,The Incredible Final Reveal Of Prabhas Real Identity!
NQjiHbdWQOc,#Salaar
NQjiHbdWQOc,Netflix India
QMxiWZ8-0Sw,Srikanth
QMxiWZ8-0Sw,Now Streaming
QMxiWZ8-0Sw,Netflix India
tDML0UHEvVQ,"Best Of Stand-Up Comics On-Screen Avatars Ft. Anubhav Singh Bassi, Biswa, Varun Grover & More!"
V9N-3AHFd-w,"Straight From The Shoots Of #Maharaj! Ft. Junaid, Jaideep, Shalini & Sharvari!"
Ynf1m9UXfyA,Ft. Glen Powell
Ynf1m9UXfyA,Hindi Dub
Ynf1m9UXfyA,Hitman
0u9gwzX4ico,Janhvi & Rajkummars Yummiest Game Of Charades!
0u9gwzX4ico,#Thegreatindiankapilshow
0u9gwzX4ico,Netflix India
IYOneaKmpag,"Building Innovations, Brick By Brick"
IYOneaKmpag,Azadi Ki Amrit Kahaniyan
IYOneaKmpag,Narrated By Rajkummar Rao
OrONn4FXkK0,@Rrajeshyadav Shares An Epic Baraat Story With @Kullubaazi & @Shubhamgaur09 #Wildwildpunjab
maq1YiNnGy8,Every Indian Goa Trip Ft. #Dark
maq1YiNnGy8,@Notyourtype
maq1YiNnGy8,Netflix India
7Zt2hvMKBBk,Srikanth
7Zt2hvMKBBk,Official Trailer
7Zt2hvMKBBk,"Rajkummar Rao, Jyothika, Alaya F, Sharad Kelkar"
d_G46FzASmM,@Gamerfleet Waamu Sir Teaches 90S Bollywood To Gen-Z Class
d_G46FzASmM,Netflix India
A383_wazkao,Vijay & Pooja Hegde'S Chemistry Hits Different
A383_wazkao,Beast
qRop3l_FlMY,Who Is Most Compatible From The Cast?
qRop3l_FlMY,Kota Factory 3
qRop3l_FlMY,"Vaibhav, Uday, Meena, Vartika"
BOrykV5FQU4,Cobra Kai Season 6: Part 1
BOrykV5FQU4,Official Trailer
BOrykV5FQU4,Netflix
MmcYe1tx6oo,@Kullubaazi @Shubhamgaur09 & @Rrajeshyadav React To The Wild Wild Punjab Trailer!
XD_JErp5Kyg,Cast Reacts To Iconic Kota Factory Scenes
XD_JErp5Kyg,"Jitendra K,Mayur M,Revathi P,Urvi S,Ranjan R,Alam K"
qQT1r0RHdUo,@Samayrainaofficial'S Smooth Roast On Akal Vs Shakal
qQT1r0RHdUo,#Comedypremiumleague
gnUhRDU6u-c,The Ultimate Hindi Dubbed Dialogues!
gnUhRDU6u-c,"The Dark Knight, The Dictator, Men In Black & More"
tR9G0RvS16E,Krushna Abhishek & Sunil Grover'S Hilarious Srk-Salman Impression Cracks Up Kartik Aaryan
lxVJmBPL3iA,Madhavans Spine-Chilling Monologue Shocks Ajay Devgn & Jyotika
lxVJmBPL3iA,#Shaitaan
lxVJmBPL3iA,Netflix India
wi52lAUuCHA,Jeetu Bhaiyas Emotional Farewell
wi52lAUuCHA,Kota Factory Season 3
xjH6yWR1GQU,Transforming Healthcare Innovations
xjH6yWR1GQU,Azadi Ki Amrit Kahaniyan
xjH6yWR1GQU,Narrated By Rajkummar Rao
kI0kFGTz0m8,All The Times Sonakshi Sinha Slayed! Ft. #Heeramandi #Ittefaq #Force2 #Rowdyrathore
Vb-f0kh2FT8,Junaid Khan And Jaideep Ahlawat Talk About Their Most Difficult Maharaj Scene
iZoKiOn4lwE,Srk Being Hilarious For 5 Minutes Straight
iZoKiOn4lwE,"Duplicate, Jab Harry Met Sejal, Main Hoon Na & More"
2BeNI9Qvvb4,@Kullubaazi & @Sahibabalii S Cutest Flirting During #Kotafactory Study Date!
tZwTzsRAkDI,Jeetu Bhaiyas Emotional Farewell Party
tZwTzsRAkDI,Kota Factory Season 3
tZwTzsRAkDI,@Harshgujral
XOjbAoA6IS8,Kullu & Sahiba'S Epic 21-Day Theory
XOjbAoA6IS8,@Kullubaazi
XOjbAoA6IS8,@Sahibabalii
XOjbAoA6IS8,Kota Factory
2w2MMW22HgA,Kartik Aaryan'S Mom Spills His Savage Childhood Stories In #Thegreatindiankapilshow
SENHTntJnys,"Discovering The Joy In Acceptance! Ft. Rajkumar Rao, Aditi Rao Hydari & More"
rTdyZPxvkS8,@Souravjvlogs Poore Family Ke Saath 'The Great Indian Kapil Show' Ka Tour!
s9bkrfQXqtc,Achutam Keshavam Music Video
s9bkrfQXqtc,Sonu Nigam
s9bkrfQXqtc,Maharaj
s9bkrfQXqtc,Bhajan
s9bkrfQXqtc,Netflix India
AnrSxu84tNA,"Jeetu Bhaiya Reveals Biswas Nickname In College Ft. Tanmay Bhat, Jitendra Kumar, Rohan Joshi"
V7k9SzN7qCw,Yaaron Music Video
V7k9SzN7qCw,"@Ankurtewari, @Voctronica And @Noorchahal_"
V7k9SzN7qCw,Kota Factory
CIrK-7VDkbU,Wild Wild Punjab
CIrK-7VDkbU,Official Trailer
CIrK-7VDkbU,"Varun, Sunny, Manjot, @Jassiegillonline, Patralekhaa, Ishita"
91E5P2B1gG0,@Kullubaazi Takes @Sahibabalii'S Viva On A Cycling Date!
91E5P2B1gG0,Kota Factory
1YMORXcE9vU,Kartik Aaryan'S Mom Caught Him Bunking Classes?! #Thegreatindiankapilshow
GPBChdAJ0RM,"Aditi Rao Hydari & @Aishmrj: Awkward Interviews, Heeramandi & Sanjay Leela Bhansali"
OmiHObJbxe0,@Tanmaybhat & The Gang React To The Hilarious Cockroach Scene In #Toohottohandle
4ERt6gA9rlo,Here'S A Watchlist To Celebrate Pride
4ERt6gA9rlo,"Badhaai Do, Mismatched, Ajeeb Daastaans & More"
JJTphQ_Hlo4,Champion & His Mother Are Here
JJTphQ_Hlo4,"Kartik, Mala Tiwari"
JJTphQ_Hlo4,Watch Now
JJTphQ_Hlo4,The Great Indian Kapil Show
Bh9pamJok0g,The Stress Gets To Vaibhav In Kota Factory Season 3
Bh9pamJok0g,"Mayur More, Ranjan Raj, Urvi Singh"
7lmEI53Z-xw,Maharaj
7lmEI53Z-xw,Now Streaming
7lmEI53Z-xw,"Junaid Khan, Jaideep Ahlawat, Shalini Pandey, Sharvari"
7lmEI53Z-xw,Netflix
vIXywnN-CNc,@Kullubaazi @Sahibabalii On The Cutest Date Ever!
vIXywnN-CNc,Kota Factory
K7uMVFj46AI,
K7uMVFj46AI,Godzilla Minus One
K7uMVFj46AI,Netflix India
OvUsI-UV6Gw,Rohan Joshi'S Epic Rant On Chess Ft. @Samayrainaofficial
OvUsI-UV6Gw,#Comedypremiumleague
_ojpJblySH0,Making Education Accessible For All
_ojpJblySH0,Azadi Ki Amrit Kahaniyan
_ojpJblySH0,Narrated By Rajkummar Rao
cwDGaTC29PY,All About Queen Charlotte! Ft. @Shubhamgaur09 & @Rrajeshyadav
cwDGaTC29PY,#Bridgerton
x7TLkIGi1Kg,"Kapil Performs A Hilarious Rap With Badshah, Karan & Divine!"
x7TLkIGi1Kg,#Thegreatindiankapilshow
pIkdfPpnThQ,Kota Factory Season 3
pIkdfPpnThQ,Watch Now
pIkdfPpnThQ,"Jitendra Kumar, Mayur, Alam, Ranjan"
J04sXVt5Gt0,"Mayurs Real Life Jeetu Bhaiyyas Epic Advice! Ft. Tanmay Bhat, Biswa & More #Kotafactory"
rzOQ4_MRjoI,Kota Factory Cast Reacts To Audition Tapes
rzOQ4_MRjoI,"Jitendra, Mayur, Alam, Ranjan, Revathi & Urvi"
I-1pWrckgzU,Kartik Aaryan & Mala Tiwari
I-1pWrckgzU,The Mother-Son Duo
I-1pWrckgzU,The Great Indian Kapil Show
I-1pWrckgzU,Netflix
kxf9wCFjmw0,Jeetu Bhaiyas Hilarious First Days Of Iit Prep #Kotafactory Ft. @Tanmaybhat
kxf9wCFjmw0,#Kotafactory
bz6y4GLM9P4,"@Tanmaybhat, Rohan & Biswa: College Firsts, Canteen Memories & Nicknames Ft. #Kotafactory Cast"
fJ1F3U02KmQ,Vikrant Massey Hunts Down Harshvardhan Rane In An Intense Car Chase!
fJ1F3U02KmQ,#Haseendillruba
lXC4_y4EcAQ,@Tanmaybhat & The Gangs Hilarious Reaction To #Datedandrelated
sxq_QLjuySc,@Kullubaazi & @Sahibabalii'S Kota Factory Study Date
sxq_QLjuySc,Netflix India
wPcxCdjXdbc,"Badshah, Karan Aujla & Divine Reveal Their Real Names!"
wPcxCdjXdbc,#Thegreatindiankapilshow
SiI4yqwFgM8,Thr Great Indian Kapil Show
SiI4yqwFgM8,Season 2 Announcement
KB3Ql2EsP2s,@Samayrainaofficial Ranks Salman Khan'S Most Iconic Heartbreak
Ge1DycaRLXE,Desi Dads Give Best Motivational Advice
Ge1DycaRLXE,Fathers Day
Ge1DycaRLXE,"Amitabh Bachchan,Pankaj Tripathi & More"
UEZYSNugsBU,The Kota Gang Is Back In S3
UEZYSNugsBU,"Mayur More, Revathi Pillai, Ahsaas Channa, Alam Khan, Ranjan Raj"
asRZoRv8nqU,@Slayypointofficial'S Abhyudaya & Gautami Guess What Happens To Paxton!
asRZoRv8nqU,#Neverhaveiever
kaMuUNTXyxg,Rappers On The Comedy Stage
kaMuUNTXyxg,Now Streaming
kaMuUNTXyxg,The Great Indian Kapil Show
kaMuUNTXyxg,Netflix India
Lp5Is0mfSgg,Kota Factory'S Most Wholesome Friendship Trio
Lp5Is0mfSgg,"Ft. Mayur More, Ranjan Raj & Alam Khan"
L_uDX0NRaac,The Crew Finds All The Gold
L_uDX0NRaac,"Tabu, Kareena Kapoor, Kriti Sanon"
L_uDX0NRaac,#Crew
MjNTgdGDxWc,The Cast Of #Laapataaladies React Hilariously To Sparsh Shrivastava'S Adla-Badli Scene!
H84XD_csCbk,Kota Factory Revision Time
H84XD_csCbk,S1 & S2 Recap
H84XD_csCbk,Netflix India
tvERI_Cslm4,Kota Factory Changing Lives Irl
tvERI_Cslm4,Season 3
tvERI_Cslm4,Netflix India
dA2tcaKL304,Gangs Of Godavari
dA2tcaKL304,Official Trailer
dA2tcaKL304,"Vishwak Sen, Neha Shetty, Anjali, Nassar, Sai Kumar"
e3WAEBoo2ks,"Trust Me, I'M Mirror-Ing Your Curiosity Bridgerton Season 3: Part 2"
e3WAEBoo2ks,Now Streaming
e3WAEBoo2ks,Netflix
nR6V3v0hlWg,"The Most Heartbreaking Situationship Breakups Ft. Anushka Sharma, Ananya Panday, Ranbir Kapoor"
25aksaBM0xk,Sparsh Shrivastava & Pratibha Ranta Finding Phool #Laapataaladies
25aksaBM0xk,Netflix India
qhmz-CEWAI0,Rohit Sharma Exposes Shikhar & Rishabh Pant Ft. Shreyas Iyer
qhmz-CEWAI0,#Thegreatindiankapilshow
uu-juyiVqE8,Deepaks Father Village Scene In #Laapataaladies
uu-juyiVqE8,Deleted Scene
le-PTxngJfo,Kapil Welcomes Rap Artists
le-PTxngJfo,"Badshah, Divine, Karan"
le-PTxngJfo,The Great Indian Kapil Show
le-PTxngJfo,Netflix
3ijp1bjRJjE,@Shubhamgaur09 & @Rrajeshyadav Calls Bridgerton A 'Sooraj Barjatya' Film?! #Bridgerton
GUogQnhb4Cw,Mary Kom'S Heartfelt Message For Her Fans
GUogQnhb4Cw,"Sania Mirza, Saina Nehwal, Sift Kaur Samra"
rJEB-0yCjKw,Kota Factory: Season 3
rJEB-0yCjKw,Official Trailer
rJEB-0yCjKw,"Jitendra Kumar, Mayur More, Ranjan Raj, Alam Khan"
W6BpE4A8eA8,Abhay Deol Shows You The View Of A Lifetime! #Heeramandi
W6BpE4A8eA8,#Znmd
kWU2AWwz1JY,Rannvijay & Veera Take On All Enemies
kWU2AWwz1JY,Ranbir Kapoor & Vijay
kWU2AWwz1JY,Animal X Beast
NNHwmXzaGI8,Manisha Koirala Exposes Sharmin Segals Real Identity To Taha Shah Badusshas Family!
NNHwmXzaGI8,#Heeramandi
JqojnCbO5eY,How Aamir Khan Lost The Role In His Own Movie To Ravi Kishan #Laapataaladies
qQydAnzUh8M,"Ultimate South Films Watchlist Ft.Thalapathy Vijay,Allu Arjun, Prabhas, Tovino Thomas & More"
Gq9zJPRAYC4,Sania Mirza Wants Srk Or Akshay Kumar To Play Her Love Interest In A Biopic!?
8fBw4f3mhhA,Sports Queens Rule The Laughter Arena
8fBw4f3mhhA,Now Streaming
8fBw4f3mhhA,The Great Indian Kapil Show
mOMCswAiqDU,Ravi Kishan Is Shocked By Anant Joshis Hilarious Solution To Shoo Monkeys
mOMCswAiqDU,#Maamlalegalhai
TD-NfUjZICY,Sonakshi Sinhas Coldest Reaction To Manisha Koiralas Downfall In #Heeramandi
9VMcplrROUk,@Bnftv'S Recommendation For The Weekend: #Cobrakai
hwTq4UyQT64,Sparsh Shrivastavas Hilarious Encounter With Fakiri Baba
hwTq4UyQT64,Deleted Scene From #Laapataaladies
ebNOWMogR68,Akshay & Tiger'S Explosive Entry Scene!
50GSwIZKgyg,@Slayypointofficials Ultimate 'What Happens Next?' Challenge
rEkwnWkueWk,Diljit & Kriti Sanons Flirty Reunion Date
rEkwnWkueWk,Crew
59vD76-x9KE,Bade Miyan Chote Miyan
59vD76-x9KE,Now Streaming
59vD76-x9KE,"Akshay Kumar, Tiger Shroff, Prithviraj,Sonakshi Sinha"
lS9EejB0PjU,"Most Heartbreaking Goodbyes In Bollywood Ft. Shah Rukh Khan, Aamir Khan"
lS9EejB0PjU,Netflix India
pZbJOW5CwQM,Bade Miyan Chote Miyan
pZbJOW5CwQM,Official Trailer
pZbJOW5CwQM,"Akshay Kumar,Tiger Shroff,Prithviraj,Sonakshi Sinha"
ngUB1-SUX4M,Sportswomen At The Comedy Field
ngUB1-SUX4M,The Great Indian Kapil Show
ngUB1-SUX4M,Netflix
aW2oassRy64,Jeetu Bhaiyas 5 Most Important Lessons
aW2oassRy64,Kota Factory
qc1J2Y39NkA,Deepak Kumar Goes To The Police To Find Phool Kumari!
qc1J2Y39NkA,#Laapataaladies
qc1J2Y39NkA,Netflix India
mCCQ_iWFoQ4,Janhvi & Rajkummar Play Sunil Grovers Oldest Game
mCCQ_iWFoQ4,#Thegreatindiankapilshow
mCCQ_iWFoQ4,Netflix India
p7M7pI1iLXA,Bridgerton Season 3
p7M7pI1iLXA,Part 2 Official Trailer
p7M7pI1iLXA,Netflix
5HEXuJ6bd_4,What If Colin Bridgerton Were In Lagaan?! Ft. Shubhamgaur09 & @Rrajeshyadav
5HEXuJ6bd_4,#Bridgerton
b903CiQvBHc,The Most Epic Breaking Bad Cameos In Better Call Saul
b903CiQvBHc,"Aaron Paul,Bryan Cranston,Bob Odenkirk"
12IzE6Qkgtw,Heeramandi
12IzE6Qkgtw,Season 2 Announcement
12IzE6Qkgtw,Sanjay Leela Bhansali
12IzE6Qkgtw,Netflix India
1iebEwd8AWw,Janhvi Kapoor & Rajkummar Rao On Their Acting Journeys! #Thegreatindiankapilshow
aiENo4M1__s,Kriti Sanon & Diljit Dosanjh'S Flirty Reconnection In #Crew
tjwaJiV1Z5c,Mr. Mahi & Mrs. Mahi Meet Kapil
tjwaJiV1Z5c,"Janhvi, Rajkummar"
tjwaJiV1Z5c,Streaming Now
tjwaJiV1Z5c,#Thegreatindiankapilshow
XIMK1Q1ISss,Jeetu Bhaiya Decodes The Peer Pressure Theory
XIMK1Q1ISss,Kota Factory Season 2
mB6R378MLA4,"""If You Liked Laapataa Ladies, You'Ll Love This Watchlist"
mB6R378MLA4,"Masaan, Bareilly Ki Barfi, Swades"
WFXl4IKxtBk,Mallikajaans Most Savage Monologues From #Heeramandi!
WFXl4IKxtBk,Netflix India
Ki9iwUpChtM,The Umbrella Academy
Ki9iwUpChtM,Final Season
Ki9iwUpChtM,Official Teaser Trailer
Ki9iwUpChtM,Netflix
JHRkw5VrVo8,Ravi Kishans Unseen Deleted Scene From Laapataa Ladies
PuMpLYR_Unc,Kriti Sanon Spills The Tea On #Crew Bts
6TgQQqNJHzI,#Amarsinghchamkila Ready To Risk His Life For His Music!
6TgQQqNJHzI,Netflix India
enC5TH0W0Ok,Kota Factory S3
enC5TH0W0Ok,Date Announcement
enC5TH0W0Ok,"Jitendra Kumar, Ahsaas Channa, Mayur More, Revathi Pillai"
cSKioGJWhgE,5 Heeramandi Moments That Will Shock You!
cSKioGJWhgE,Netflix India
_Pdx8NpbmFk,"The Stunning Music Video Of #Khwabida Ft. Kareena, Tabu & Kriti From #Crew!"
U69VdOQ33Us,#Laapataladies Wedding Recap Deepak Aur Phool Ki Prem Kahani!
99AcMyXBTPg,Kajol V/S Kareena! @Thugesh Picks The Ultimate Lafda Winner! #Wearefamily
-6A28C2VI1E,Mr. And Mrs. Mahi In The House
-6A28C2VI1E,"Janhvi, Rajkummar"
-6A28C2VI1E,The Great Indian Kapil Show
-6A28C2VI1E,Netflix
4glIjt19TAw,Kareena Kapoor Caught In The Suite In #Crew!
1dNR-IhM2Wo,Shades Of Love Through Sanjay Leela Bhansali'S Eyes! #Heeramandi
s4Dsc2XeBjc,Sunil Grover'S Hilarious Marriage Proposals
s4Dsc2XeBjc,"Anil Kapoor, Farah Khan"
s4Dsc2XeBjc,The Great Indian Kapil Show
5SlAmt-dgA0,"@Kennysebastian 'S Relatable Rant - Dad, Career & Disappointments!"
TTOUKHJWjNE,Kareena Kapoors Iconic Range Of Being Poo & Parvati
TTOUKHJWjNE,"Crew, Gabbar Is Back, Don, Asoka & More"
nmHM36ttn1Y,"Manisha Koirala Most Powerful Monologue On Tawaifs, Pain, & Heartbreak"
nmHM36ttn1Y,Heeramandi
N_3Mh09mM-I,Nani & Nazriyas Cute Argument At The Airport!
N_3Mh09mM-I,#Antesundaraniki
N_3Mh09mM-I,Netflix India
yI1BfJsjnWo,Anil Kapoor And Farah Khan Ki Epic Dosti
yI1BfJsjnWo,The Great Indian Kapil Show
udheTe9fCBg,"Srk, Sanjay Dutt & Tigmanshu Dhulia Deliver The Best Villain Monologues Ever!"
H91Zh4vGcao,Laughter Riot With Anil Kapoor & Farah Khan
H91Zh4vGcao,Streaming Now
H91Zh4vGcao,The Great Indian Kapil Show
saXdevrAHDc,Ranbir Kapoor'S Flirty First Meet With Shraddha Kapoor
saXdevrAHDc,Tu Jhoothi Main Makkaar
r2KZ6zPUuPY,Tabu'S Hilarious Air Hostess Act With Kapil Sharma
r2KZ6zPUuPY,Crew
r2KZ6zPUuPY,"Kareena Kapoor Khan, Kriti Sanon"
waVVON4oSd8,Bollywood Ya Bridgerton? Ft. Luke Newton & Nicola Coughlan! #Bridgerton
0aZArWsEhPo,@Tanmaybhat & The Gang React To The Worst Reality Show Dates Ever
0aZArWsEhPo,#Hindi
0aZArWsEhPo,Netflix India
UKoppSS1ggk,Kareena Kapoor Has A Big Confession Announcement!
UKoppSS1ggk,"Tabu, Kriti Sanon"
iiAvAhFxAtE,Munawar Faruqui Gets A Smooth Roast From Gurleen Pannu #Heeramandi
E6AXOBkC2g0,Beverly Hills Cop: Axel F
E6AXOBkC2g0,Official Trailer
E6AXOBkC2g0,Netflix
LH6sHR86t-M,Crew
LH6sHR86t-M,Official Trailer
LH6sHR86t-M,"Tabu, Kareena Kapoor Khan, Kriti Sanon, Rhea Kapoor"
SGyqkGpHRnc,Anil Kapoor And Farah Khan Take Over Kapils Show
SGyqkGpHRnc,Coming Soon
SGyqkGpHRnc,The Great Indian Kapil Show
pt1vI8GrnX8,@Shubhamgaur09 & @Rrajeshyadav: Ultimate Rewind Of Bridgerton
pt1vI8GrnX8,Hindi Comedy Revisit
nqZjjJCswqg,The Witcher: Season 4
nqZjjJCswqg,First Look
nqZjjJCswqg,Netflix
AMqDOi6sLpI,Obsessed With Imagining Fake Scenarios With My Crush Like
AMqDOi6sLpI,#Don2
AMqDOi6sLpI,#Laapataaladies
N5b03oDnua0,@Samayrainaofficial Ranks The Most Iconic Break-Ups In Bollywood!
u1h5A4CFm8c,Farah Khan & Anil Kapoor Meet Kapil Sharma
u1h5A4CFm8c,The Great Indian Kapil Show
u1h5A4CFm8c,Netflix
c9i724L0kzM,Aditi Rao Hydari'S Iconic Freedom Speech In #Heeramandi
c9i724L0kzM,Netflix India
4oiCgXw0FKo,The Incredible Story Behind #Tamasha Tum Saath Ho! Ft. Ar Rahman & Imtiaz Ali
ZgdypIWTSwU,"Ed Sheeran: Starting Out, The Struggling Years And Bollywood Dialogues!"
ZgdypIWTSwU,#Thegreatindiankapilshow
vWCRcw4Lw38,Ranbir Kapoors Most Iconic Dialogues From A To Z!
udpVWDc5xJ8,Samay Raina Reacts To Taapsee Pannus Effortless Rizz #Haseendillruba
34-m7hZTf-8,Ed Sheerans Newest Single Song Ft. Chak Chak Dhoom Orchestra!
34-m7hZTf-8,#Thegreatindiankapilshow
siM5fhyTVIU,"The Most Iconic Intro Scenes Ft. Ranbir Kapoor, Hrithik Roshan, Akshay Kumar"
g4obCHazw9Q,Sonakshi Sinha Manipulates Fardeen Khan To Pick Her As A Tawaif
g4obCHazw9Q,#Heeramandi
g4obCHazw9Q,Netflix India
GNxMALYoeS0,Queens Of Heeramandi Passionately Talks About The Legendary Sanjay Leela Bhansali #Heeramandi
3mEGltfasZY,Collab Of The Year!
3mEGltfasZY,"Ed Sheeran, Kapil Sharma"
3mEGltfasZY,Streaming Now
3mEGltfasZY,The Great Indian Kapil Show
SevLSJlcNYQ,Bhangra Mix Of Shape Of You
SevLSJlcNYQ,"Ed Sheeran, Kapil Sharma"
SevLSJlcNYQ,The Great Indian Kapil Show
eR9zD8K3mLQ,"Tudum Enters Heeramandi! Ft. Sonakshi Sinha, Sharmin Segal, Aditi Rao Hydari & Richa Chadha"
JtRLyfv51J8,The Romantic Parallelsft. Taha Shah Badussha-Sharmin Segal & Jonathan Bailey-Simone Ashley
Xcb1HD-0ZW4,Alia Bhatts Coldest Confrontation With Vijay Raaz!
Xcb1HD-0ZW4,#Gangubaikathiawadi
Xcb1HD-0ZW4,Netflix India
HTtzOug0Sqs,The Biggest Guest Reveal
HTtzOug0Sqs,"Kapil, Sunil, Krushna"
HTtzOug0Sqs,The Great Indian Kapil Show
HTtzOug0Sqs,Netflix
n5jVC5wVEvs,Kareena Kapoors Timeless Performance In #Asoka
86fbyuFjC1g,@Bnftv Top 10 Hindi Dub Series To Watch In A Single Weekend!
ZCC7cnA21Ic,#Bts With The Cast Of #Heeramandi
ZCC7cnA21Ic,"Ft. Manisha Koirala, Sonakshi Sinha, Aditi Rao Hydari & More"
kMvwOtcdZ84,Welcome Ed Sheeran
kMvwOtcdZ84,"Ed Sheeran, Kapil Sharma"
kMvwOtcdZ84,Coming Soon
kMvwOtcdZ84,The Great Indian Kapil Show
HIq1DbWAsu0,Bridgerton Season 3 Part 1
HIq1DbWAsu0,"Luke Newton, Nicola Coughlan"
HIq1DbWAsu0,Now Streaming
f-vt-PBDAGU,Guessing The Plot: Bridgerton Or Bollywood Ft. Luke Newton & Nicola Coughlan
f-vt-PBDAGU,Netflix India
KcjbUjoFZjY,Bts & Bloopers From Maamla Legal Hai!
KcjbUjoFZjY,"Ravi Kishan, Naila Grrewal, Nidhi Bisht, Anjum Batra"
_p-BIkbBppw,Sharmin Segal Refuses Manisha Koirala For Nath Utrai Ceremony
_p-BIkbBppw,Heeramandi: The Diamond Bazaar
YzW9C1wO700,@Thugesh Reacts To Maamla Legal Hais Lafda Scene!
YzW9C1wO700,Netflix India
GWGhz8LsW7g,Ed Sheeran In The House
GWGhz8LsW7g,The Great Indian Kapil Show
GWGhz8LsW7g,Netflix India
2GTPn9nFwJA,The Making Of Vida Karo
2GTPn9nFwJA,"Imtiaz Ali, Mohit Chauhan, A. R. Rahman, Irshad Kamil"
bHOAushTjec,"In Conversation With Imtiaz Ali, A.R. Rahman, Mohit Chauhan & Irshad Kamil"
bHOAushTjec,#Amarsinghchamkila
d7vqsuFU_zI,Sonakshisinhas Savage Comeback Leaves Aditi Rao Hydari Stunned
d7vqsuFU_zI,Heeramandi:The Diamond Bazaar
Kfg-7gGLrMs,Aditi Rao Hydaris Iconic Walk In #Heeramandi #Bibbojaan
Kfg-7gGLrMs,#Heeramandi
lba-kZVYz9Q,5 Reasons To Watch Heeramandi: The Diamond Bazaar
lba-kZVYz9Q,Sanjay Leela Bhansali
lba-kZVYz9Q,Netflix India
EiWOss4d2s4,Sheeba Chadhas Motivational Message For Every Science Student
EiWOss4d2s4,All India Rank
n3G3mah0yRA,@Mostlysane Making Ajay Devgn&R. Madhavan Spill The Chai About Their Irl
n3G3mah0yRA,Mostly Chai
n3G3mah0yRA,Shaitaan
0sGHSJuHj-w,"The Most Adorable First On-Screen Kissesft. Triptii Dimri, Ranbir Kapoor, Shefali Shah&More!"
yKreDHBrgMI,Glen Powell & Sydney Sweeneys Dreamiest Meet Cute In Hindi!
yKreDHBrgMI,#Anyonebutyou
dl-U7bIuyh8,Richa Chadha Shares The Story Of Her Retakes In Heeramandi! #Thegreatindiankapilshow
zbAF95ggCVU,"The Sweetest Advice From The Best Mothersft.Dimple Kapadia, Neena Gupta & More"
zbAF95ggCVU,Mothers Day
BciFGhkf7AE,"Mothers Always Know Best! Ft. The Best Mothers Ever From #Darlings, #Neverhaveiever & More!"
IHe7vGJHr9s,Queens Of Heeramandi Are Here
IHe7vGJHr9s,Streaming Now
IHe7vGJHr9s,The Great Indian Kapil Show
neYMPeMHDTE,Iconic Ranbir Kapoor Crossover Ft. Ved & Bunny
neYMPeMHDTE,#Yehjawaanihaideewani #Tamasha
WZXCyPzMuIs,Taha Badussha'S Most Breathtaking Looks As Tajdar #Heeramandi
4VmQr1i1jaM,Taha Badussha & Farida Jalal'S Conversation On Ishq
4VmQr1i1jaM,Heeramandi: The Diamond Bazaar
4VmQr1i1jaM,Netflix India
Zq8Y38h87ns,"@Gamerfleet Waamu Sir Explains The Plot Of Dark, Tenet & Black Mirror!"
2CesT-I_ATo,R Madhavan'S Most Twisted Command In #Shaitaan
2CesT-I_ATo,Netflix India
xLJbqs3vFYE,Kusha Kapila Meets The Queens Of Heeramandi For Urdu Mehfil
xLJbqs3vFYE,#Heeramandi
Z8ovDdk79qA,Manisha Koiralas Most Killer Reply As Mallikajaan To Taha Badussha
Z8ovDdk79qA,Heeramandi:The Diamond Bazaar
kH0__RlihIc,Manisha Koirala'S Hilariously Roasts Sonakshi Sinha!
kH0__RlihIc,Munawar Faruqui
kH0__RlihIc,#Heeramandi
GJlT4ifdyKI,Bobby Deol Gets Emotional While Talking About His Father
GJlT4ifdyKI,"Sunny Deol, Kapil Sharma"
yMewONekWwI,The Cast Of Heeramandi & Munawar Faruqui - The Mushaira Roast!
yMewONekWwI,Netflix India
2CppfCINjn4,"@Mostlysane With R Madhavan & Ajay Devgn: #Shaitaan , Horror & The Supernatural!"
2CppfCINjn4,Mostly Chai
CwRROEbKNvc,@Kullubaazi'S Best Pickup Lines
CwRROEbKNvc,@Sahibabalii
CwRROEbKNvc,@Kaashplays
CwRROEbKNvc,Rj Mahvash
1vL33Yyh5pQ,Sonakshi Sinha'S Most Intense Scene With Manisha Koirala!
1vL33Yyh5pQ,Heeramandi: The Diamond Bazaar
l2kSi3J-5rQ,The Royal Affair Feat. Cast Of Heeramandi
l2kSi3J-5rQ,The Great Indian Kapil Show
l2kSi3J-5rQ,Netflix
SpmeGCx1ab8,Wednesday: Season 2
SpmeGCx1ab8,Cast Reveal
SpmeGCx1ab8,Netflix
_fTZYv_Hyiw,Aditi Rao Hydari Being An Absolute Royalty For A Minute Straight #Heeramandi
XcNIiwkEkYk,Manisha Koiralas Reply Breaks Adhyayan Sumans Heart In #Heeramandionnetflix
XcNIiwkEkYk,Richa Chadha
fUIWLsswmLc,R. Madhavans Devilish First Meeting With Ajay Devgn & The Family In #Shaitaan
LXm7u_BrbtI,Akshaye Khanna Is Literally All Of Us On A Monday #Dilchahtahai
8STf52P8rE8,Aditi Rao Hydari Fights For Azadi
8STf52P8rE8,Heeramandi: The Diamond Bazaar
8STf52P8rE8,Sanjay Leela Bhansali
8STf52P8rE8,Netflix
gPbU1zcq1C0,Manju Dadi And Phool Argue About Upbringing!
gPbU1zcq1C0,"Nitanshi Goel, Chhaya Kadam"
gPbU1zcq1C0,Laapataa Ladies
WwqQcpx9Fgw,Samay Rainas Savage Reaction To Srks Pickup Line #Phirbhidilhaihindustani
TABTvmpusp4,Fareedan Threatens Mallikajaan?!
TABTvmpusp4,"Sonakshi Sinha,Manisha Koirala"
TABTvmpusp4,Heeramandi: The Diamond Bazaar
23MVl86thHs,Sunny And Bobby Deol In The Comedy House
23MVl86thHs,Kapil Sharma
23MVl86thHs,The Great Indian Kapil Show
hE1FsWebL0M,An Ultimate Period-Drama Watchlist
hE1FsWebL0M,"Heeramandi, Jodhaa Akbar, Asoka & More"
P9cDIQ0tga4,"The Cast Of Heeramandi Talk About Grand Sets, Costumes & Sanjay Leela Bhansali With @Kushakapila5643"
pqpVtqpRltc,Shaitaan
pqpVtqpRltc,Now Streaming
pqpVtqpRltc,"Ajay Devgn, R. Madhavan"
0KJqbDpiKaY,Taha Badussha And Sharmin Segal'S Adorable Library Scene
0KJqbDpiKaY,Heeramandi: The Diamond Bazaar
7aFgY1ZywlE,Emily In Paris: Season 4
7aFgY1ZywlE,Official Announcement
7aFgY1ZywlE,Netflix India
A_HQdwRDRrw,Shaitaan
A_HQdwRDRrw,Official Trailer
A_HQdwRDRrw,"Ajay Devgan, R Madhavan"
A_HQdwRDRrw,Netflix India
au5OLrrf1qA,Try Not To Scream Challenge With @Mythpat & @Urmilaaa
au5OLrrf1qA,Ultimate Horror
uSvRTjlgTKg,Eric
uSvRTjlgTKg,Official Trailer
uSvRTjlgTKg,Netflix
SeL_3WO0thY,Manisha Koirala'S Epic Reply Left Everyone Speechless
SeL_3WO0thY,Heeramandi: The Diamond Bazaar
cDqkPk7Mi0E,Deol Brothers Incoming
cDqkPk7Mi0E,"Sunny Deol, Bobby Deol, Kapil Sharma"
cDqkPk7Mi0E,The Great Indian Kapil Show
yr4qBNHezo0,Amar Singh Chamkila Weds Amarjot Kaur
yr4qBNHezo0,"Diljit Dosanjh,Parineeti Chopra"
yr4qBNHezo0,Amar Singh Chamkila
DQyRvl3rXxw,"Ranbir, Neetu & Riddhima Kapoor: Secrets, Bargaining & Rumours"
DQyRvl3rXxw,#Thegreatindiankapilshow
Wa6m4qpP4Xo,Bahu Wants To Become Friends With Saas! Pratibha Ranta
Wa6m4qpP4Xo,Laapataa Ladies
w_p9JBnI0X4,Heeramandi: The Diamond Bazaar
w_p9JBnI0X4,Now Streaming
w_p9JBnI0X4,Sanjay Leela Bhansali
ECqkIzG4xWs,"Anushka Sharma'S Breathtaking Looksft. Dil Dhadakne Do, Jab Harry Met Sejal, Pk & More"
3mQuTqsLPr0,Aamir Khans Monologue Makes Akshaye Khanna Furious!
3mQuTqsLPr0,#Dilchahtahai
3mQuTqsLPr0,Netflix India
EPk8tvTaqMo,Senna
EPk8tvTaqMo,Official Teaser
EPk8tvTaqMo,Netflix
1csXiBm95n4,Laapataa Ladies Cast Reacts To Iconic Scenes
1csXiBm95n4,"Ravi Kishan, Pratibha, Sparsh, Nitanshi"
wtAyk1z9dOE,The Cast Of #Laapataaladies React Cutely To Ravi Kishan'S Hilarious Scene!
gm7zVNczco4,Double Dhamaka With Deols
gm7zVNczco4,"Sunny Deol, Bobby Deol, Kapil Sharma"
gm7zVNczco4,The Great Indian Kapil Show
AZUURDRHZRc,Shabana Azmi'S Chai Turned Aamir Khan Into A Perfectionist?!
AZUURDRHZRc,#Thegreatindiankapilshow
wd8LGNqRMbs,Aamir Khan And Sparsh Shrivastava'S Hilarious Interaction
wd8LGNqRMbs,Laapataa Ladies
TG3p4Popi9Q,Ravi Kishan Asks Tough Questions To Pushpa Rani!
TG3p4Popi9Q,Pratibha Ranta
TG3p4Popi9Q,Laapataa Ladies
BDyxBLqZPpA,Prashasti Singh Goes On A Date With A Sobo Guy
BDyxBLqZPpA,Stand-Up Comedy
BDyxBLqZPpA,Ladies Up
BDyxBLqZPpA,Netflix India
K1OGpbWGwlQ,The Most Adorable Romantic Parallels Ft. Devi And Ben & Ross And Rachel
ENQTZ90VEx8,Rajkummar Rao Me: Socially Awkward Everywhere! #Gunsandgulaabs
V9IVsjtUXw0,"Diljit, Parineeti & Imtiazs Incredible Shooting Experience On The Sets Of #Amarsinghchamkila"
AdJfxPyH2ww,Aamir Khan Takes Over The Stage
AdJfxPyH2ww,Kapil Sharma
AdJfxPyH2ww,The Great Indian Kapil Show
h8AiDuE45YI,Yami Gautams Epic Escape From The Mob Attack
h8AiDuE45YI,Article 370
_nqU3rcojsk,Madeira Shots With Mandira At The Premiere Of #Heeramandi!
vrH7CT0eexw,@Neeleshmisra Talks To Team Laapataa Ladies
vrH7CT0eexw,"Aamir Khan, Kiran Rao, Ravi Kishan"
SqoUHshlQxQ,"The Royal ""Aadab"", Heeramandi Style! Ft. Vicky Kaushal, Alia Bhatt, Rashmika Mandanna"
Q6gY245rQ0Y,Dange
Q6gY245rQ0Y,Official Trailer
Q6gY245rQ0Y,"Bejoy Nambiar, Harshvardhan Rane, Ehan Bhat, Nikita Dutta, T J Bhanu"
6U5rkjFqz6c,Mallikajaan V/S Faredaan
6U5rkjFqz6c,Heeramandi: The Diamond Bazaar
6U5rkjFqz6c,Sanjay Leela Bhansali
6U5rkjFqz6c,Netflix
sm8t7aW5_4s,Laapataa Ladies
sm8t7aW5_4s,Official Trailer
sm8t7aW5_4s,"Ravi Kishan, Sparsh Srivastava, Pratibha Ranta, Nitanshi Goel"
xYyCJiGVOIA,Chamkila Bravely Stands Up For His Equal Share Ft. Diljit Dosanjh
xYyCJiGVOIA,Amar Singh Chamkila
-C6NJqSg_yE,"The Most Hilarious Maamla Legal Hai Jokes! Ft. Ravi Kishan, Nidhi Bisht, Naila Grrewal & More"
iLulJjNpE0k,Rj Mahvash Shares The Secret To Becoming A Successful Content Creator! Ft. @Kullubaazi
mE6IzrXVL74,Mr. Perfectionist Meets The Comedy King
mE6IzrXVL74,Aamir Khan
mE6IzrXVL74,The Great Indian Kapil Show
QI5k0-LHZY0,Atlas
QI5k0-LHZY0,Official Trailer
QI5k0-LHZY0,Netflix
4iqtiRb_OHo,Imtiaz Ali & His Love Forlovers On Staircase
4iqtiRb_OHo,"Amar Singh Chamkila,Tamasha,Jab Harry Met Sejal"
m6ZV8IrL5NM,@Samayrainaofficial Ranks The Top Rizz Moments From Bollywood!
gC0gKF5788s,Making Of Amar Singh Chamkilas Music
gC0gKF5788s,Bts
gC0gKF5788s,"Diljit Dosanjh, Parineeti Chopra, A.R. Rahman"
4Rcurj8_b64,Vicky & Sunny Kaushal Spill The Most Embarrassing Childhood Secrets On #Thegreatindiankapilshow
IZ2ATPLDiDo,"The Cutest On- Screen Smiles Ft. Kiara, Deepika, Taapsee, Alia!"
LP-GCYm1RJg,All 98 Thats What She Said! Jokes In #Theoffice
Y1fg_cGbzx4,Taapsee & Harshvardhan Ranes Undeniable Chemistry In #Haseendillruba
Y1fg_cGbzx4,Netflix India
qbapMZGYRsI,Diljit Dosanjh In And As #Amarsinghchamkila
CvkKumWYny0,The Pulwama Attack Changed Everything
CvkKumWYny0,Yami Gautam
CvkKumWYny0,Article 370
R91vuEpKwEQ,Komedy With Kaushal Brothers & Kapil
R91vuEpKwEQ,The Great Indian Kapil Show
GkSeFt5i4B4,The Perfect Playlist For Breaking Bad Megafans
GkSeFt5i4B4,"Griselda, Money Heist, Peaky Blinders & More"
s6X1Ka5e2IY,Chamkila Convinces The Entire Village Panchayat
s6X1Ka5e2IY,Diljit Dosanjh
s6X1Ka5e2IY,Amar Singh Chamkila
Nwce9WwkcMg,Article 370
Nwce9WwkcMg,Official Trailer
Nwce9WwkcMg,Now Streaming
Nwce9WwkcMg,"Yami Gautam Dhar, Priyamani"
Nwce9WwkcMg,Netflix India
gKbPbxyAk2A,Diljit Dosanjh & Parineeti Chopra'S Most Adorable Moments In #Amarsinghchamkila
URff0-iG-yg,Sanjeeda Shaikh As Waheeda
URff0-iG-yg,Heeramandi: The Diamond Bazaar
URff0-iG-yg,Sanjay Leela Bhansali
I87FjpjwVzc,Sonakshi Sinha As Fareedan
I87FjpjwVzc,Heeramandi: The Diamond Bazaar
I87FjpjwVzc,Sanjay Leela Bhansali
x3IM69ZxRwU,Ranbir Kapoor & Deepika Padukones Not So Romantic Hug #Yehjawaanihaideewani
jOIJ9-tn20Y,Adhyayan Suman As Zoravar
jOIJ9-tn20Y,Heeramandi: The Diamond Bazaar
jOIJ9-tn20Y,Sanjay Leela Bhansali
fkG5a-aHvD8,Diljit Dosanjh & Parineeti Chopras Heartwarming First Meeting #Amarsinghchamkila
TzD2pm1x-Y4,Richa Chaddha As Lajjo
TzD2pm1x-Y4,Heeramandi: The Diamond Bazaar
TzD2pm1x-Y4,Sanjay Leela Bhansali
UbiiX8m2FvE,Fardeen Khan As Wali Mohammed
UbiiX8m2FvE,Heeramandi: The Diamond Bazaar
UbiiX8m2FvE,Sanjay Leela Bhansali
jU8Zj7U6nZc,Kapil And The Kaushal Brothers
jU8Zj7U6nZc,"Vicky, Sunny, Kapil"
jU8Zj7U6nZc,The Great Indian Kapil Show
TQcqMt_-qk0,Trip Reality Is Too Real Ft. Hrithik Roshan
TQcqMt_-qk0,"Fighter, Zindagi Na Milegi Dobara"
H-eCNPtOwNI,Aditi Rao Hydari As Bibbojaan
H-eCNPtOwNI,Heeramandi: The Diamond Bazaar
H-eCNPtOwNI,Sanjay Leela Bhansali
m1xYbtD6bsQ,Taha Shah Badussha Stars As Tajdar
m1xYbtD6bsQ,Heeramandi: The Diamond Bazaar
m1xYbtD6bsQ,Sanjay Leela Bhansali
WrX9bd3wKwo,@Kullubaazi & Rj Mahvash React To Sanjay Leela Bhansali'S #Heeramandi Trailer!
h-mGuw5InmQ,@Mostlysane & Parineeti Chopra - When Dimple Meets Dimple!
b4Hnn12UkTU,Sharmin Segal As Alamzeb
b4Hnn12UkTU,Heeramandi: The Diamond Bazaar
b4Hnn12UkTU,Sanjay Leela Bhansali
AqmaeaQH9tU,"Diljit Dosanjh, Parineeti Chopra & Imtiaz Ali'S Funniest Guessing Game With Kapil!"
r1-btqD44oE,Shekhar Suman As Zulfikar
r1-btqD44oE,Heeramandi: The Diamond Bazaar
r1-btqD44oE,Sanjay Leela Bhansali
384bySak68c,Imtiaz Ali Reveals That He'S A Style Icon
384bySak68c,"Diljit Dosanjh, Parineeti Chopra"
vaKzogPpwcg,Manisha Koirala As Mallikajaan
vaKzogPpwcg,Heeramandi: The Diamond Bazaar
vaKzogPpwcg,Sanjay Leela Bhansali
Johwc1gWrjc,These Christopher Nolan Scenes Are Pure Mind-Bending Magic!
wF79BY5uVf0,We Can'T Take Our Eyes Off Their Eyes
wF79BY5uVf0,"Fighter, Gangubai Kathiawadi, & More"
jn2OzfNc_38,The 60 Second Revisit Of Animal!
jn2OzfNc_38,"Ranbir Kapoor, Anil Kapoor, Rashmika Mandanna"
YhWn2_DW5gc,Warning: Do Not Watch This Alone!
RoMphKUb-uI,Welcome Chamkilas Cast
RoMphKUb-uI,"Diljit, Parineeti, Imtiaz"
RoMphKUb-uI,The Great Indian Kapil Show
RoMphKUb-uI,Netflix
GpsNacW_PNo,Summer Expectations Gone Wrong
GpsNacW_PNo,"Taare Zameen Par, Dear Zindagi"
Nbdndh2RB5A,#Chamkila S Debut Performance Gets A Huge Cheer
Nbdndh2RB5A,Diljit Dosanjh
Nbdndh2RB5A,Netflix India
WqAX00v1Naw,@Tanmaybhat & The Og Gang React To The Most Epic Cricket Bollywood Movies!
jksQhxzItMw,Amar Singh Chamkila
jksQhxzItMw,Now Streaming
jksQhxzItMw,"Diljit Dosanjh, Parineeti Chopra, Imtiaz Ali"
UwMsYxEiItE,Amar Singh Chamkila
UwMsYxEiItE,Now Streaming
UwMsYxEiItE,"Diljit Dosanjh, Parineeti Chopra, Imtiaz Ali, Ar Rahman"
xddeClbaPu4,Chup Chup Ke With Diljit Dosanjh
xddeClbaPu4,Amar Singh Chamkila
xddeClbaPu4,12 April
xddeClbaPu4,Netflix India
fqzlt6Ace6g,Bridgerton Season 3
fqzlt6Ace6g,Official Trailer
fqzlt6Ace6g,Netflix
YaYX9kU0qcM,Ravi Kishan Scares His Employees With A Hilarious Prank In #Maamlalegalhai
YaYX9kU0qcM,Netflix India
SSKXIoNJ_eE,Diljit Dosanjh On How He Was Offered Chamkila!
SSKXIoNJ_eE,"Imtiaz Ali, Parineeti Chopra"
OFMIJXUYI-E,@Samayrainaofficial Vs @Kennysebastian - Akal Ya Shakal? Epic Roast Battle #Comedypremiumleague
GAYBQBFKXko,"@Anubhavsinghbassi Interviews Diljit Dosanjh And Imtiaz Ali: Coachella, Biopics And #Chamkila"
gs9dT18boOg,Rohan Joshis Wild Roast Of Tanmay Bhat #Comedypremiumleague
MQQFE8hFByk,Sunil Grover Ki Epic Entry As Kapil Paaji
MQQFE8hFByk,"Kapil Sharma, Rohit Sharma, Shreyas Iyer"
eCUceUSqlcQ,
eCUceUSqlcQ,Joker
eCUceUSqlcQ,Hindi Clip
eCUceUSqlcQ,Netflix India
WvzZYynDkwA,Heeramandi: The Diamond Bazaar
WvzZYynDkwA,Sanjay Leela Bhansali
WvzZYynDkwA,Official Trailer
WvzZYynDkwA,Netflix India
zYrZKxyu99k,"@Mostlysane & Parineeti Chopra Discuss Chamkila, Singing Live & Controversial Chai!?"
9LMjoWUVrNU,Your Watchlist For Summers Is Here
9LMjoWUVrNU,"Kal Ho Naa Ho, Wake Up Sid, The Archies & More"
8Jtxqp-5fKU,Suhana Khan'S Most Uncomfortable Conversation With Her Dad!
8Jtxqp-5fKU,#Thearchies
8Jtxqp-5fKU,Netflix India
E1MhCYrhGuM,Cast Of Chamkila
E1MhCYrhGuM,"Diljit, Parineeti, Imtiaz"
E1MhCYrhGuM,The Great Indian Kapil Show
E1MhCYrhGuM,Saturday At 8 Pm
i0Qreug8aXU,@Slayypointofficial Hilarious Reaction To Hrithik'S Please
i0Qreug8aXU,#Fighter
qjGsWppG9MY,"Priyanka Chopra Roasts Nick Jonas On Marriage, Career And More!"
qjGsWppG9MY,#Jonasbrothersfamilyroast
BfBxSkWzrFU,Vijay & Samanthas Most Adorable Moments From #Mersal
BfBxSkWzrFU,Netflix India
NioyeP0b8qg,Shraddha'S Adorable First Meeting With Ranbir'S Family In #Tujhoothimainmakkaar
nieVfGuHLL4,Rohit'S Pravachan For His Teammates
nieVfGuHLL4,"Rohit Sharma, Kapil Sharma"
nieVfGuHLL4,The Great Indian Kapil Show
T-9MJkpv8HE,Cricket & Comedy Ka Innings
T-9MJkpv8HE,"Rohit, Shreyas"
T-9MJkpv8HE,The Great Indian Kapil Show
T-9MJkpv8HE,Netflix India
xM61veCSD7g,Maamla Legal Hai Cast Reacts To Comments
xM61veCSD7g,"Ravi Kishan, Nidhi Bisht, Naila Grrewal, Anant Joshi"
505Msz9qtU8,Ranbir Kapoors Calmness Is Unmatched #Thegreatindiankapilshow
ZjM5k8O7ucw,Dwayne Johnson Is Back Home After 5000 Years
ZjM5k8O7ucw,#Blackadam
ZjM5k8O7ucw,Netflix India
VrLy8kFDxQE,Jovan Adepo & Eiza Gonzlez Are Stunned Discovering The Universe Winking
VrLy8kFDxQE,3 Body Problem
W9INSSloZNk,@Kullubaazi & @Sahibabalii Flirt Game Is Too Good
W9INSSloZNk,Millie Bobby Brown
W9INSSloZNk,Damsel
FmPCy8yqmNo,Nidhi Bisht'S Funniest Comebacks Ft. Naila Grewal!
FmPCy8yqmNo,#Maamlalegalhai
FmPCy8yqmNo,Netflix India
NxpoF054-1Q,Parasyte: The Grey
NxpoF054-1Q,Now Streaming
NxpoF054-1Q,Netflix India
fQr7SjXmIwA,Deepika Padukone'S Parents Re-Unites With Her In #Fighter
fQr7SjXmIwA,Netflix India
Dto2RN6sX_E,Cricket X Laughter Innings
Dto2RN6sX_E,"Rohit Sharma, Shreyas Iyer"
Dto2RN6sX_E,The Great Indian Kapil Show
Dto2RN6sX_E,Netflix
34b5MlR2whQ,Ranbir Kapoor Shares Stories Of Raha & Alia
34b5MlR2whQ,The Great Indian Kapil Show
LhHmHWVOUS8,Behind The Scenes Of Ishq Mitaye! #Amarsinghchamkila
LhHmHWVOUS8,"Diljit Dosanjh, Imtiaz Ali, Parineeti"
Nb23hcsxmY8,Maamla Legal Hai
Nb23hcsxmY8,Season 2 Announcement
Nb23hcsxmY8,"Ravi Kishan, Nidhi Bisht, Naila Grewal, Anant Joshi"
Gj9abkZiPzY,Dead Boy Detectives
Gj9abkZiPzY,Official Trailer
Gj9abkZiPzY,Netflix India
il6eFHj0qxI,Hilarious & Sad Stories Of One-Sided Love!
xYDJtN9lX2M,Kapil Sharma Being The Comedy King That He Is! #Thekapilsharmashow
ShmrZoyC8J0,Thalapathy Vijays Furious Fight With The Police!
ShmrZoyC8J0,"Thalapathy Vijay, Trisha, Gautham Menon"
Nselfq8u8BU,Our Living World
Nselfq8u8BU,Cate Blanchett
Nselfq8u8BU,Official Trailer
Nselfq8u8BU,Netflix India
P4_ka7HYG48,Imtiaz Ali'S Magic In Naram Kaalja
P4_ka7HYG48,#Amarsinghchamkila
P4_ka7HYG48,Diljit Dosanjh
oShB78TaE7s,When Cricket Meets Comedy
oShB78TaE7s,"Rohit Sharma, Shreyas Iyer"
oShB78TaE7s,The Great Indian Kapil Show
oShB78TaE7s,Netflix
gdfcfeUGqig,Peter Reveals His Identity To His Girlfriend Across The Spider-Verse
gdfcfeUGqig,"Tom Holland, Zendaya,Andrew"
Oj7aCd5itOM,Sunil Grover Teases Ranbir Kapoor Hilariously Ft. Neetu Kapoor
Oj7aCd5itOM,The Great Indian Kapil Show
YIWPJy9izmk,Hrithik Roshan'S Brilliant Monologue Moved Deepika'S Parents
YIWPJy9izmk,Fighter
YIWPJy9izmk,Netflix India
sne8xC5Ft4c,Sunil Ki Dhamakedaar Entry
sne8xC5Ft4c,The Great Indian Kapil Show
sne8xC5Ft4c,"Kapil Sharma, Ranbir Kapoor"
57_68x9rNSg,Saras Secret To Being Humble! #Murdermubarak
SCsN5TMuGOw,Hrithik Roshan And Deepika Padukone'S Most Epic Training Action Scene In #Fighter
s8qSAllR_5Y,The Great Indian Kapil Show
s8qSAllR_5Y,Watch Now
s8qSAllR_5Y,"Kapil Sharma, Sunil Grover, Krushna"
s8qSAllR_5Y,Netflix
8dCavz67oQc,Vijay Varma On How He Started Dating Tamannaah Bhatia
KLL5sapvN-E,@Slayypointofficial React To Mind Blowing Bollywood Action Scenes
tNQwJ2ZgjBw,Anurag Kashyap Savagely Roasts Everyone
tNQwJ2ZgjBw,Comedy Premium League
5LnfU8wfDq8,"Kapil Is Now A Kapoor! Ft. Ranbir, Riddhima And Neetu Kapoor #Thegreatindiankapilshow"
Aak8ygBrqyE,Por
Aak8ygBrqyE,Official Trailer
Aak8ygBrqyE,Bejoy Nambiar
Aak8ygBrqyE,Arjun Das
Aak8ygBrqyE,Kalidas Jayaram
RktN82-3tVo,@Bnftv Top 10 Best South Action Films On Netflix
7JCevcooPiI,Heeramandi: The Diamond Bazaar
7JCevcooPiI,1 May
7JCevcooPiI,Sanjay Leela Bhansali
7JCevcooPiI,Netflix India
uGXB1PFg7E0,Amar Singh Chamkila
uGXB1PFg7E0,Official Trailer
uGXB1PFg7E0,"Imtiaz Ali, A.R. Rahman, Diljit Dosanjh, Parineeti Chopra"
bRKgoz1fToU,Hrithik Roshans Touching Monologue About Martyrs In #Fighter
eYZzuVGrPLA,Bridgerton Season 3
eYZzuVGrPLA,Mirror Mirror
eYZzuVGrPLA,Netflix
oHggWIyCvUE,Ravi Kishan Actually Slapped Yashpal In This Scene
oHggWIyCvUE,Maamla Legal Hai
oHggWIyCvUE,Netflix India
nuMY7NjELb8,5 Best Pankaj Tripathi Moments In #Murdermubarak
nuMY7NjELb8,Netflix India
kxm2yX9MbHs,Mahesh Babus Shocking Twist Leaves Jagapathi Babu Speechless!
kxm2yX9MbHs,#Gunturkaaram
tH2nsqe4I4Q,Welcome Kapoor Khandaan
tH2nsqe4I4Q,The Great Indian Kapil Show
tH2nsqe4I4Q,"Ranbir, Riddhima, Neetu"
tH2nsqe4I4Q,Premieres March 30
x_P3q51UUUk,"@Anubhavsinghbassi & Sara Ali Khan: School Pranks, Guilty Pleasures & #Murdermubarak!"
RxQCLJ66-D0,Pankaj Tripathis Mmms Are Something Special In #Mudermubarak
34uY0JrZ3Jc,Alia Bhatt Breaks Shantanus Heart
34uY0JrZ3Jc,#Gangubaikathiawadi
34uY0JrZ3Jc,Netflix India
MTckszm7gwo,Holi Expectations Gone Wrong
MTckszm7gwo,"Yeh Jawaani Hai Deewani, Ae Dil Hai Mushkil, & More"
Qn48JuUj2nE,Anil Kapoor'S Intense Rapid Fire Round In #Fighter Ft. Hrithik Roshan & Deepika Padukone
zUEi2oHWSiI,Happy Holi From The Great Indian Kapil Show
zUEi2oHWSiI,30 March
zUEi2oHWSiI,Saturdays 8Pm
zUEi2oHWSiI,Netflix
ELtMqjkAShY,The Great Indian Kapil Show
ELtMqjkAShY,"Kapil Sharma, Sunil Grover"
ELtMqjkAShY,"30 March, Saturdays 8Pm"
ELtMqjkAShY,Netflix
xDxcTYTPiLo,Damsel Deceived By Her Husband?!
xDxcTYTPiLo,Millie Bobby Brown
xDxcTYTPiLo,Netflix India
b86GTp0bDh8,Alka Yagniks Naram Kaalja Is Such A Treat
b86GTp0bDh8,Amar Singh Chamkila
b86GTp0bDh8,Netflix India
ntg3dBeFl3U,Tanvi Azmi Leaves Ravi Kishan Speechless In #Maamlalegalhai
ntg3dBeFl3U,Netflix India
bftjfqS3v6k,The Great Indian Kapil Show Official Trailer
bftjfqS3v6k,Kapil Sharma
bftjfqS3v6k,"30 March, Saturdays 8Pm"
bftjfqS3v6k,Netflix
lS_FmX7lCuc,How To Correctly Pronounce Karisma Kapoor'S Name! #Murdermubarak
N9wmAQSXXF0,Baki Hanma Vs Kengan Ashura
N9wmAQSXXF0,Official Teaser
N9wmAQSXXF0,Netflix
9vzlmyNNt70,Hrithik Impresses Deepika With His Incredible Piloting Skills
9vzlmyNNt70,#Fighter
IJrARiI2Hok,The Great Indian Kapil Show
IJrARiI2Hok,Trailer Out Tomorrow
IJrARiI2Hok,Streaming 30Th March Onwards
Tg_axmYx7n0,"Actors' Round Table With Neelesh Misra Ft. Sara, Karisma, Vijay & More"
Tg_axmYx7n0,#Murdermubarak
0MBy11d0-84,Hrithik Roshans Best Looks From #Fighter!
kFRby5mkmV8,3 Body Problem
kFRby5mkmV8,Now Streaming
kFRby5mkmV8,Netflix India
lAVYll_wBeY,Fighter
lAVYll_wBeY,Official Trailer
lAVYll_wBeY,"Hrithik Roshan, Deepika Padukone, Anil Kapoor"
lAVYll_wBeY,Netflix India
wre8GU_TAn8,"Sara Ali Khan Talks About Dal Chawal, Acting, The Killer & The Murder Mubarak Cast"
wre8GU_TAn8,Netflix India
4ylRkYim720,Bridgerton Season 3
4ylRkYim720,Kanthony
4ylRkYim720,Sneak Peek
4ylRkYim720,Netflix
khnwDFIxDsw,"Vijay Varma Talks About Working With Sara, Superstitions, And Acting"
khnwDFIxDsw,#Murdermubarak
6YruPX0knY0,"Vijay Varma Acting Range Is Ft. Lust Stories 2, She, Darlings, Jaane Jaan, Murder Mubarak"
wJqmmLpbLN8,Fighter
wJqmmLpbLN8,Announcement
wJqmmLpbLN8,"Hrithik Roshan, Deepika Padukone, Anil Kapoor"
wJqmmLpbLN8,Netflix India
x0465SLAJxY,Parasyte: The Grey
x0465SLAJxY,Official Trailer
x0465SLAJxY,Netflix
YecMd96FJAM,"Pankaj Tripathi Fails To Catch These Liars?! Ft. Sara Ali Khan, Vijay Varma, & More"
YecMd96FJAM,Murder Mubarak
VT8wX305fs4,"The Big Fight At Posh Delhi Club Ft. Sara Ali Khan, Pankaj Tripathi, Vijay Varma"
VT8wX305fs4,Murder Mubarak
b5gHYLWpCTc,Kareena Kapoor'S Most Savage Comebacks Ever
AFCBv41RTIw,Rebel Moon Part Two: The Scargiver
AFCBv41RTIw,Official Trailer
AFCBv41RTIw,Netflix
BtTbWEuEuSY,Seema Aunty Gives A Reality Check To Millie Bobby Brown!
FshqnKIAYKY,Rohan Joshi & Tanmay Bhat'S Epic Roast Battle In #Comedypremiumleague!
FshqnKIAYKY,Netflix India
hotSvOdJ9K4,Kapil And The Gang Is Back!
hotSvOdJ9K4,The Great Indian Kapil Show
hotSvOdJ9K4,Starts 30 March
hotSvOdJ9K4,Saturdays 8Pm
hotSvOdJ9K4,Netflix
oMIrNQfbd0k,"Alia Bhatts Incredible Emotional Range Ft. Dear Zindagi, Darlings, Gangubai Kathiawadi & More!"
WPpCurzO3EA,Millie Bobby Brown Takes You On A #Damsel Set Tour!
K-yrFQ_I30A,Sara Ali Khan And Vijay Varmas Emotional Confession In #Murdermubarak
Kj0jQMNeInw,Every Jabba Jabba In #Chupchupke
8kgUjqfetV8,"Only Accept Dates Like These Ft. Katrina Kaif, Srk, Imran Khan, Hrithik Roshan & More!"
njy5o41cUxA,"Secrets Siblings, True Crimes & Fake Identities - Who Is The Best Liar From The #Murdermubarak Cast?"
w32ZyYqsyBI,The Savage Lawyers Of Maamla Legal Hai!
w32ZyYqsyBI,"Nidhi Bisht, Naila Grrewal, Anant Joshi"
w32ZyYqsyBI,Netflix India
j_YanW5wvns,"Vijay Varma, Tamannah Bhatia, Kriti Sanon & More Drop Hints About #Murdermubarak!"
j_YanW5wvns,Netflix India
hF1jUXqvLWs,Srks Love Confession To Taapsee On The Train!
hF1jUXqvLWs,#Dunki
hF1jUXqvLWs,Netflix India
C7Kr2c94sfo,Murder Mubarak
C7Kr2c94sfo,Now Streaming
C7Kr2c94sfo,"Pankaj Tripathi, Sara Ali Khan, Karisma Kapoor, Vijay Varma"
EHo0iFU1Fkc,@Tanmaybhat & The Og Gang React To Maamla Legal Hai!
EHo0iFU1Fkc,Netflix India
xXYHoUqLcE0,"The Cast Of #Murdermubarak In A Secret Group Chat? Ft. Sara Ali Khan, Karisma Kapoor & More"
p-y5MdM_TS0,Katrina Kaif Discovers Vijay Sethupathis Shocking Secret! In #Merrychristmas
p-y5MdM_TS0,Netflix India
aCYYggYUl7M,Atlas
aCYYggYUl7M,Official Teaser
aCYYggYUl7M,"Jennifer Lopez, Simu Liu, Sterling K. Brown, Mark Strong"
aCYYggYUl7M,Netflix
cCtrI1NHA3g,"Katrina, Vijay Sethupathi And Sriram Raghavan Discuss Dark Comedies, Remakes And Favourite Scenes!"
Ul88XMHlNPo,"@Kullubaazi & @Raviguptacomedy Discuss Crimes, Murders And Beards?!"
GjFYQkRZvrU,Nidhi Bisht Wins A Case Using Parrots?! #Maamlalegalhai
vCwC3ecaSLQ,"Getting Candid With Karisma Kapoor: 90S Bollywood, Iconic Songs & Sibling Goals"
vCwC3ecaSLQ,Murder Mubarak
swDZ6YQFJXs,"Mohit Chauhan'S Magical Ishq Mitaye Performance Ft. Parineeti, Diljit Dosanjh & More"
G0SSBL1w_oU,Ranbir Kapoor Tells Anil Kapoor The Value Of Patience In #Animal
q1vOXAnnSXQ,Ravi Kishan'S Shocking Reply Left The Court Stunned #Maamlalegalhai
OHheDETVZcA,"Sara Ali Khan, Vijay Varma, Karisma Kapoor & More Play Khooni, Club, Khachaak"
OHheDETVZcA,#Murdermubarak
SyeXTFjJQtk,Katrina Kaif Opens Up To Vijay Sethupathi About Betrayal In #Merrychristmas
v8YB59F2Hec,Millie Bobby Brown Breaks Down The Plot Of #Damsel In 15 Secs
v8YB59F2Hec,Now Streaming
4p0-P60aLR4,@Kullubaazi & @Raviguptacomedy'S Hilarious Reaction To Murder Mubarak Trailer
IA69tQWbMx4,When Deepika Padukone Finally Meets Ranbir Kapoor In #Tamasha
M2PKR0AOCBc,"The Origami Challenge Ft. Vijay Sethupathi, Katrina Kaif"
M2PKR0AOCBc,Merry Christmas
M2PKR0AOCBc,Netflix India
JFMLza2Yel0,"These Women Are Here To Slay Ft. Triptii Dimri, Alia Bhatt, Taapsee Pannu & More"
CnlAoV9hQrs,Parasyte: The Grey
CnlAoV9hQrs,Official Teaser
CnlAoV9hQrs,Netflix
No6AmjRizZU,"These Women Are The Definition Of Badassft.Alia Bhatt, Priyanka Chopra, Bhumi Pednekar & More"
AWHvz8d1YMU,Millie Bobby Brown'S Badass Stunt Scenes! #Damsel
LhX6t4KzEZY,Try Not To Laugh Challenge: Silly Jokes Edition!
YoVhfEWst7Q,3 Body Problem
YoVhfEWst7Q,Final Trailer
YoVhfEWst7Q,Netflix
3kDgoMWb3MM,Merry Christmas
3kDgoMWb3MM,Official Tamil Trailer
3kDgoMWb3MM,"Katrina Kaif, Vijay Sethupathi, Sriram Raghavan"
EK4o81P5Lrc,Merry Christmas
EK4o81P5Lrc,Official Trailer
EK4o81P5Lrc,"Katrina Kaif, Vijay Sethupathi, Sriram Raghavan"
tE_kyNfsLf0,Ootd Check Ft. Cast Of Murder Mubarak
tE_kyNfsLf0,"Vijay Varma, Karisma Kapoor, Sara Ali Khan"
vlo1pmc-gXI,Supermarket Sales Tactics & Sex Taboos
vlo1pmc-gXI,Stand Up Comedy
vlo1pmc-gXI,@Aakashgupta
XZTj6RY_T1U,A Day In The Life Of @Iamchotemiyan As A Lawyer Ft. @Rvcjmedia
XZTj6RY_T1U,Netflix India
A-LKfhuc7w0,Ravi Kishan'S First Hilarious Meeting With Naila Grrewal!#Maamlalegalhai
A-LKfhuc7w0,Netflix India
OfMHapiPEnM,Anweshippin Kandethum
OfMHapiPEnM,Official Trailer
OfMHapiPEnM,Tovino Thomas
OfMHapiPEnM,Siddique
OfMHapiPEnM,Indrans
OfMHapiPEnM,Netflix India
wh5EXaG8Nbs,Diljit Dosanjh'S Love At First Sight Ft. Taapsee Pannu
wh5EXaG8Nbs,#Soorma
oxyTV5ZtsG4,Bhumi Pednekar'S Brilliant Acting As Vaishali Singh
oxyTV5ZtsG4,Bhakshak
vBQcU00U9O0,Murder Mubarak
vBQcU00U9O0,Official Trailer
vBQcU00U9O0,"Pankaj Tripathi, Sara Ali Khan, Karisma Kapoor, Vijay Varma"
L-y5N_rR-pA,@Iamchotemiyan Becomes A Lawyer For One Day! Ft. @Rvcjmedia
L-y5N_rR-pA,Netflix India
kSTzZ5SKDS8,Mahesh'S Flirty Meet Cute With Sreeleela
kSTzZ5SKDS8,Guntur Kaaram
kSTzZ5SKDS8,Netflix India
44I9_C3i9MQ,Sahiba Tries To Flirt With Kullu
44I9_C3i9MQ,@Kullubaazi
44I9_C3i9MQ,@Sahibabalii
44I9_C3i9MQ,Damsel
7ARCeCLJDrw,Taapsee Pannu Asks Awkward Questions To Vikrant Massey In #Haseendillruba
3MPuq4Yrb2Y,These Lawyers Are Too Cool
3MPuq4Yrb2Y,Maamla Legal Hai
3MPuq4Yrb2Y,Now Streaming
3MPuq4Yrb2Y,"Ravi Kishan, Nidhi Bisht & More"
hMHkWthag6o,Ranbir Kapoor Hilarious Explanation Of The Munna Bhai Mbbs Plot In #Sanju
QmeVlchQxIw,Proposals Gone Wrong Part 2
QmeVlchQxIw,"Alia Bhatt, Kartik Aaryan, Kriti Sanon, Rohit Saraf & More!"
gyZj525YUt8,"The Perfect Watchlist For A #Tamasha Lover! Yeh Jawaani Hai Deewani, Love Aaj Kal & More!"
3cn1qCcKcgc,Ravi Kishan & The Lawyers Go On Strike Against Monkeys In Maamla Legal Hai!
tg3YlO7J3Yo,Millie Bobby Brown Is A Complete Chai Nerd
tg3YlO7J3Yo,#Damsel
YU6DpGwSLMg,Maamla Legal Hai
YU6DpGwSLMg,Now Streaming
YU6DpGwSLMg,"Ravi Kishan, Nidhi Bisht, Naila Grrewal"
msPkW3J7_Q0,Anushka Sharma'S Awkward Conversation With Srk'S Ex In #Jabharrymetsejal
wcR8TPGwf00,The Indrani Mukerjea Story: Buried Truth
wcR8TPGwf00,Now Streaming
zZiweNQMcrk,Next On Netflix India 2024
zZiweNQMcrk,Films & Series Preview
g3jpv2EJu3I,To Kill A Tiger
g3jpv2EJu3I,Announcement
g3jpv2EJu3I,Netflix India
hiLsye0JrCA,The Great Indian Kapil Show
hiLsye0JrCA,"Kapil Sharma, Sunil Grover, Krushna Abhishek"
hiLsye0JrCA,Announcement
UPRseRavhYQ,Phir Aayi Hasseen Dillruba
UPRseRavhYQ,Announcement
UPRseRavhYQ,"Taapsee P, Vikrant M & Sunny K"
UPRseRavhYQ,Netflix India
4GBzi8AeOpo,The Greatest Rivalry: India Vs Pakistan
4GBzi8AeOpo,Announcement
4GBzi8AeOpo,Netflix India
Z2uvclc2e8E,"Maharaj, Mandala Murders, Vijay 69"
Z2uvclc2e8E,Official Announcement
Z2uvclc2e8E,Yrf
Z2uvclc2e8E,Netflix India
W0CGtwl3D4A,Kota Factory S3
W0CGtwl3D4A,First Look
W0CGtwl3D4A,"Jitendra K, Ahsaas Channa, Tillotama Shome, Mayur More"
W0CGtwl3D4A,Netflix
yYkp8ZOCy5s,Sikandar Ka Muqaddar
yYkp8ZOCy5s,Announcement
yYkp8ZOCy5s,Netflix India
l0a360nkH6o,Khakee: The Bengal Chapter
l0a360nkH6o,Teaser Announcement
l0a360nkH6o,Netflix
b87uNYutCLs,Mismatched S3
b87uNYutCLs,First Look
b87uNYutCLs,"Prajakta Koli, Rohit Saraf"
b87uNYutCLs,Netflix India
FE5Jz-Y7oEE,Yeh Kaali Kaali Ankhein
FE5Jz-Y7oEE,"Tahir Raj Bhasin, Shweta Tripathi, Aanchal Singh, @Gurmeetchoudhary9347"
sd5JrroyGhs,Ic 814: The Kandahar Hijack
sd5JrroyGhs,Announcement
sd5JrroyGhs,"Vijay Varma, Manoj Pahwa, Patralekha"
sd5JrroyGhs,Netflix India
uK4_zHZdNbQ,Maamla Legal Hai
uK4_zHZdNbQ,Humans Of Patparganj
uK4_zHZdNbQ,"Ravi Kishan, Naila Grewal, Nidhi Bisht, Anant Joshi"
ssx5POFJggY,Dabba Cartel
ssx5POFJggY,Announcement
ssx5POFJggY,"Shabana Azmi, Jyotika, Sai Tamhankar, Gajraj Rao"
ssx5POFJggY,Netflix India
5IS2OoyBmeM,Do Patti
5IS2OoyBmeM,Announcement
5IS2OoyBmeM,"Kriti Sanon, Kajol"
5IS2OoyBmeM,Netflix India
1FgwlTYZGjY,Boman Irani Tests Srk'S English In #Dunki!
L1biK6UiaGw,"Aamir Khan, Hrithik Roshan & More Setting Cute Friendship Goals! Ft. Znmd, Dil Chahta Hai"
EgJLD3vT7xA,@Anshubisht Almost Cries Watching Avatar:The Last Airbender
3XZbZ9kAz8M,Batman Entry Scenes From All The Different Universes
Lbmsv1tcgf8,Ranbir Kapoor'S Most Intense Scene With Anil Kapoor!
Lbmsv1tcgf8,#Animal
Lbmsv1tcgf8,Netflix India
NSRGgW75RC4,Cillian Murphy'S Moving Speech About Saving Children
NSRGgW75RC4,Peaky Blinders
NSRGgW75RC4,Netflix India
kIa7uWWhrX4,Vijay Heroically Saves His Son From Gangsters In #Leo
U5SquVhh8EY,Amar Singh Chamkila
U5SquVhh8EY,12 April
U5SquVhh8EY,"Imtiaz Ali, Diljit Dosanjh, Parineeti Chopra"
T-EFT3Zglhc,Rannvijay Takes Over Gitanjali'S Wedding
T-EFT3Zglhc,#Animal
v_cPIRmvCI8,"Sanya Malhotra'S Adorable Reactions Ft. Ludo, Kathal And More"
GXJuHAnvpt8,Breaking Into The Vault: #Berlin Daring Auction House Heist!
TKRUaZc3iZk,Alia Bhatt'S Heartbreaking Phone Call In #Gangubaikathiawadi
_vNnE2OUpZg,Vicky Kaushal'S Heartbreaking Rant About His Ex-Girlfriend
_vNnE2OUpZg,#Dunki
_vNnE2OUpZg,Netflix India
SQ1vvVZeFJM,Avatar: The Last Airbender
SQ1vvVZeFJM,The Avatar Reemerges
SQ1vvVZeFJM,Now Streaming
yAPYOdf6bYE,Tall Guys Vs Short Girls
yAPYOdf6bYE,Stand Up Comedy
yAPYOdf6bYE,Kenny Sebastian
_QUxKByrB00,Ranbir Kapoor'S Weird Rant With Laundry Staff! In #Animal
GrbSoyXWNEE,"Kriti Sanon'S Most Iconic Looks Ft. Mimi, Shehzada And More"
JFTeejfDu50,What If Kho Gaye Hum Kahan Was A Horror Movie?
JFTeejfDu50,"Ananya Panday, Siddhant Chaturvedi, Adarsh Gourav"
TYkHb19BS0g,Timothe Chalamet & Oscar Isaac Discover The Incredible Desert Power
TYkHb19BS0g,Zendaya
TYkHb19BS0g,Dune
4YuU4w659g4,All These Actors Are Huge Srk Fans!
30vz7lnz2Q4,Taapsee Pannu'S Hilarious Aloo Paratha Recipe For Ielts!
30vz7lnz2Q4,Dunki
WdudOdxs7aU,Avatar: The Last Airbender
WdudOdxs7aU,Final Trailer
WdudOdxs7aU,Netflix
oweEwI7_4to,Don Is Always One Step Ahead!
oweEwI7_4to,Don 2
oweEwI7_4to,"Srk, Priyanka Chopra, Boman Irani"
QkzAVUox8XI,Mahesh Babu Confronts Prakash Raj In #Gunturkaaram
tg_yP6nEsSA,Sonam Kapoor & Abhishek Bachchans Adorable Moments Together
tg_yP6nEsSA,#Delhi6
vVw6Lcx6Wt0,"Ranbir Kapoor, Bobby D & Anil K Discuss Their Spirit #Animal"
BQqTRYvsqXs,@Kullubaazi & Sahiba Bali React To #Damsel Trailer!
BQqTRYvsqXs,Millie Bobby Brown
FsOwyg-CWy0,Vicky Kaushal'S Iconic English Monologue In #Dunki
FsOwyg-CWy0,Feat. Srk & Taapsee Pannu
R2Ylzz3T91Q,Rani Mukerji Touching Interview Scene In #Black Feat. Amitabh Bachchan
f4z_biZ7rLQ,Behind The Scenes Of Avatar: The Last Airbender!
f4z_biZ7rLQ,Netflix India
3VqLhmv9dUc,Ranbir Kapoor Gets The Machine Gun Delivery From Freddy In #Animal
q4-OrOzsoXs,"When Love Goes Incomplete! Ft Vicky Kaushal , Alia Bhatt, Srk & More"
noaK_zhsiDQ,Samay Raina Vs. Rohan Joshi The Ultimate Roast Battle
LOC6NqqJqW0,Srk Shares His Ielts Scheme In #Dunki
UBeJwu7ED-g,Mahesh Babus Epic Mass Edit
UBeJwu7ED-g,Guntur Kaaram
lS61cfAN77U,"When Srk Cries, Kainaat Works Out For Him"
lS61cfAN77U,#Kalhonaaho
j95lf2NC8nU,The Bhakshak Cast Decode Their Favourite Scenes!
j95lf2NC8nU,"Bhumi P, Aditya S & Sanjay M"
Az63PtQVErY,Maamla Legal Hai
Az63PtQVErY,Official Trailer
Az63PtQVErY,"Ravi Kishan, Naila Grewal, Nidhi Bisht, Anant Joshi"
GTSWuFOkO7Q,Bhumi'S Husband Realises His Mistake In #Bhakshak
Zd69FfhBmSc,Dunki
Zd69FfhBmSc,Official Trailer
Zd69FfhBmSc,"Shah Rukh Khan, Rajkumar Hirani, Taapsee Pannu, Vicky Kaushal"
akF4aUmUg50,Dunki
akF4aUmUg50,Now Streaming
akF4aUmUg50,"Shah Rukh Khan, Taapsee Pannu, Boman Irani & Vicky Kaushal"
W3Ss8sUc1bo,"Evolution Of Love In Films Ft. Srk, Madhuri Dixit, Siddhant Chaturvedi & More"
W3Ss8sUc1bo,Netflix India
Cooli1M7mQc,Rohit Saraf & @Mostlysane In The Cutest Valentine'S Day Video!
Cooli1M7mQc,Netflix India
Isq6n8cp2Ik,Highly Inflammable Art For Guntur Kaaram In Hyderabad
Isq6n8cp2Ik,Mahesh Babu
iZfR8vHF8wY,@Mythpat & @Urmilaaa Ultimate Bollywood Proposal (Gone Wrong)
GRnbqrpDTO8,Ananya Panday'S Valentines Is Just Like Ours
GRnbqrpDTO8,#Khogayehumkahan
nmz0DyB7N6k,"Why Its Better To Be Single On Valentines Ft. Ranbir Kapoor, Hrithik Roshan, Deepika Padukone"
4WmCw8_KbC4,Damsel
4WmCw8_KbC4,Official Trailer
4WmCw8_KbC4,Netflix India
BD1o40DOUVc,Mahesh Babu Meets Prakash Raj To Discuss A Big Deal!
5Vv6RlJUjP4,"Most Romantic Kisses Ever Ft. Ranbir Kapoor, Deepika Padukone, Prajakta Koli And More"
qEarUBXfBss,Formula 1: Drive To Survive - Season 6
qEarUBXfBss,Official Teaser
qEarUBXfBss,Netflix
FM2fOZEF-aY,"@Neeleshmisra In Conversation With The Cast Of Bhakshak, Bhumi P, Sanjay M, Aditya S"
ck14vNyn5wY,The Indrani Mukerjea Story: Buried Truth
ck14vNyn5wY,Official Trailer
ck14vNyn5wY,Netflix India
w3k2XL-SYIQ,"The Most Romantic Hugs Ft. Deepika Padukone, Vijay, Ranbir Kapoor, Mrunal Thakur And More"
DpTjzMjYDdk,Shah Rukh Khan And Alia Bhatt Have A Heartfelt Goodbye!
DpTjzMjYDdk,Dear Zindagi
Csbo9RnKUj8,"Best Of Ranbir Kapoor Ft Animal, Yjhd, Tjmm & More"
K-Q7-FNx2TA,Bhumi'S Intense Argument With Her Husband!
Hc_bqGLD1Wg,"@Thugesh Gets Mumbai Couples Opinions On Love, Romance And Bollywood!"
Hc_bqGLD1Wg,Netflix India
OzWChEvIIhA,"@Thugesh Quizzes Real Couples On Flirting Skills, Romance & Bollywood!"
OzWChEvIIhA,Netflix India
RJAJdYw3ctw,Shahid Kapoor'S Iconic Speech From #Haider
mmHxTEa9AGI,Sidharth Malhotra And Parineeti Chopra'S Cute Chemistry In #Haseetohphasee
aniqM3iKskM,Prabhas' Big Fight In The Coal Mine!
aniqM3iKskM,#Salaar
8wuNZPrRFO4,"Kartik Aaryan Showing Us How Not To Propose Ft. Matthew Perry, Ranbir Kapoor"
DAa3crqj5-c,Guntur Kaaram
DAa3crqj5-c,12 Hours To Go
DAa3crqj5-c,"Mahesh Babu, Sreeleela, Ramya Krishnan, Prakash Raj, Jayaram"
iw44Pv3zKQI,Shah Rukh Khan Gets Rejected By Anushka
iw44Pv3zKQI,Zero
iw44Pv3zKQI,Netflix India
Ne5tZs2HhoM,Alia Bhatt'S Flirting Skills Left Shantanu Speechless! #Gangubaikathiawadi
TsH1yBbGlPI,Rashmika Fights Back For Ranbir In #Animal
TsH1yBbGlPI,"Anil K, Bobby D, Sandeep Reddy"
meoJtnfNf7g,@Tanmaybhat & The Og Gang React To Nostalgic 90S Bollywood Films!
sunAOrXyNMI,Ranbir Kapoor'S Different Shades In Animal Ft. Arjan Vailly!
ld-sW3qkOu8,Vijays Massive Fight With Sanjay Dutt In #Leo
ld-sW3qkOu8,Netflix India
kMCGSfzjmIc,Bhumi Pednekar Has An Awkward Conversation With Her Mother In Law!
kMCGSfzjmIc,Badhaai Do
1cHEx9_B3aQ,Ananya Panday Talks About Who She Stalks On Social Media! #Khogayehumkahan
9SHEcdIcajE,Murder Mubarak
9SHEcdIcajE,Announcement
9SHEcdIcajE,"Pankaj Tripathi, Sara Ali Khan, Vijay Varma, Karisma Kapoor"
n0OXIMqa_RY,Alia Bhatt'S Epic Monologue On Equality In #Gangubaikathiawadi
XYRaRZypp0c,"An Action Packed Movie Watchlist! Ft. Animal, Salaar, Berlin"
q8M6Ybjr2Wc,Guntur Kaaram
q8M6Ybjr2Wc,Official Trailer
q8M6Ybjr2Wc,"Mahesh Babu, Sreeleela, Ramya Krishnan, Prakash Raj, Jayaram"
ti45Titqsk8,Ranbir Kapoor And Triptii Dimri'S Brilliant Chemistry In Animal!
1lBPzx52YfY,Black
1lBPzx52YfY,Now Streaming
1lBPzx52YfY,"Amitabh Bachchan, Rani Mukerji, Sanjay Leela Bhansali"
g-luro46f1Q,Rajkummar Rao And Gulshan Devaiah'S Fight Scene In #Gunsandgulaabs
oIHka-Ng-jw,How Ranbir Kapoor Was Inspired To Do Animal!
wfbHJGAE-Is,Ranbir Kapoor Re-Unites His Family And Cousins In #Animal
DC-UF0iKiSY,Jeetu Bhaiyas 21-Day Hack To Build Or Break Any Habit
DC-UF0iKiSY,Kota Factory
zFCeHA2Rd7Y,@Bnftv Top 7 Mast Watch Crime Shows On Netflix!
P3WUku59how,"The Camera Loves Triptii Dimri! Ft. Bulbbul, Qala, Animal"
zlaa3TbeRKw,Squid Game 2
zlaa3TbeRKw,First Look
zlaa3TbeRKw,Next On Netflix
9WvckUfdALY,Bridgerton Season 3
9WvckUfdALY,Sneak Peek
9WvckUfdALY,Netflix India
WZ8BcjHqE-0,3 Body Problem
WZ8BcjHqE-0,Next On Netflix
IGQ6U0jqkoM,Next On Netflix 2024: The Series & Films Preview
dtXIvay2PKY,Ranbir Kapoor & Anil Kapoor Are Shocked By Bobby Deol'S Transformation
dtXIvay2PKY,Animal
0O0tRT3iwQo,Heeramandi: The Diamond Bazaar
0O0tRT3iwQo,First Look
0O0tRT3iwQo,Sanjay Leela Bhansali
QvS5n3867Dk,Heeramandi
QvS5n3867Dk,First Look - Tomorrow
QvS5n3867Dk,Sanjay Leela Bhansali
QvS5n3867Dk,Netflix India
7ngjBFb8Jl8,When Animal Met Salaar
7ngjBFb8Jl8,Ranbir Kapoor
7ngjBFb8Jl8,Prabhas
hWE6B3g6d5c,Bhakshak
hWE6B3g6d5c,Official Trailer
hWE6B3g6d5c,"Bhumi Pednekar, Sanjay Mishra, Aditya Srivastava & Sai Tamhankar"
dTRWdTf92L4,Lord Bobby Is All Ready To Unleash His Wild Side! #Animal
Roz-PPOdi1c,Prithviraj Sukumaran As The Mighty Vardha Rajamannar
Roz-PPOdi1c,Salaar
r6HUqLvnJng,Prabhas Returns To The City Of Khansaar In #Salaar
NrDTc16maXU,"Deepika Padukone'S Most Unforgettable Scenes From Tamasha, Ye Jawaani Hai Deewani & More!"
oOJJkR2-aPE,4 Steps For The Perfect Relationship
oOJJkR2-aPE,"Shah Rukh Khan, Aditya Roy Kapur, Kartik Aaryan"
L_TGbv4m0do,Mrunal Thakur And Maahi Are The Perfect Mother - Daughter Duo!
L_TGbv4m0do,Hi Nanna
DRiH6PDE4Gc,Ranbir Kapoor'S Epic Proposal For Rashmika Mandanna In #Animal
DRiH6PDE4Gc,Netflix India
wYtL_ZcTF4w,Prabhas'S Best Fight Scene
wYtL_ZcTF4w,Salaar
QAp7aFrytLE,Bassi & The Animal Cast: Dad-Son Relationships & #Animal Park!
QAp7aFrytLE,"Ranbir Kapoor, Anil K, Bobby D"
TeKpA9dOp8w,Hrithik Roshan Is Our National Crush!
2D0GEV7v87Q,Gunjan Saxena Gets Selected For The Air Force Academy
2D0GEV7v87Q,Janhvi Kapoor
Ge9L52SiNoQ,Anil Kapoor Has A Jhakaas Message For You
Ge9L52SiNoQ,"Ranbir K, Rashmika, Bobby"
Ge9L52SiNoQ,Sandeep Reddy Vanga
tmnitB2Y_0c,Bobby Deol'S Iconic Jamal Kudu Dance Step! #Animal
Wrthh0UNoc8,Ranbir Kapoor Didn'T Like Our Announcement Ideas For Animal
Wrthh0UNoc8,"Rashmika M, Anil K, Bobby Deol"
WuH9ahB-68Q,Animal
WuH9ahB-68Q,Official Teaser
WuH9ahB-68Q,"Ranbir Kapoor, Rashmika M, Anil K, Bobby Deol"
WuH9ahB-68Q,Sandeep Reddy Vanga
58Zg8InjY0c,"Iconic Salute Compilation Ft. Main Hoon Na, Lakshya, Sooryavanshi"
1uTorAfNksI,Hrithik Roshan Fulfills His Duty To India In #Lakshya !
HKmn10KyNWs,Griselda
HKmn10KyNWs,Sofia Vergara
HKmn10KyNWs,Now Streaming
HKmn10KyNWs,Netflix India
0ZUtWQMfZmI,Srk Holds Vijay Sethupathi Responsible For His Actions In #Jawan
0ZUtWQMfZmI,Netflix India
Yd7ivoUmoU8,Prithviraj Finds Prabhas After Years!
Yd7ivoUmoU8,Salaar
fhCWn3gi65E,Zakir Khan'S Hilarious Dad Cooking Story Ft. Manoj Bajpayee And Konkona Sensharma
lIZ8Gsk8TVw,Animal
lIZ8Gsk8TVw,Official Announcement
lIZ8Gsk8TVw,Ranbir Kapoor
lIZ8Gsk8TVw,"Rashmika M, Anil K, Bobby D"
lIZ8Gsk8TVw,Sandeep Reddy
d0Pw7sPK_XI,"Do You Have These Relationship Green Flags? Ft. Srk, Kartik Aaryan, Aditya Roy Kapoor"
VxvOwemFfO0,Mismatched Memories Playback With @Mostlysane& Rohit Saraf
W8e0X7VlKz8,Avatar: The Last Airbender
W8e0X7VlKz8,Official Trailer
W8e0X7VlKz8,Netflix
KKiv0CwmabU,Celebrate Republic Day With Netflix India
KKiv0CwmabU,"Srk, Siddharth Malhotra, Hrithik Roshan"
0izlzxExuJg,Shah Rukh Khans Passionate Monologue About The Army
0izlzxExuJg,Main Hoon Na
0izlzxExuJg,Netflix India
T8QqdVOO8jQ,Prabhass Teaches Shruthi Haasan'S Kidnappers A Lesson In #Salaar
GCA5yMpndd0,Jena Malone'S Character Transformation In #Rebelmoon
DCmxExyMwNg,Killer Mimicry Roundtable For #Killersoup
DCmxExyMwNg,"Manoj Bajpayee, Konkona Sen Sharma"
DeN9RZNklMc,Janhvi Kapoor Takes The Do Or Die Flying Test In #Gunjansaxena
DeN9RZNklMc,Netflix India
l7TxRiFA4x0,Manoj Bajpayee & Konkona Sensharma Swap Characters
l7TxRiFA4x0,Killer Soup
l7TxRiFA4x0,Netflix India
7jgZCldb7wg,"These Scenes Are Instant Emotional Triggers Ft. Shah Rukh Khan, Aamir Khan, Prajakta Koli"
tDaaqpjWPl8,"Siddhant'S Story Of Partying With Srk Ft. Ananya, Adarsh, Tanmay & Rohan"
r0A17OcfUsk,Manoj Bajpayee And Konkona Regret Their Decisions
r0A17OcfUsk,Killer Soup
jLywZQ9FGxg,Prabhas' Fiery Entry Scene In Salaar!
kZjmNFuhgA0,Manoj Bajpayee Is The Master Of Plotting #Gangsofwasseypur
a8k85eKAeB8,Swathi And Apu Accidentally Commit A Murder
a8k85eKAeB8,Killer Soup
a8k85eKAeB8,Manoj Bajpayee & Konkona Sen Sharma
BSonLG9tX-I,Salaar
BSonLG9tX-I,Kannada Trailer
BSonLG9tX-I,Prabhas
BSonLG9tX-I,Prithviraj
BSonLG9tX-I,Shruthi Haasan
BSonLG9tX-I,20Th Jan
BSonLG9tX-I,Netflix India
M0CGjSggSsU,Salaar
M0CGjSggSsU,Malayalam Trailer
M0CGjSggSsU,Prabhas
M0CGjSggSsU,Prithviraj
M0CGjSggSsU,Shruthi Haasan
M0CGjSggSsU,20Th Jan
M0CGjSggSsU,Netflix India
QCwB1DqRcqg,Starfish
QCwB1DqRcqg,Now Streaming
QCwB1DqRcqg,Netflix India
QCwB1DqRcqg,Khushali Kumar
QCwB1DqRcqg,Ehan Bhat
dGDlCvtFX1E,Salaar
dGDlCvtFX1E,Tamil Trailer
dGDlCvtFX1E,Prabhas
dGDlCvtFX1E,Prithviraj
dGDlCvtFX1E,Shruthi Haasan
dGDlCvtFX1E,20Th Jan
dGDlCvtFX1E,Netflix India
9Im1q4gvk1M,Salaar
9Im1q4gvk1M,Official Trailer
9Im1q4gvk1M,Prabhas
9Im1q4gvk1M,Prithviraj
9Im1q4gvk1M,Shruti Haasan
9Im1q4gvk1M,20Th Jan
9Im1q4gvk1M,Netflix India
Qi19zIaa2z8,Konkona'S Scary Acid Plan For Manoj Bajpayee!
Qi19zIaa2z8,Killersoup
Qi19zIaa2z8,Netflix India
TmvEH0TrY5A,Mrunal Thakur & Nani'S Super Awkward First Meeting
TmvEH0TrY5A,Hi Nanna
YFYZnhIlbQw,Adarsh Gourav'S Incredible Physical Transformation For #Khogayehumkahan
TlUjhCYvHTk,Bhakshak
TlUjhCYvHTk,Official Teaser
TlUjhCYvHTk,"Bhumi Pednekar, Sanjay Mishra & Sai Tamhankar"
SiXPl4h13b8,@Slayypointofficial React To Srk'S Most Iconic Roles Through The Years!
3wYkthBOn_8,Spaceman
3wYkthBOn_8,Official Trailer
3wYkthBOn_8,Netflix India
EXjxWJc-YS4,Manoj Bajpayee'S Angriest Scene In #Killersoup
d_GaERp1Oy0,Deepika Padukone'S Most Celebrated Roles Ft. #Tamasha #Omshantiom & More!
AtSgZRjLNp8,Manoj Bajpayee And Konkona Sen Sharma Together Make A Killer Soup!
BNYQDCkJUfo,Manoj Bajpayee & Konkona Sensharma Take The Killer Soup Challenge
BNYQDCkJUfo,Netflix India
RrKZhGSYlvc,Shefali Shah'S 5 Most Iconic Performances!
i7caUDHVXdI,Hi Nanna
i7caUDHVXdI,Odiyamma
i7caUDHVXdI,"Mrunal Thakur, Kiara Khanna, Nani"
c6Qy0prlvBk,"Most Quotable Quotes Of All Time Ft. Om Shanti Om, Gangs Of Wasseypur, Rowdy Rathore"
xLP_WOYFHUo,#Berlin Introduces The New Gang In Hindi!
wsAC8_S-SnA,Vikrant Massey Is An Exceptional Actor!
wsAC8_S-SnA,"Haseen Dillruba, Ginny Weds Sunny, & More!"
T8toyICz5g4,"Manoj Bajpayee, Konkona And Zakir Khan Talk About Acting, Food And More!"
A09KNtlYVHM,"Ananya Panday, Siddhant Chaturvedi And Adarsh Gourav Make A Business Plan! #Khogayehumkahan"
qHscsCHBcOU,Srks Hilarious Scenes With Kids!
So0aH_nkdXw,Manoj Bajpayee Asks Konkona Sen Sharma If She Loves Him
So0aH_nkdXw,Killer Soup
efTdglnE8_M,Daniel Levy Talks About The Grief Of Losing A Loved One
efTdglnE8_M,#Goodgrief
8GoJoG0UOEU,Manoj Bajpayee And Konkona Sensharma Get Candid With @Zakirkhan
8GoJoG0UOEU,Killer Soup
8GoJoG0UOEU,Netflix India
mFmM2moY13A,Shefali Shahs Heartbreaking Talk With Swanand Kirkire!
mFmM2moY13A,Three Of Us
mFmM2moY13A,Jaideep Ahlawat
8qq3n2TQ9kM,Ananya Panday Gets Into A Heated Argument
8qq3n2TQ9kM,Kho Gaye Hum Kahan
DynHccersH0,Farhan Akhtar'S Znmd Poetry Is Perfect For #Khogayehumkahan Ft. Hrithik Roshan & Ananya Panday
I6d7Z36Tviw,Killer Soup Mein Gadbad?
I6d7Z36Tviw,Now Streaming
I6d7Z36Tviw,"Manoj Bajpayee, Konkona Sensharma"
I6d7Z36Tviw,Shivaji Satam
vlCe7DOSUqs,Khushi Kapoor And Agastya Nanda'S Cute Cycling Date! #Thearchies
hMnph8eSqck,@Kullubaazi And @Samayrainaofficial React To Killer Soup Trailer
hMnph8eSqck,Netflix India
c4v-yOpDcVA,Prabhu Tries Swathis Paya Soup
c4v-yOpDcVA,Killer Soup
c4v-yOpDcVA,Manoj Bajpayee
c4v-yOpDcVA,Konkona Sensharma
7QNcEFG9nWs,Shefali Shah & Jaideep Ahlawat Enjoy A Beautiful Moment Of Calm
7QNcEFG9nWs,#Threeofus
krqITgOY2CE,Swathi Shetty
krqITgOY2CE,Konkona Sen Sharma
krqITgOY2CE,Killer Soup
krqITgOY2CE,11 Jan
krqITgOY2CE,Netflix India
0gGcEkR9nuk,Rajkummar Rao Is Brilliant As Tipu!
0gGcEkR9nuk,#Gunsandgulaabs
7mlcJuYncE8,Prabhakar Shetty Or Umesh Mahto?
7mlcJuYncE8,Manoj Bajpayee
7mlcJuYncE8,Killer Soup
7mlcJuYncE8,11 Jan
4U1_l20gKNQ,Alliyus Caesars Stylish Fight In The Jungle!
4U1_l20gKNQ,#Jigarthandadoublex
aoZifruJg3M,R. Madhavans Inspiring Speech To Motivate The Workers! #Therailwaymen
BQ8WZ5_3XOM,Ananya Panday & Siddhant Find Out About Adarsh'S Girlfriend!
BQ8WZ5_3XOM,Kho Gaye Hum Kahan
CrM7TyRS0IY,Bedtime Stories With Nani
CrM7TyRS0IY,Hi Nanna
IW6KGIuKU8k,"Beware Of These 5 Red Flags! Ft. Ranbir Kapoor, Srk, Aamir Khan"
amaXg7lGv3A,Alliyus Caesar Doubts Ray Dasan'S True Identity!
amaXg7lGv3A,#Jigarthandadoublex
hP5Kw446s6k,Neil'S Big Gym Session With Malaika Arora
hP5Kw446s6k,Kho Gaye Hum Kahan
t5VVG5XwVT4,Killer Soup
t5VVG5XwVT4,Telugu Trailer
t5VVG5XwVT4,Manoj Bajpayee
t5VVG5XwVT4,Konkona Sensharma
t5VVG5XwVT4,Netflix India
_jIpzMiV2UE,Killer Soup
_jIpzMiV2UE,Tamil Trailer
_jIpzMiV2UE,Manoj Bajpayee
_jIpzMiV2UE,Konkona Sensharma
_jIpzMiV2UE,Netflix India
Ga0XeUKWTys,Killer Soup
Ga0XeUKWTys,Official Trailer
Ga0XeUKWTys,Manoj Bajpayee
Ga0XeUKWTys,Konkona Sensharma
Ga0XeUKWTys,11Th Jan
Ga0XeUKWTys,Netflix India
exDEwyXCQq4,Jason Momoas Epic Fight Scene In Aquaman!
T1zqRDqf3RE,Lift
T1zqRDqf3RE,New Year'S Final Trailer
T1zqRDqf3RE,Netflix India
ps7MENgxw4g,Social Media & The Animal Kingdom
ps7MENgxw4g,Stand Up Comedy By Vir Das
ps7MENgxw4g,Landing
DdnQkFqEEqc,Siddhant Chaturvedi & Adarsh Gourav Have A Falling Out In #Khogayehumkahan
DdnQkFqEEqc,Ft. Ananya Panday
vAzVkkB_vpI,"How Not To Behave On A Date Ft. Alia Bhatt, Varun Dhawan, Irrfan Khan & More!"
toz2AVRsEPU,"5 Perfect Resolutions For 2024 Ft. Ananya Panday, Siddhant Chaturvedi & Adarsh Gourav"
BAN-yJx5B48,This Batman Intro Will Take You Back To Your Childhood Days!
9SgRI7-pxns,Ashish Chanchlani & Friends React To Kho Gaye Hum Kahan!
9SgRI7-pxns,Netflix India
3Ld05Om2UWs,Hi Nanna
3Ld05Om2UWs,Official Trailer
3Ld05Om2UWs,4Th Jan
itsb8nyf2zA,Highlights Of 2023
itsb8nyf2zA,Netflix India
t_UV4i483xA,"Ananya Pandays Hilarious Story About Jackie Shroff Ft. Siddhant, Adarsh, Tanmay & Rohan!"
H-YopJjM_7g,"Archie & Veronica'S First Kiss! Feat. Suhana Khan, Agastya Nanda & Khushi Kapoor"
H-YopJjM_7g,#Thearchies
FjW9UciFN9o,The Ultimate Recap Of #Berlin
FjW9UciFN9o,Netflix India
B_uQGJAKPIA,Three Of Us
B_uQGJAKPIA,Official Trailer
B_uQGJAKPIA,"Shefali Shah, Jaideep Ahlawat, Swanand Kirkire, & Avinash Arun"
axRIYnZqutk,24-Hour No Phone Challenge With @Mythpat & @Urmilaaa
axRIYnZqutk,#Khogayehumkahan
FGKZlOVvDco,Guns & Gulaabs
FGKZlOVvDco,Season 2
FGKZlOVvDco,Coming Soon
K5qns5BI208,"Netflix Playback 2023 Ft.@Tanmaybhat ,@Round2Hell , @Itsgeneliad & @Manisharanicomedy"
jzyn4RtV484,Rebel Moon - Part Two: The Scargiver
jzyn4RtV484,Official Teaser
jzyn4RtV484,Netflix India
mYxt7xPUh6M,Kho Gaye Hum Kahan
mYxt7xPUh6M,Now Streaming
mYxt7xPUh6M,Siddhant Chaturvedi
mYxt7xPUh6M,Ananya Panday
mYxt7xPUh6M,Adarsh Gourav
48tmgeVS1mg,"Tanmay Bhat & Rohan Joshi Talk Srks Afterparty, Social Media & Stalking With #Khogayehumkahan Cast!"
Kq6j0CEsD-I,"Sitcom Christmas Nostalgia Ft. Friends, The Office, The Big Bang Theory, Brooklyn Nine-Nine"
95WA46xrYyA,Zack Snyder'S On-Set Diary
95WA46xrYyA,Rebel Moon
HVB9E0SoX-A,Will The Search For Justice Lead To Peace?
HVB9E0SoX-A,Curry & Cyanide: The Jolly Joseph Case
8QOQAZWQTlw,Kanan Gill Makes His Norweigan In-Laws Try Spicy Indian Food
8QOQAZWQTlw,Christmas As Usual
if9mboENc74,The Most Intense Fight Scene From #Leo!
if9mboENc74,Vijay
kCDvxMIHv-s,@Thugesh Hosts The Ultimate Netflix Quiz For All The Fans!
kCDvxMIHv-s,Netflix India
FRe6MX7UrwA,@Thugesh Hosts The Ultimate Netflix Quiz For All The Fans!
FRe6MX7UrwA,Netflix India
1VH12bsvYUs,"Ananya Panday, Siddhant Chaturvedi & Adarsh Gourav Share Childhood Memories"
1VH12bsvYUs,Kho Gaye Hum Kahaan
RtTSvyhc3MA,Sajini Shinde Ka Viral Video Is Now Streaming!
RtTSvyhc3MA,"Radhika Madan, Nimrat Kaur"
RtTSvyhc3MA,Netflix India
gi6S3TZ6ox4,Curry & Cyanide: The Jolly Joseph Case
gi6S3TZ6ox4,Now Streaming!
pjzqd-T9X_8,"Akshay, Ranveer, And Ajay Devgn Are A Deadly Trio! #Sooryavanshi"
esOFkNAJL0w,Shah Rukh Khan'S Iconic Comebacks
esOFkNAJL0w,"K3G, Kal Ho Naa Ho, Main Hoon Na, Jab Harry Met Sejal & More!"
BwXj2eEr1zg,"Ranbir Kapoors Incredible Acting Range Ft. Sanju, Tamasha, Yjhd, Wake Up Sid"
BwXj2eEr1zg,Netflix India
zPZFzGiW3eE,Aditya Roy Kapur And Sanya Malhotras Quirky First Meeting
zPZFzGiW3eE,#Ludo
zPZFzGiW3eE,Netflix India
xm1zRJr-a2Y,Fatima Sana Shaikh & Dia Mirzas Hilarious Sex Talk!
xm1zRJr-a2Y,Dhak Dhak
JvBiaKRheGA,Very Relatable Trailer For @Kullubaazi & @Drtrintrin #Khogayehumkahan
m7k8Ew4uAdI,Alliyus Caesar Explains His Origin Story To Ray Dasan
m7k8Ew4uAdI,#Jigarthandadoublex
TZQPABwzv7Q,Srk And Anushka Sharma'S Strange Conversation! #Jabharrymetsejal
8edZ_Sw_y5M,"Quirky Questions And Their Quirky Answers Ft. Kareena, Kajol, Babil And More!"
9P1Xpi04Ig0,Khushi Kapoor And Suhana Khan Get Into A Heated Argument! #Thearchies
WWO3VWAJG4A,Alia Bhatt Clever Lie Helps Jr Ntr!
WWO3VWAJG4A,Ram Charan
WWO3VWAJG4A,#Rrr
MlgYIWei9SY,The Epic Motorcycle Chase From Leo
MlgYIWei9SY,"Vijay, Sanjay Dutt"
mYgFE1GkOOE,The Directors' Roundtable 2023 With Rajeev Masand
mYgFE1GkOOE,Netflix India
h3P_sjvPLjg,Aditya Roy Kapur Gets Fooled By Shraddha Kapoor
h3P_sjvPLjg,#Okjaanu
bUdPWWd4L5o,Ray Dasan Wins The Throne!
bUdPWWd4L5o,Jigarthanda Doublex
6iYAIF6bOOw,Beverly Hills Cop: Axel F
6iYAIF6bOOw,Official Teaser Trailer
6iYAIF6bOOw,Netflix India
iZ8wvARpplM,The Archies Cast Swap Characters
iZ8wvARpplM,"Suhana Khan, Agastya Nanda, Khushi Kapoor"
iZ8wvARpplM,Netflix India
NCr6nRmTRk0,The Brothers Sun
NCr6nRmTRk0,Official Trailer
NCr6nRmTRk0,Netflix India
VMqpMQxeizQ,The Series Actors Roundtable 2023 With Rajeev Masand
VMqpMQxeizQ,"Rana Daggubati, Babil K,Karishma Tanna&More!"
XZY_7VGnxn4,Curry & Cyanide : The Jolly Joseph Case
XZY_7VGnxn4,Official Trailer
XZY_7VGnxn4,Netflix India
pUymYOqzqTU,The Archies Play Flip The Cup
pUymYOqzqTU,"Suhana, Agastya, Khushi, Vedang, Yuvraj, Mihir And Dot"
hNx8ez2wF_k,Bridgerton Season 3
hNx8ez2wF_k,Date Announcement
hNx8ez2wF_k,Netflix India
iL-S7PYk1dk,The Film Actors' Roundtable 2023 With Rajeev Masand
iL-S7PYk1dk,"Kareena Kapoor,Jaideepahlawat, Sidharth,& More!"
t3VcpK_BMPI,Jaswant Singh Gill Rescues Trapped People
t3VcpK_BMPI,Mission Raniganj
t3VcpK_BMPI,Akshay Kumar
7YWs4WVtNeY,@Notyourtype Squid Game Goes Desi! #Netflixindia
GEkez0lVjvU,The Archies Take The Compatibility Test
GEkez0lVjvU,"Suhana, Khushi, Vedang, Mihir, Agastya, Yuvraj & Dot."
b0LpnG4ZsEw,Tripti Dimri Incredible Acting Performance!
b0LpnG4ZsEw,#Qala
E1da2YxROaw,Kho Gaye Hum Kahan
E1da2YxROaw,Official Trailer
E1da2YxROaw,26 December
E1da2YxROaw,Siddhant C
E1da2YxROaw,Ananya P
E1da2YxROaw,Adarsh Gourav
drd1Qgsmtso,Alliyus Caesar Has Come To Take His Throne!
drd1Qgsmtso,Jigarthanda Double X
F4c4Y_uEUYM,R Madhavan Discusses His Iconic Role With Kishen Das
F4c4Y_uEUYM,#Therailwaymen
YmlqIgFVGFg,Adrishya Jalakangal
YmlqIgFVGFg,Official Trailer
YmlqIgFVGFg,Now Streaming
YmlqIgFVGFg,Netflix India
TKhTh_ez0cs,Ranbir Kapoor'S Brilliant Acting As Munna Bhai!
TKhTh_ez0cs,Sanju
TKhTh_ez0cs,Netflix India
Zb7jDf8yOpo,@Notyourtype Squid Game Goes Desi!
Zb7jDf8yOpo,Netflix India
lhBrQWWCV7g,Dhak Dhak
lhBrQWWCV7g,Official Trailer
lhBrQWWCV7g,Now Streaming
lhBrQWWCV7g,Netflix India
O2Ngrj8xT1Y,Kiara And Vicky'S Awkwardly Hilarious First Date
O2Ngrj8xT1Y,#Luststories
gkqAIwpeL8g,The Archies Is Now Streaming On Netflix!
PQ9IR2DHCRA,"4 Epic Pranks From #Zindaginamilegidobara Ft.Hrithik Roshan, Farhan Akhtar & Abhay Deol"
BCcUXDIJXmM,Yu Yu Hakusho
BCcUXDIJXmM,Official Trailer
BCcUXDIJXmM,Netflix India
OZzLjVERbt0,Japan
OZzLjVERbt0,Official Tamil Trailer
OZzLjVERbt0,"Karthi, Anu Emmanuel, Sunil"
CdPd1ScGSug,@Kullubaazi & @Kaashplays React To #Berlin Trailer
CdPd1ScGSug,#Moneyheist
CdPd1ScGSug,Netflix India
X2EQaVhXSRM,Spicy Confessions With The Cast Of #Thankyouforcoming !
X2EQaVhXSRM,"Bhumi Pednekar, Kusha, Dolly, Shibani"
1sbbFhfvfRE,The Cast Of #Therailwaymen React To Iconic Scenes
1sbbFhfvfRE,"R Madhavan, Kay Kay Menon, Divyenndu, Babil Khan"
jKWabQZHyuw,@Bnftv Top 7 Hindi Dubbed Web Series On Netflix
jKWabQZHyuw,Netflix India
8UYAJI03WdI,Ayushmann And Rajkumar Rao Try To Fool Kriti Sanon! #Bareillykibarfi
5Un2Dkn9TbM,Jigarthanda Doublex
5Un2Dkn9TbM,Hindi Trailer
5Un2Dkn9TbM,"Raghava Lawrence, Sj Suryah, Karthik Subbaraj"
a5w6H75V9CA,@Shehnaazgillofficial Answers Our Most Burning Questions!
a5w6H75V9CA,Thank You For Coming
WYl_kGFNS8Q,The Archies Take The Milkshake Challenge
WYl_kGFNS8Q,The Archies
WYl_kGFNS8Q,Netflix India
S_0eyZL86qs,Kapil Sharma And Sunil Grover Reunite!
S_0eyZL86qs,Netflix India
ClpPFQZMzds,Jigarthanda Doublex
ClpPFQZMzds,Official Trailer
ClpPFQZMzds,"Raghava Lawrence, Sj Suryah, Karthik Subbaraj"
EQ2Hjrbymno,@Tanmaybhat & The Gang React To Squid Game: The Challenge!
awgNarMJQC8,Mission Raniganj
awgNarMJQC8,Now Streaming
awgNarMJQC8,"Akshay Kumar, Parineeti Chopra"
yC91c6zbKPo,Thank You For Coming
yC91c6zbKPo,Official Trailer
yC91c6zbKPo,Netflix India
uQm1svY_sAw,Vir Das & Shefali Shah Get Candid At The Emmys Withsumukhisuresh
uQm1svY_sAw,Netflix India
3VS7zMdBBV8,Nindiya (Reprise) By Ayushmann Khurrana
3VS7zMdBBV8,The Railway Men
3VS7zMdBBV8,"Sanchit & Ankit Balhara, Kausar Munir"
P-0NSEw-rlQ,"Leo Revisit With Kishen Das, Arjun Manohar, Guru Nicketan And Dipti Mangottil"
P-0NSEw-rlQ,Netflix India
1FDFkRdbnVo,Babil Khan Impresses Kay Kay Menon!
1FDFkRdbnVo,The Railway Men
1FDFkRdbnVo,Netflix India
ZONoMgeGAbI,Berlin
ZONoMgeGAbI,Official Trailer
ZONoMgeGAbI,Netflix India
4E-Z39xE1rk,Ranbir Kapoor'S Always Has The Most Relatable Desi Dads!
4E-Z39xE1rk,Netflix India
bUXXu7OeECI,Kartik Aaryan And Kiara Advani Visit A Haunted Haveli!
bUXXu7OeECI,Bhool Bhulaiyaa 2
bUXXu7OeECI,Netflix India
TtX8DNALc3I,Leo
TtX8DNALc3I,Thalapathy Vijay Vs Hyena - Who Will Win?
b-vyuzpiPy8,Sanya Malhotra Takes On The Case Of The Missing Kathals! #Kathal
hGcm7zIxIoE,Ranbir Kapoor Reads Deepika Padukones Secret Texts #Yehjawaanijhaideewani
BjVMcr5RHCA,Priyanka Chopra & Farhan Akhtar'S Incredible On-Screen Chemistry!
BjVMcr5RHCA,Netflix India
2efQsLfa920,Can Saif Ali Khan Catch Deepika & John'S Card Cheating Tech?
2efQsLfa920,Race 2
Vf-b2ifhrF4,Babil Khan Remembers His Father And The Support Of Kay Kay Menon
ADH2-qv2vmA,Alia Bhatt Most Powerful Monologue On Parenting #Dearzindagi
OEKstinPhlo,When Jenna Ortegas Dance Broke The Internet
OEKstinPhlo,Wednesday
pc4DkOEvbv8,Janghya Is The Cutest Negotiator Ever!
pc4DkOEvbv8,Chillar Party
SHz_W_lBiwI,Shah Rukh Khan And Shreyas Talpade Are The Funniest Duo! #Omshantiom
1BmP3vHJ_Tg,Siddharth Malhotra And Fawad Khan Get Into A Fight #Kapoorandsons
s_DWS8SY4T8,Shilpa Shetty & Kusha Kapila Spill All The Secrets About Sukhee!
7n3D_DzTCno,@Neeleshmisra Meets The Railway Men Cast!
7n3D_DzTCno,"R Madhavan, Kay Kay Menon, Divyenndu, Babil Khan"
P6Byiul8Ono,Leo
P6Byiul8Ono,Official Kannada Trailer
P6Byiul8Ono,"Thalapathy Vijay, Lokesh Kanagaraj, Trisha Krishnan"
Qh-ydUlsA9c,Leo
Qh-ydUlsA9c,Official Malayalam Trailer
Qh-ydUlsA9c,"Thalapathy Vijay, Lokesh Kanagaraj, Trisha Krishnan"
FZYhL_bVQUQ,Leo
FZYhL_bVQUQ,Official Hindi Trailer
FZYhL_bVQUQ,"Thalapathy Vijay, Lokesh Kanagaraj, Sanjay Dutt"
XcS7q4t_CZE,Leo
XcS7q4t_CZE,Official Telugu Trailer
XcS7q4t_CZE,"Thalapathy Vijay, Lokesh Kanagaraj, Trisha Krishnan"
ShsFxGV_thk,Leo
ShsFxGV_thk,Official Tamil Trailer
ShsFxGV_thk,"Thalapathy Vijay, Lokesh Kanagaraj, Trisha Krishnan"
vmXdQ4fxXfk,How To Dance: Level Impossible!
vmXdQ4fxXfk,Abcd 2
vmXdQ4fxXfk,"Prabhu Deva, Varun Dhawan, Shraddha Kapoor"
zTg7OObbsp0,Deepika Is Swooned By Srk'S Brilliant English!
zTg7OObbsp0,Happy New Year
UtYdRUisyTU,The Railway Men Is Now Streaming
UtYdRUisyTU,Netflix India
92i2lGwRkB4,Ranbir Kapoor And @Anubhavsinghbassi Get Scolded!
92i2lGwRkB4,Tu Jhoothi Main Makkaar
0CfmH-hITQ8,Sukhee
0CfmH-hITQ8,Official Trailer
0CfmH-hITQ8,Now Streaming
0CfmH-hITQ8,Shilpa Shetty
0CfmH-hITQ8,Kusha Kapila
0CfmH-hITQ8,Netflix India
baivPaswlMk,Iconic Bollywood Train Journeys That Make Us Want To Travel!
KLvhUO95dDg,The Railway Men
KLvhUO95dDg,Official Telugu Trailer
KLvhUO95dDg,"R Madhavan, Kay Kay Menon, Divyenndu, Babil Khan"
lFVrOi8Wk6k,The Railway Men
lFVrOi8Wk6k,Official Tamil Trailer
lFVrOi8Wk6k,"R Madhavan, Kay Kay Menon, Divyenndu, Babil Khan"
ehhUliEZw3w,These Small Roles Changed The Whole Movie! #Srk
_rfMLLxzfxU,Pokmon Concierge
_rfMLLxzfxU,Official Trailer
_rfMLLxzfxU,Netflix India
wnVL0iTnu9c,Alia Bhatt'S Incredible Acting Range!
wnVL0iTnu9c,Netflix India
M8R6Qymdk58,Kapil Sharmas Comedy Show Is Coming To Netflix!
UoaaQx71oNc,Rebel Moon
UoaaQx71oNc,Official Hindi Trailer
UoaaQx71oNc,Zack Snyder
UoaaQx71oNc,Netflix India
E-8en7jadAg,Rebel Moon
E-8en7jadAg,Official Trailer
E-8en7jadAg,Zack Snyder
E-8en7jadAg,Netflix India
YIs3mEz8R3o,Kaala Paani
YIs3mEz8R3o,Season 2
YIs3mEz8R3o,Announcement
YIs3mEz8R3o,Netflix India
fE2KLGU7osE,Michael Scott Wishes Everyone A Happy Diwali
fE2KLGU7osE,The Office
d4En4UAiba8,Damsel
d4En4UAiba8,Official Teaser
d4En4UAiba8,Millie Bobby Brown
yPIpCtWvrQE,Rebel Moon Trailer Drops Tomorrow!
yPIpCtWvrQE,Zack Snyder
yPIpCtWvrQE,Netflix India
w7_dybLNqRQ,The Cast Of The Archies Take The Archies Trivia Test
w7_dybLNqRQ,Netflix India
cxJbmp6hCeE,3 Body Problem
cxJbmp6hCeE,Exclusive Clip
cxJbmp6hCeE,Netflix India
mw8Kjc336y8,Kartik Aaryan Teaches Pankaj Tripathi A Lesson
mw8Kjc336y8,Luka Chuppi
mw8Kjc336y8,Netflix India
sDpr9yZ9Uxg,Avatar: The Last Airbender
sDpr9yZ9Uxg,Official Hindi Teaser
sDpr9yZ9Uxg,Netflix India
7mmK3vEzOxI,Avatar: The Last Airbender
7mmK3vEzOxI,Official Teaser
7mmK3vEzOxI,Netflix India
z5bnfM67ZdE,Shah Rukh Khan'S Iconic Dialogues From A To Z!
Xgm3d_whwH4,The Archies
Xgm3d_whwH4,Zoya Akhtar
Xgm3d_whwH4,Official Trailer
Xgm3d_whwH4,7Th December
Xgm3d_whwH4,Netflix India
2psI3_H2pOo,Chup Chup Ke Memes That Live In Our Heads Rent Free
2psI3_H2pOo,Netflix India
pcuH1H5-loY,Mihawk Slices A Ship In Half
pcuH1H5-loY,One Piece
pcuH1H5-loY,Hindi Clip
cwwbFNIKM-Y,Tanmay Bhat & Suhani Shah React To Incredible Street Magic
cwwbFNIKM-Y,Magic For Humans
Fl-c5nMiBl4,Love And Life Lessons By Kamal Haasan
Fl-c5nMiBl4,Anbe Sivam
upANocS9eog,Lift
upANocS9eog,Official Trailer
upANocS9eog,Netflix India
iD3TZ_Xxc14,The Railway Men
iD3TZ_Xxc14,Official Trailer
iD3TZ_Xxc14,Netflix India
R8-na0mofgY,Nairobi'S Last Scene In Money Heist
lzSqcPN0Mns,Exclusive 1St Episode Of Kaala Paani
lzSqcPN0Mns,"Mona Singh, Ashutosh Gowariker, Sukant Goel, Vikas Kumar"
MolE5_wghEk,Shah Rukh Khan'S Iconic Entry Scenes For 4 Mins Straight!
yjOEfazi9Mc,Srk Has More Good News For Fans!
yjOEfazi9Mc,Jawan
BhmGCoBTjzc,Jawan
BhmGCoBTjzc,Official Telugu Trailer
BhmGCoBTjzc,"Shah Rukh Khan, Vijay Sethupathi, Nayanthara, Deepika Padukone"
n_RV_3UqsNU,Jawan
n_RV_3UqsNU,Official Tamil Trailer
n_RV_3UqsNU,"Shah Rukh Khan, Vijay Sethupathi, Nayanthara, Deepika Padukone"
xJ0PEGZ-Zw4,@Thugesh Quizzes The Biggest Srk Fans At Mannat
MWOlnZSnXJo,Jawan
MWOlnZSnXJo,Official Trailer
MWOlnZSnXJo,"Shah Rukh Khan, Vijay Sethupathi, Nayanthara, Deepika Padukone"
n6Ztu9cg_SE,Shah Rukh Khan'S Huge Announcement
n6Ztu9cg_SE,Jawan
n6Ztu9cg_SE,"Vijay Sethupathi, Nayanthara, Deepika Padukone"
5frOkVLDDxk,5 Times Celebs Were Brutally Honest
5frOkVLDDxk,"Sidharth Malhotra, Rajkumaar Rao, Tabu"
K2o3sg5aUDA,Aishwarya Rai Follows Her Heart
K2o3sg5aUDA,Guru
9yfZCURDWbs,Babil Khan'S Big Oops Moment!
AVizyFnAh_s,How To Guarantee Nightmares For Halloween?
N1NGWdarASM,Brinjal
N1NGWdarASM,Stand Up Comedy By Naveen Polishetty
cRSe_SI_kK4,"@Nirmalpillaioriginal Explains: What Is ""Anime""?"
cRSe_SI_kK4,The Parotta Act
wy5BuZv7-WQ,Karam Went On A Double Date
wy5BuZv7-WQ,"Ayushmann Khurrana, Ananya Panday"
wy5BuZv7-WQ,Dream Girl 2
wy5BuZv7-WQ,Netflix India
ixr7ZYgH_6I,Kachra'S Iconic Hattrick! Ft. Amir Khan
OozhKOcRCyQ,Top 5 Mind Blowing Marathi Films
AK9utFk7CP4,Saif & Deepika'S Epic Race Against Time
RTQEPXxtF1U,"Bollywood'S Most Unexpected Villains Ft. Alia Bhatt, Irrfan & Priyanka Chopra"
KQKjzJfnEOw,The Railway Men
KQKjzJfnEOw,Official Teaser
KQKjzJfnEOw,Netflix India
ods3cqOAwlU,Deepika'S Motivating Words To Ranveer
ods3cqOAwlU,'83
KXZuDv1--w4,The Making Of Sunoh
KXZuDv1--w4,The Archies
KXZuDv1--w4,Netflix India
_aQlxaXYYaM,Ananya Pandays Most Awkward Interview With @Aishmrj
_aQlxaXYYaM,Dream Girl 2
_aQlxaXYYaM,Netflix India
rDIT0vrqy2A,The Crown: Season 6
rDIT0vrqy2A,Part 1 Trailer
rDIT0vrqy2A,Netflix India
gGTi_AeTR0E,Chandramukhi 2
gGTi_AeTR0E,Now Streaming
gGTi_AeTR0E,"Raghava Lawrence, Kangana Ranaut"
gGTi_AeTR0E,Netflix India
4T7TbU5jhxk,The Railway Men
4T7TbU5jhxk,Date Announcement
4T7TbU5jhxk,Netflix India
VT8fwcRFKT0,Priyanka Chopra Asks Shahid Kapoor To Marry Her?
91yvzR8250Q,@Mostlysane & Ayushmann Khurrana: Playing A Woman In Dream Girl 2!
94qCXF-h_E0,Why Are Desi Dads Always Like This?
Vhd-Q7JRORk,Ayushmann Gets His Dream Job
Vhd-Q7JRORk,"Ananya Panday, Ayushmann Khurrana"
Vhd-Q7JRORk,Dream Girl 2
Vhd-Q7JRORk,Netflix India
9rIqPtNZmaU,Squid Game: The Challenge
9rIqPtNZmaU,Official Trailer
9rIqPtNZmaU,Netflix
TH_Ddx3ecvI,Survival Game Show With @Fukrainsaan
TH_Ddx3ecvI,Kaala Paani
TH_Ddx3ecvI,Netflix India
s0jF_9uISmM,Ranbir & Anushka'S Iconic Retro Revamp In Ae Dil Hai Mushkil
J6xM5pOjizk,Ananya Panday Gets Some Bad News About Dream Girl 2
J6xM5pOjizk,Dream Girl 2
J6xM5pOjizk,Netflix India
6Wn5kCgZdgc,Max Escapes Vecna
6Wn5kCgZdgc,Running Up That Hill
6Wn5kCgZdgc,Hindi Clip
6Wn5kCgZdgc,Stranger Things
G-PBggZpprU,Does Ayushmann Have A Secret Identity?
G-PBggZpprU,Dream Girl 2
G-PBggZpprU,Netflix India
4kjZQMQl2I0,Dream Girl 2
4kjZQMQl2I0,Now Streaming
4kjZQMQl2I0,Ayushmann Khurrana
4kjZQMQl2I0,Ananya Pandey
4kjZQMQl2I0,Netflix India
IavN1pYZuA4,@Dhruvrathee Decodes: The Thrilling True Story Of Kaala Paani Jail
XJeZbohUfQk,4 Incredible Indian Films Based On Books
zH_RkKlHr5A,Ajay Devgn Saves Ranveer Singh & Akshay Kumar!
JGFdcZCMdlU,@Bnftv Top 10 Best Mystery Thrillers On Netflix
dIN8EMyosrw,Ashutosh Gowariker'S Million Dollar Question
dIN8EMyosrw,Kaala Paani
dIN8EMyosrw,Now Streaming
dIN8EMyosrw,Netflix India
ktxwil3Jm70,Geeked Week 2023
ktxwil3Jm70,Official Trailer
ktxwil3Jm70,Netflix India
ThYKUKJK9JQ,Amey Waghs Plan To Escape Andaman
ThYKUKJK9JQ,Kaala Paani
ThYKUKJK9JQ,Netflix India
b109UCpn04Q,Samay Raina'S 5000 Remake Of Money Heist
8ezrBZ92VLg,Best Character Duos In Bollywood
8ezrBZ92VLg,"Shah Rukh, Kartik Aaryan, Rajpal Yadav, Paresh Rawal"
b9okmJpjYSk,Alia Bhatt'S Most Savage Moment
b9okmJpjYSk,Gangubai Kathiawadi
UsVgDevV_XI,Tabu Trains Wamiqa To Beat A Lie Detector
UsVgDevV_XI,Khufiya
lNZN5y18Yn0,Ashutosh Gowariker Is Hiding The Truth
lNZN5y18Yn0,Kaala Paani
lNZN5y18Yn0,Netflix India
eTJs8eGEtCs,Priyanka Chopra & Nick Jonas'S Awkward Date!
kL_D8cIWH_E,Will @Mythpat Lose His Channel?
kL_D8cIWH_E,"Wamiqa Gabbi, Ali Fazal"
kL_D8cIWH_E,Khufiya
kL_D8cIWH_E,Netflix India
4_FTJ4AV_T0,Ali & Wamiqa Host A Khufiya Dinner
4_FTJ4AV_T0,"Ali Fazal, Wamiqa Gabbi"
4_FTJ4AV_T0,Khufiya
4_FTJ4AV_T0,Netflix India
fqpdpWlM6ns,Mona Singh Knows It All
fqpdpWlM6ns,Kaala Paani
fqpdpWlM6ns,Netflix India
aikygVfYV8s,Shraddha Kapoor & Aditya Roy Kapur'S Cute Fight
miNUZ1o2Ggc,Behind The Scenes Of Khufiya
miNUZ1o2Ggc,"Vishal Bhardwaj, Tabu, Ali Fazal, Wamiqa Gabbi"
Nur8k_VXEew,"Mostly Sane & Pankaj Tripathi: Iconic Roles, Omg 2 & Chai!"
Nur8k_VXEew,Prajakta Koli
A6Q9RRxWxjo,Mona Singh Reveals The Truth Behind Kaala Paani
A6Q9RRxWxjo,Netflix India
w2Ya4VGHjpQ,4 Iconic Srk Moments That Defined Romance In Bollywood
rcQn8neh29w,Sex Education 4: Ruby'S Talks About Her Past
rcQn8neh29w,Asa Butterfield & Mimi Keene
rcQn8neh29w,Hindi Clip
ZrGcBwCfrL8,Top 5 Mind Blowing Title Tracks From Netflix
ZrGcBwCfrL8,"Money Heist, Stranger Things, Scared Games & More"
YsF2l7QbL5M,Pankaj Tripathis Big Win
YsF2l7QbL5M,Omg 2
YsF2l7QbL5M,Netflix India
6O8QCi4w17s,Naveen Attends Anushkas Daterview
6O8QCi4w17s,Miss Shetty Mr Polishetty
6O8QCi4w17s,Netflix India
THGvZEg1mjg,Tabu Reacts To Her Most Iconic Roles
THGvZEg1mjg,"Bhool Bhulaiyaa 2, Khufiya, Haider, Andhadhun"
HgyIzDPcRhM,Yami Gautam Prepares For The Ultimate Trial
o85JpyFa-Bs,Kaala Paani
o85JpyFa-Bs,Official Tamil Trailer
o85JpyFa-Bs,"Mona Singh, Ashutosh Gowariker, Amey Wagh"
o85JpyFa-Bs,Netflix India
TV0jQm5QgYk,Kaala Paani
TV0jQm5QgYk,Official Telugu Trailer
TV0jQm5QgYk,"Mona Singh, Ashutosh Gowariker, Amey Wagh"
TV0jQm5QgYk,Netflix India
Qbig9pqjm0E,The Professor'S Ultimate Disguise
Qbig9pqjm0E,Hindi Clip
Qbig9pqjm0E,Money Heist
pzROajSyFYU,Will Pankaj Tripathi Win This Unusual Case?
pzROajSyFYU,Omg 2
pzROajSyFYU,Netflix India
4JvSb6oixpU,Sex Education: The Final Scene
4JvSb6oixpU,Otis & Maeve
4JvSb6oixpU,Netflix India
6ph4WPZIrbM,Kaala Paani
6ph4WPZIrbM,Official Trailer
6ph4WPZIrbM,"Mona Singh, Ashutosh Gowariker, Amey Wagh"
6ph4WPZIrbM,Netflix India
J7_k2O1LFUc,Tabu Ke Khufiya Cameras
J7_k2O1LFUc,"Ali Fazal, Wamiqa Gabbi"
J7_k2O1LFUc,Netflix India
Ricsxj6KYzU,Omg 2 Is Now Streaming
Ricsxj6KYzU,Akshay Kumar
Ricsxj6KYzU,Yami Gautam
Ricsxj6KYzU,Pankaj Tripathi
Ricsxj6KYzU,Netflix India
P5GRo13Pf-E,"Tabu & Zakir Khan: Relationships, Secrets & Why She Hates Interviews"
P5GRo13Pf-E,Khufiya
P5GRo13Pf-E,Netflix India
WWL1vdJ4DdQ,Vijay Stands Up For Samantha
WWL1vdJ4DdQ,"Vijay Devarakonda, Samantha Ruth Prabhu"
WWL1vdJ4DdQ,Kushi
WWL1vdJ4DdQ,Netflix India
M4QQzZWLssY,Mumbai Mein Spider-Man?
M4QQzZWLssY,Spider-Man: Across The Spider-Verse
AHOtncObax4,"Top 5 Iconic One Piece Moments Ft. Luffy, Zoro & Nami"
Px9x36HjXRE,Khufiya
Px9x36HjXRE,Now Streaming
Px9x36HjXRE,"Tabu, Wamiqa Gabbi, Ali Fazal & Vishal Bhardwaj"
Px9x36HjXRE,Netflix India
lYJUDYH7BeE,Samantha & Vijay Deverakonda Fight For Love
lYJUDYH7BeE,Kushi
JONd1l4gH64,Kiara Outsmarts Kartik Aaryan'S Flirting
zftXMkd5Acg,"Best Action Scenes Ft. Alia Bhatt, Gal Gadot & John Cena"
GFy0crKudOc,Moments That Broke Our Hearts
GFy0crKudOc,"Ranbir Kapoor, Kartik Aaryan, Alia Bhatt & More"
HdOhfuECZb0,Shahid Kapoor Finds Out About Tabu'S Secret
HdOhfuECZb0,Haider
2lQD_wHq618,"Top 7 Best South Action Movies Ft. Prabhas, Allu Arjun, Dhanush, Rana Daggubati & More"
xh1yEsaOn6Q,Ali'S Final Scene In Squid Game
xh1yEsaOn6Q,Hindi Clip
xh1yEsaOn6Q,"Anupam Tripathi, Park Hae-Soo"
gAhgC6llaKg,Miss Shetty Mr Polishetty Trailer
gAhgC6llaKg,"Anushka Shetty, Naveen Polishetty"
gAhgC6llaKg,Netflix India
bQPtZNfvahY,Tabus Secret Message
bQPtZNfvahY,Khufiya
bQPtZNfvahY,Netflix India
znSgLJhWsz4,Kareena Kapoor Khan & Vijay Varma Take Wild Guesses
znSgLJhWsz4,Jaane Jaan
znSgLJhWsz4,Netflix India
9N-v5eOEqzA,How To Apply Choona?
9N-v5eOEqzA,"Jimmy Sheirgill, Aashim Gulati, Namit Das"
9N-v5eOEqzA,Netflix India
Cej4-Dqviqs,Bassis Shaadi Problems Ft. Ranbir Kapoor
7rSrtTZJO4s,Is Ali Fazal A Gaddaar?
7rSrtTZJO4s,Khufiya
7rSrtTZJO4s,Netflix India
le7t-xT3res,Round Table With The Choona Cast Ft. Viraj Ghelani
le7t-xT3res,Jimmy Sheirgill
le7t-xT3res,Netflix India
Zs4wjksaeiw,Every Sex Education Characters First & Last Line
Zs4wjksaeiw,Netflix India
7BtfAsQbHxc,5 Types Of People You Find At Desi Weddings
2ZFIk5QOt64,Choona
2ZFIk5QOt64,Watch Now
2ZFIk5QOt64,"Jimmy Sheirgill, Aashim Gulati, Namit Das"
2ZFIk5QOt64,Netflix India
IxdCbt7OVe4,Wamiqa Gabbi As Chaaru
IxdCbt7OVe4,Vishal Bhardwaj
IxdCbt7OVe4,Character Promo
IxdCbt7OVe4,Khufiya
2PGYMxaeI1g,Khufiya Musical Night
2PGYMxaeI1g,"Rekha Bhardwaj, Vishal Bhardwaj, Sunidhi Chauhan, Rahul Ram"
2PGYMxaeI1g,Netflix India
2Ydx-yT7VqU,"In Conversation With Kareena Kapoor, Vijay Varma & Jaideep Ahlawat"
2Ydx-yT7VqU,Jaane Jaan
jTmmB_f2CXk,Tomb Raider: The Legend Of Lara Croft
jTmmB_f2CXk,First Look
jTmmB_f2CXk,Netflix
iKsxFUGD5nc,Scott Pilgrim Takes Off
iKsxFUGD5nc,Official Clip
iKsxFUGD5nc,Netflix
CwWPo9QIQEs,Devil May Cry
CwWPo9QIQEs,Official Announcement
CwWPo9QIQEs,Drop 01
CwWPo9QIQEs,Netflix
LkwzjGDQJP8,Sonic Prime
LkwzjGDQJP8,First Look
LkwzjGDQJP8,Drop 01
LkwzjGDQJP8,Netflix
I3-8Aq9Bn_0,Aashim Challenges Jimmy Sheirgill
I3-8Aq9Bn_0,Choona
I3-8Aq9Bn_0,Netflix India
KKpROrE94no,Tokyo'S Badass Bike Entry!
KKpROrE94no,Money Heist
FxnQaawgfZ0,6 Times Alia Bhatt & Varun Dhawan Won Our Hearts
4JyJ8v4FZNg,Tabu Has A Message!
4JyJ8v4FZNg,Khufiya
4JyJ8v4FZNg,Oct 5
4JyJ8v4FZNg,Netflix India
UDnLQLMDFgs,Kareena Kapoor Khan & Vijay Varma'S Momo Date
UDnLQLMDFgs,Jaane Jaan
UDnLQLMDFgs,Netflix India
8AdU0Po1l8g,"Try Not To Laugh Challenge Ft. Alia Bhatt, Srk & More"
8AdU0Po1l8g,Really Bad Jokes
ZNVRgleY2N8,Ravi Mohan
ZNVRgleY2N8,Character Promo
ZNVRgleY2N8,Ali Fazal
ZNVRgleY2N8,Khufiya
ZNVRgleY2N8,5 October
ZNVRgleY2N8,Netflix India
bk_5n4mS-lk,Kushi Official Trailer
bk_5n4mS-lk,"Vijay Deverakonda, Samantha"
bk_5n4mS-lk,Netflix India
3vCqsAhlHCE,Kullu & Gaurav Kapoor React To Khufiya Trailer
3vCqsAhlHCE,"Vishal Bharadwaj, Tabu, Ali Fazal, Wamiqa Gabbi"
yN2iMUVSbu0,Krishna Mehra
yN2iMUVSbu0,Character Promo
yN2iMUVSbu0,Tabu
yN2iMUVSbu0,Khufiya
yN2iMUVSbu0,Netflix India
ScOTbHr_MQs,"Kareena Kapoor Khan, Vijay Varma & Jaideep Ahlawat Confess To What?!"
ScOTbHr_MQs,Jaane Jaan
rWqy49-3dEU,Sex Tips With Otis
rWqy49-3dEU,Sex Education Season 4
rWqy49-3dEU,Netflix India
iWtf464jv44,Rohit Saraf Comes To Alia Bhatt'S Rescue
iWtf464jv44,Dear Zindagi
ORj-lkar0kk,Choona
ORj-lkar0kk,Character Promo
ORj-lkar0kk,"Jimmy Shergill, Aashim Gulati, Namit Das"
ORj-lkar0kk,Netflix India
kVjHKdrrrMU,Squid Game: The Challenge
kVjHKdrrrMU,Official Teaser
kVjHKdrrrMU,Netflix India
IwYGRExbFDo,Kareena Kapoor Khan'S First Ever Scene On Netflix
IwYGRExbFDo,Jaane Jaan
n1XvbSWXpg8,Shakeela'S Driving School Ft. @Shelvines & Chippy Devassy
n1XvbSWXpg8,Sex Education
n1XvbSWXpg8,Malayalam Sketch
6mI9sf7loJ8,Ek Aakhri Baar Final Trailer
6mI9sf7loJ8,Sex Education Season 4
6mI9sf7loJ8,Hindi
6mI9sf7loJ8,Netflix India
QmHvckh2GMw,Jaane Jaan
QmHvckh2GMw,Now Streaming
QmHvckh2GMw,"Kareena Kapoor Khan, Sujoy Ghosh, Vijay Varma & Jaideep Ahlawat"
866FCAkEwXY,Every Iconic Moment From Sex Education
866FCAkEwXY,Netflix India
OvW0eG8j5qI,Kaala Paani
OvW0eG8j5qI,Date Announcement
OvW0eG8j5qI,"Mona Singh, Ashutosh Gowariker & Amey Wagh"
OvW0eG8j5qI,Netflix India
L47mUKuIvms,Zoro Vs Mihawk: The Best One Piece Fight (Hindi)
XnIGktc5A4A,Kartik Aaryan'S Top 5 Hilarious Scenes
XnIGktc5A4A,"Bhool Bhulaiyaa 2, Shehzada & More"
XnIGktc5A4A,Netflix India
v7R7o5Dafj8,Sex Education Tamil Recap Ft. Rj Balaji
v7R7o5Dafj8,Sex Education-Um 120 Rubaiyum
v7R7o5Dafj8,Netflix India
sN76zsLDNpI,Berlin
sN76zsLDNpI,Date Announcement
sN76zsLDNpI,Netflix India
ByojhBwG_-E,Khufiya
ByojhBwG_-E,Official Trailer
ByojhBwG_-E,"Vishal Bhardwaj, Tabu, Ali Fazal, Wamiqa Gabbi"
BNcgWhaWy_A,Jackie Chan Vs John Cena: Most Epic Fight Scene!
QAEiFEzeXUc,Everyone Knows These Types Of Students
ZeqcrLXa0XY,5 Srk Advices To Always Remember!
ZeqcrLXa0XY,"Dear Zindagi, Om Shanti Om & More"
Wcr0dpSSiQU,The Only Sex Education Recap You Need Ft. Rohit Saraf
Wcr0dpSSiQU,Netflix India
Z7-uNGDIU7w,Chiranjeevis Incredible Action Scene
Z7-uNGDIU7w,Bholaa Shankar
Z7-uNGDIU7w,Netflix India
BDdBbbYAGog,Nayanthara'S Best Scenes Ever!
BDdBbbYAGog,"Anaamika, Godfather, Annaatthe"
NACS2MDFqsE,Rajkummar & Bhumi'S Secret Marriage Deal
W9SGn69WG2w,"5 Epic Fail Moments From Bollywood Ft. Kartik Aaryan, Rajkummar Rao & More"
IoN_AJzm27g,Drop 01
IoN_AJzm27g,Official Trailer
IoN_AJzm27g,Coming September 27Th
IoN_AJzm27g,Netflix India
7wI3QJ13Aj8,Behind-The-Scenes Of One Piece Hindi Dubbing!
mJMa2LpkDbI,Vijay Varma As Karan Anand
mJMa2LpkDbI,Character Promo
mJMa2LpkDbI,Jaane Jaan
mJMa2LpkDbI,Sujoy Ghosh
mJMa2LpkDbI,Netflix India
UmWemVfYLRc,Khufiya
UmWemVfYLRc,Date Announcement
UmWemVfYLRc,"Tabu, Wamiqa Gabbi & Ali Fazal"
UmWemVfYLRc,Netflix India
ppwImAPxgD8,Khufiya
ppwImAPxgD8,Announcement
ppwImAPxgD8,"Tabu, Wamiqa Gabbi, Ali Fazal & Vishal Bhardwaj"
ppwImAPxgD8,Netflix India
iAH_kHGKfAo,The Fall Of The House Of Usher
iAH_kHGKfAo,Official Hindi Trailer
iAH_kHGKfAo,Netflix India
i0RxXeIYla4,Jaideep Ahlawat As Naren
i0RxXeIYla4,Character Promo
i0RxXeIYla4,Jaane Jaan
i0RxXeIYla4,Sujoy Ghosh
i0RxXeIYla4,Netflix India
Y4IlwJlPCCY,Sex Education Season 4 Trailer
Y4IlwJlPCCY,Netflix India
XyyUvAShgts,Sex Education: Season 4
XyyUvAShgts,Official Hindi Trailer
XyyUvAShgts,Netflix India
wv36MQJtO4I,Kareena Kapoor Khan As Maya Dsouza
wv36MQJtO4I,Character Promo
wv36MQJtO4I,Jaane Jaan
wv36MQJtO4I,Sujoy Ghosh
wv36MQJtO4I,Netflix India
6c_7-53YSQA,Tanmay Bhat And @Gamerfleet React To One Piece
9Pv41oJ-Pdo,Did You Spot These Youtubers In Movies?
9Pv41oJ-Pdo,"Mismatched, Tu Jhoothi Main Makkaar & More"
_T-j6UBLbFk,Making The One Piece Live Action Worthy Of Its True Fans
FW4NKRgrLAk,4 Mins Of Pure Comedy Gold From The Office (U.S.)
uWaX4BlvC8A,Bhola Shankar
uWaX4BlvC8A,Official Trailer
uWaX4BlvC8A,"Chiranjeevi, Keerthy Suresh, Tamannaah Bhatia"
uWaX4BlvC8A,Netflix India
E2DXo9lii6s,All The Kissing Scenes From Friends!
07aGRfe0biM,6 Don Scenes That Changed The Whole Movie!
07aGRfe0biM,Shah Rukh Khan
VMOK-OvmuI8,@Kullubaazi & Kusha Kapila React To Jaane Jaan Trailer!
VMOK-OvmuI8,Netflix India
d9ob_UPJd-w,Castlevania: Nocturne: Season 1
d9ob_UPJd-w,Official Trailer
d9ob_UPJd-w,Netflix India
GTDbuS7JoUk,@Bnftv Top 10 Mast Watch Hindi Dub Movies On Netflix
riqlEzCDCIY,Babil Khan & Amrith Jayan Teach Us Genz Slangs
riqlEzCDCIY,Friday Night Plan
riqlEzCDCIY,Netflix India
O2BzzUSX4AA,Lupin (Part 3)
O2BzzUSX4AA,Official Hindi Trailer
O2BzzUSX4AA,Netflix India
0zT_o332BtY,Your Series Pilot On Our Channel
0zT_o332BtY,Take Ten S2: By Film Companion And Netflix India
wZk0eEG2RlU,"How To Flirt Ft. Ranbir Kapoor, Shah Rukh Khan & Salman Khan"
wZk0eEG2RlU,Netflix India
st25hbzAWWk,Thugesh'S School Stories: Every Desi Kid Will Relate
st25hbzAWWk,Teacher'S Day
st25hbzAWWk,Sahil Kadam
GHX6yT9Lxfo,Jaane Jaan
GHX6yT9Lxfo,Official Trailer
GHX6yT9Lxfo,"Kareena Kapoor Khan, Jaideep Ahlawat, Vijay Varma"
GHX6yT9Lxfo,Netflix India
0XLbFp1zJAA,"Tanmay, Og Gang & Adarsh Gourav React: Guns & Gulaabs Finale!"
Nh7jIbjrhy4,"Top 6 Bollywood Debuts Ft. Alia Bhatt, Kartik Aaryan, Deepika Padukone"
Nh7jIbjrhy4,Netflix India
yITL9geUX2o,Zoro And Luffys First Conversation
yITL9geUX2o,One Piece Hindi Clip
yITL9geUX2o,Netflix India
g99AkfwIp9Q,"@Mostlysane & Babil Khan On Acting, Family And Chai"
g99AkfwIp9Q,Friday Night Plan
g99AkfwIp9Q,Prajakta Koli
2R0Bbd8mnEc,Shah Rukh Khan Goes Undercover
2R0Bbd8mnEc,Main Hoon Na
2R0Bbd8mnEc,Netflix India
iBKPMJ71ins,Slayy Point Reacts To Iconic Gangster Moments
iBKPMJ71ins,Netflix India
Kt0vOpBixEc,Top 5 Indian Actors Hollywood Debuts!
Kt0vOpBixEc,Netflix India
7F2NYLu3BQM,Friday Night Plan
7F2NYLu3BQM,Now Streaming
7F2NYLu3BQM,Netflix India
f6a0tHU1d0s,Choona
f6a0tHU1d0s,Date Announcement
f6a0tHU1d0s,"Jimmy Sheirgill, Aashim Gulati & Others"
f6a0tHU1d0s,Netflix India
yot5gFEbyKc,Kartik Aaryan V/S Ranbir Kapoor: Who Is More Savage?
yot5gFEbyKc,Netflix India
oOpqwW_jfgY,Rajkummar Rao On A Gangster Ice-Cream Date
oOpqwW_jfgY,Guns & Gulaabs
oOpqwW_jfgY,Netflix India
VvMAxmAapYA,One Piece
VvMAxmAapYA,Final Trailer
VvMAxmAapYA,Netflix India
dfsYkn5WAm0,Gulshan Devaiahs Savage Negotiation Tactic
dfsYkn5WAm0,Guns & Gulaabs
dfsYkn5WAm0,Netflix India
oQWRGgXVCiU,10 Most Relatable Desi Household Things!
oQWRGgXVCiU,Netflix India
61Rnpt-SwDw,Babil Khan Can'T Stop Laughing At Dad Jokes
61Rnpt-SwDw,Friday Night Plan
MEQlzlR8M94,Luffy Meets The Creator Of One Piece In Tokyo
MEQlzlR8M94,Netflix India
t_wzSJTwWT8,Rajkummar Rao'S Love Letter Hack Is Revealed
t_wzSJTwWT8,Guns & Gulaabs
t_wzSJTwWT8,Netflix India
QmQ358y3KOY,Will Dulquer Take The Bribe?
QmQ358y3KOY,Guns & Gulaabs
QmQ358y3KOY,Netflix India
_RSWo2T4kz0,Kartik Aaryan & Rajpal Yadav Being Iconic For 4 Minutes Straight
_RSWo2T4kz0,Netflix India
r1lautEZTSg,Sai Dharam Tej Cannot Escape Pawan Kalyan!
r1lautEZTSg,Bro
r1lautEZTSg,Netflix India
MFQxvGDtBN0,Behind The Scenes With The Cast Of One Piece
MFQxvGDtBN0,Netflix India
_1egyF6iAL0,Rajkummar Raos Proposal Gone Wrong!
_1egyF6iAL0,Guns & Gulaabs
_1egyF6iAL0,Netflix India
qfKl-zw0prI,"5 Things You Never Do On A Date Ft. Saif Ali Khan, Rajkumar Rao, Kriti Sanon"
qfKl-zw0prI,Netflix India
_U_UG0UhpQ8,Appuppan & The Boys Reacts To Guns & Gulaabs In Malayalam
_U_UG0UhpQ8,Netflix India
_EFaYSR8JWI,Ashish Chanchlani Raids The Netflix Office
_EFaYSR8JWI,Guns & Gulaabs
_EFaYSR8JWI,Netflix India
D70QaUnE3tk,Jaane Jaan
D70QaUnE3tk,Announcement
D70QaUnE3tk,"Kareena Kapoor Khan, Jaideep Ahlawat, Vijay Varma"
D70QaUnE3tk,Netflix India
vW8fLvpRPoU,Dulquer & Sobhita Are Ultimate Couple Goals
vW8fLvpRPoU,Kurup
vW8fLvpRPoU,Netflix India
iMqTrKo2iF8,Kareena Kapoor Khans Streaming Debut?
iMqTrKo2iF8,Netflix India
FMR1Qy7BoLs,Rebel Moon
FMR1Qy7BoLs,Official Telugu Teaser Trailer
FMR1Qy7BoLs,Zack Snyder
FMR1Qy7BoLs,Netflix India
SqoTnqGtSZE,Rebel Moon
SqoTnqGtSZE,Official Tamil Teaser Trailer
SqoTnqGtSZE,Zack Snyder
SqoTnqGtSZE,Netflix India
TaU4H9g47u8,Welcome To The World Of Guns & Gulaabs
TaU4H9g47u8,Now Streaming
TaU4H9g47u8,Netflix India
Mug65zMnqH4,Rebel Moon
Mug65zMnqH4,Official Hindi Teaser Trailer
Mug65zMnqH4,Zack Snyder
Mug65zMnqH4,Netflix India
cGDhHJ-8MQk,Rebel Moon
cGDhHJ-8MQk,Official Teaser Trailer
cGDhHJ-8MQk,Zack Snyder
cGDhHJ-8MQk,Netflix India
YIECFZb1IxQ,@Round2Hell Baney Desi Heart Ke Agents?
YIECFZb1IxQ,Heart Of Stone
YIECFZb1IxQ,Netflix India
APORJRJ_PvM,Khakee Season 2
APORJRJ_PvM,Announcement
APORJRJ_PvM,Neeraj Pandey
APORJRJ_PvM,Netflix India
ED55_FcDz5s,Dulquer Salmaans Most Awkward Interview With Aishwarya Mohanraj
ED55_FcDz5s,Guns & Gulaabs
XMdX4Lj-Ajo,Zyaada Mazaa & Exciting Shows With Netflix Now On Jio Prepaid
XMdX4Lj-Ajo,Jio X Netflix
XMdX4Lj-Ajo,Netflix India
Lz_jlyGDoqM,Friday Night Plan
Lz_jlyGDoqM,Official Trailer
Lz_jlyGDoqM,"Babil Khan, Juhi Chawla Mehta & Amrith Jayan"
Lz_jlyGDoqM,Netflix India
1GujwDG36rE,Tanmay & Aishwarya Mohanraj React To Heart Of Stone!
1GujwDG36rE,Alia Bhatt & Gal Gadot
1GujwDG36rE,Netflix India
2px_cbsWUw8,"Dialogue Challenge With Rajkummar, Dulquer & Gourav"
2px_cbsWUw8,Guns & Gulaabs
2px_cbsWUw8,Netflix India
4UP0lI1awvU,Bro - Official Trailer
4UP0lI1awvU,"Pawan Kalyan, Sai Tej"
4UP0lI1awvU,Netflix India
gYb9fWyvvBs,"Zakir Khan Gets Candid With Rajkummar, Dulquer & Adarsh"
gYb9fWyvvBs,Guns & Gulaabs
gYb9fWyvvBs,Netflix India
YOtzf9HIMQk,Guns & Gulaabs Is Now Streaming!
YOtzf9HIMQk,Rajkummar Rao & Dulquer Salmaan
YOtzf9HIMQk,Netflix India
cPUydbJOrlM,Heart Of Stone Bloopers
cPUydbJOrlM,"Alia Bhatt, Gal Gadot & Jamie Dornan"
cPUydbJOrlM,Netflix India
gBy-e4qFULI,Guns & Gulaabs Ki Friendship
gBy-e4qFULI,Rajkummar Rao
gBy-e4qFULI,Netflix India
244QVRPoE94,Akshay Kumar'S Best Comedy Scenes To Make You Laugh
244QVRPoE94,Netflix India
wqiboQLNnWQ,Guns & Gulaabs Ke Gangsters
wqiboQLNnWQ,Gulshan Devaiah
wqiboQLNnWQ,Netflix India
Gpf_uPtWuUU,The Twist In Tabu & Ayushmann'S Story
Gpf_uPtWuUU,Andhadhun
Gpf_uPtWuUU,Netflix India
eVRsddc8EZg,"Slang Words With Alia Bhatt, Gal Gadot , And Jamie Dornan"
eVRsddc8EZg,Heart Of Stone
eVRsddc8EZg,Netflix India
kq6IN_VFhT8,Guns & Gulaabs Ka Chase Sequence
kq6IN_VFhT8,Rajkummar Rao
kq6IN_VFhT8,Netflix India
A8idIN1eCGo,Gulshan Devaiah As Atmaram
A8idIN1eCGo,Guns & Gulaabs
A8idIN1eCGo,Netflix India
3LGVUHSgqOs,Behind The Scenes Of Heart Of Stone Ft. Alia Bhatt
3LGVUHSgqOs,Netflix India
Adxh-s7CzQI,Gulaabgunj Ka Anokha Sangeet
Adxh-s7CzQI,4 Days To Go
Adxh-s7CzQI,Guns And Gulaabs
Adxh-s7CzQI,Netflix India
UvpwBCyt900,Alia Bhatts Favourite Life Hacks
UvpwBCyt900,Heart Of Stone
UvpwBCyt900,Netflix India
xU-L60DCjAU,7 Most Iconic Dialogues In Hindi
xU-L60DCjAU,Netflix India
HrUaN06ddA4,The True Story Of Veerappan'S Reign
HrUaN06ddA4,The Hunt For Veerappan
HrUaN06ddA4,Netflix India
hHyYollJt08,Alia Bhatt Shares Her Favourite Firsts
hHyYollJt08,Heart Of Stone
hHyYollJt08,Netflix India
kgRN3iIBynE,Dulquer Salmaan As Arjun
kgRN3iIBynE,Character Promo
kgRN3iIBynE,Guns & Gulaabs
kgRN3iIBynE,Aug 18
kgRN3iIBynE,Netflix India
pbYlsDKU3XM,Alia Bhatts First Ever Scene In A Hollywood Movie
pbYlsDKU3XM,Heart Of Stone
pbYlsDKU3XM,Gal Gadot & Jamie Dornan
eVUpfzISKxk,Shah Rukh Khan'S Last Scene In Don
eVUpfzISKxk,Don 2
eVUpfzISKxk,Netflix India
JAcGthLt5aE,"Alia Bhatt, Gal Gadot & Jamie Dornan Can'T Keep It Together!"
JAcGthLt5aE,Netflix India
6fUWP1LCzAU,Adarsh Gourav As Jugnu
6fUWP1LCzAU,Guns & Gulaabs
6fUWP1LCzAU,Netflix India
TpYN4_bL_EE,Veerappans Interview That Changed Everything!
TpYN4_bL_EE,The Hunt For Veerappan
TpYN4_bL_EE,Netflix India
0dIIChsjKBc,Guns & Gulaabs
0dIIChsjKBc,Official Telugu Trailer
0dIIChsjKBc,Raj & Dk
0dIIChsjKBc,"Rajkummar, Dulquer, Adarsh, Gulshan"
0dIIChsjKBc,Aug 18
MuRWcut6djI,Guns & Gulaabs
MuRWcut6djI,Official Malayalam Trailer
MuRWcut6djI,Raj & Dk
MuRWcut6djI,"Rajkummar, Dulquer, Adarsh, Gulshan"
ZBV79tUczC4,Guns & Gulaabs
ZBV79tUczC4,Official Tamil Trailer
ZBV79tUczC4,Raj & Dk
ZBV79tUczC4,"Rajkummar, Dulquer, Adarsh, Gulshan"
ZBV79tUczC4,Aug 18
_fANCS_GinA,The Bollywood Couple Showdown - Kriti Sanon & Kartik Aaryan Or Varun Dhawan & Alia Bhatt?
Ggkk8swWIlo,Why Was Veerappan Almost Impossible To Catch?
Ggkk8swWIlo,The Hunt For Veerappan
Ggkk8swWIlo,Netflix India
LyVIgsAuAF8,Padmini Official Trailer
LyVIgsAuAF8,"Kunchacko Boban, Madonna Sebastian, Senna Hegde"
LyVIgsAuAF8,Netflix India
qoFnJdralUc,5 Types Of Friends We All Have!
qoFnJdralUc,Netflix India
w0oli823JZk,Rajkummar Rao As Paanadhari Tipu
w0oli823JZk,Character Promo
w0oli823JZk,Guns & Gulaabs
w0oli823JZk,18 August
w0oli823JZk,Netflix India
R_vy791k4mY,Yami Gautam Being Savage For 60 Seconds Straight!
R_vy791k4mY,Netflix India
Vd7gj65k06k,Rangabali
Vd7gj65k06k,Trailer
Vd7gj65k06k,Naga Shaurya & Yukti Thareja
Vd7gj65k06k,Netflix India
FkJ53c0C0H0,Kullu & Satish Ray React To Guns And Gulaabs Trailer!
FkJ53c0C0H0,Netflix India
0n6N4QLwBOo,Friday Night Plan
0n6N4QLwBOo,Date Announcement
0n6N4QLwBOo,Babil Khan & Juhi Chawla Mehta
0n6N4QLwBOo,Netflix India
hR7C-tdQkPA,"Try Not To Laugh Challenge Ft. Shah Rukh Khan, Kartik Aaryan, Ranveer Singh & More"
hR7C-tdQkPA,Netflix India
lg-8dKnWhA4,Alia Bhatt & Gal Gadot: Pulling The Trigger On Action Asmr!
lg-8dKnWhA4,Heart Of Stone
lg-8dKnWhA4,Netflix India
pgEiBaF2mHA,Guns & Gulaabs
pgEiBaF2mHA,Official Trailer
pgEiBaF2mHA,Raj & Dk
pgEiBaF2mHA,"Rajkummar, Dulquer, Adarsh, Gulshan"
pgEiBaF2mHA,Aug 18
ZFe_Wxo0UA0,The True Story Of India'S Most Infamous Bandit
ZFe_Wxo0UA0,The Hunt For Veerappan
ZFe_Wxo0UA0,Netflix India
sg7JH7ry-oo,Maamannan Decides To Stop Running
sg7JH7ry-oo,"Udhayanidhi Stalin, Vadivelu"
sg7JH7ry-oo,Maamannan
sg7JH7ry-oo,Netflix India
OQPjIspnHk4,Alia Bhatt'S Shandaar Rapid Fire With Karan Johar
OQPjIspnHk4,Netflix India
Ajuzq6P3I48,Veerappan'S Wife Opens Up About Her Late Husband
Ajuzq6P3I48,The Hunt For Veerappan
Ajuzq6P3I48,Netflix India
3Z6tk4W3vi4,Must-Watch Tamil Movies On Netflix
3Z6tk4W3vi4,"Aishwarya Lekshmi, Dhanush, Dulquer Salmaan"
3Z6tk4W3vi4,Netflix India
F1c6USUECwY,Vadivelu Becomes Emotional
F1c6USUECwY,Maamannan
F1c6USUECwY,Netflix India
I8ySVfQxquk,Alia'S Savage Answer
I8ySVfQxquk,Gangubai Kathiawadi
I8ySVfQxquk,Netflix India
YKuSjdE6FOM,Tere Baad (Music Video)
YKuSjdE6FOM,"Wazir Patar, Barun Sobti & Suvinder Vicky"
YKuSjdE6FOM,Kohrra
YKuSjdE6FOM,Netflix India
IlkT7kq96zw,Kullu & Mythpat React To One Piece Trailer
IlkT7kq96zw,Netflix India
SYA7lp4T4eE,"The Not-So-Intense Interview Ft. Udhayanidhi, Vadivelu, Keerthy, Mari Selvaraj & Jagan"
SYA7lp4T4eE,Maamannan
D365RUy_JRI,Guns & Gulaabs
D365RUy_JRI,Trailer Announcement
D365RUy_JRI,Raj & Dk
D365RUy_JRI,"Rajkummar Rao, Dulquer Salman, Adarsh Gourav"
EJ0GpL5XNLI,Tanmay Reacts: Bird Box Barcelona Ft. Rohan Joshi & Prashasti Singh
Tln328Upic0,The Hunt For Veerappan
Tln328Upic0,Official Teaser
Tln328Upic0,Netflix India
PjVbnDssuwQ,Ranbir Kapoors 7 Best Performances
PjVbnDssuwQ,Netflix India
9lhmNMA6_Jg,Learn Punjabi Slang From Icons Barun Sobti & Harleen Sethi
9lhmNMA6_Jg,Kohrra
9lhmNMA6_Jg,Netflix India
CuWJ8UEnxno,8 Bollywood Movies That Changed The Industry!
CuWJ8UEnxno,"Kartik Aaryan, Alia Bhatt, Srk"
CuWJ8UEnxno,Netflix India
kzPqjAoznUI,Heartstopper: Season 2
kzPqjAoznUI,Official Hindi Trailer
kzPqjAoznUI,Netflix India
YTuQkEmyIlk,Choona
YTuQkEmyIlk,Official Trailer
YTuQkEmyIlk,"Jimmy Sheirgill, Aashim Gulati, Namit Das"
YTuQkEmyIlk,Netflix India
RPS50BjI_RE,The Witcher: Season 3
RPS50BjI_RE,Volume 2 Hindi
RPS50BjI_RE,Netflix India
t9mcJQ-lgdA,Saras Menon Gets Into Trouble
t9mcJQ-lgdA,Asvins
t9mcJQ-lgdA,Netflix India
6qMsgnhnPgk,Netflix Essentials: Top 6 Mind Blowing Series
6qMsgnhnPgk,Netflix India
iC-mrpMH8x4,Alia Bhatt'S 9 Most Iconic Roles Ever!
iC-mrpMH8x4,Netflix India
6gnH4Q_wBMw,One Piece
6gnH4Q_wBMw,Official Trailer
6gnH4Q_wBMw,Netflix
ELdiWC5zqJQ,Kapil Sharma Is Obsessed With Money Heist
ELdiWC5zqJQ,Stand Up Comedy
ELdiWC5zqJQ,Netflix India
5g5aE2weT3k,Rajinikanth'S Jaw Dropping Entry Scenes
5g5aE2weT3k,Netflix India
6NumZ9asDLA,Christopher Nolan Movies Are Epic! 6 Reasons (Hindi)
6NumZ9asDLA,"Interstellar, Inception"
6NumZ9asDLA,Netflix India
fEIhFZtRMkM,Asvins Official Trailer (Tamil)
fEIhFZtRMkM,Vasanth Ravi
fEIhFZtRMkM,Netflix India
HEdQbTbAVbc,Wednesday Moments That Won Our Hearts
HEdQbTbAVbc,Jenna Ortega
HEdQbTbAVbc,Netflix India
i4alBhmeGrk,Nushrratt Bharuccha Flirts With Ranbir Kapoor
i4alBhmeGrk,Tu Jhooti Main Makkaar
i4alBhmeGrk,Netflix India
QaF4wpOql0w,What Happens When Love Blurs Lines?
QaF4wpOql0w,"Barun Sobti, Suvinder Vicky & Harleen Sethi"
QaF4wpOql0w,Netflix India
_Qwc6i-6xE8,Margot Robbie Is So Talented!
_Qwc6i-6xE8,The Suicide Squad
_Qwc6i-6xE8,Netflix India
he3J6-FvBbs,From Barun Sobti To Garundi Ft. @Rjabhinavv
he3J6-FvBbs,Kohrra
he3J6-FvBbs,Netflix India
BL87XkUc2jY,Maamannan
BL87XkUc2jY,Official Trailer
BL87XkUc2jY,"Vadivelu, Udhayanidhi, Fahadh Faasil, Keerthy Suresh"
BL87XkUc2jY,Netflix India
JadeMuvtXBk,Lucifer On The Hunt Ft. Tom Ellis
JadeMuvtXBk,Netflix India
ISdxnIk1FnY,"Did You Know S.S Rajamouli, Anurag Basu, Ayan Mukerji Acted In Their Own Movies?!"
dBxXT7gdhDY,Sneak Peek - First 15 Minutes Of Kohrra!
dBxXT7gdhDY,Intense Investigation
dBxXT7gdhDY,"Barun Sobti, Suvinder Vicky"
GHmkICvCqY0,Will Yogi Babu & Sivakarthikeyan Manage To Fool A Gangster?
GHmkICvCqY0,Doctor
GHmkICvCqY0,Netflix India
hxwPSJQUHiw,Kareena Kapoor Has The Best Comebacks
hxwPSJQUHiw,"Don, Kabhi Khushi Kabhie Gham & More"
hxwPSJQUHiw,Netflix India
39zvrfRsv00,An Investigation Full Of Twists & Turns
39zvrfRsv00,Kohrra
39zvrfRsv00,"Barun Sobti, Suvinder Vicky & Harleen Sethi"
fyHU6MwIjpM,Challenge: We Dare You To Watch This Alone!
fyHU6MwIjpM,Netflix India
UfyT0bu6UXM,The Book That Changed Kriti Sanon'S Life
UfyT0bu6UXM,Bareilly Ki Barfi
UfyT0bu6UXM,Netflix India
95Ti9wi2ZcU,Kohrra
95Ti9wi2ZcU,Now Streaming
95Ti9wi2ZcU,"Barun Sobti, Harleen Sethi & Suvinder Vicky"
95Ti9wi2ZcU,Netflix India
X9Omi2mN8dw,Harsh Is Always There For Dimple
X9Omi2mN8dw,Rohit Saraf
X9Omi2mN8dw,Prajakta Kohli
X9Omi2mN8dw,Mismatched
X9Omi2mN8dw,Netflix India
6K23X4yzSu0,Kajol Is Awesome
6K23X4yzSu0,"Kabhi Khushi Kabhie Gham, Dilwale & More"
6K23X4yzSu0,Netflix India
m9XlX1_DvOw,Kaala Paani
m9XlX1_DvOw,Announcement
m9XlX1_DvOw,Netflix India
wZKq533dA7Q,Ram Charan Leaves Alia Bhatt To Complete His Mission
wZKq533dA7Q,Rrr
wZKq533dA7Q,Netflix India
kdU3KG0bmO8,What Will Siddharth Choose?
kdU3KG0bmO8,Takkar
kdU3KG0bmO8,Netflix India
PMeos1276e0,Top 5 Most Romantic Moments That Stole Our Hearts
PMeos1276e0,Netflix India
71RbxZO7Cfw,The One Night That Changed His Life
71RbxZO7Cfw,"Suvinder Vicky, Barun Sobti & Harleen Sethi"
71RbxZO7Cfw,Kohrra
6Nck8D7kPXg,Tillotama Shome Catches Amruta Subhash In The Act
6Nck8D7kPXg,Lust Stories 2
6Nck8D7kPXg,Netflix India
fI8kZcg9rMs,The Archies In So Paulo
fI8kZcg9rMs,Tudum
fI8kZcg9rMs,Netflix India
zo61OZeQ0bA,Choona
zo61OZeQ0bA,Date Announcement
zo61OZeQ0bA,"Jimmy Shergill, Aashim Gulati, Namit Das"
zo61OZeQ0bA,Netflix India
jTcizgWhOzg,Baahubali Finally Kills Bhallaldev
jTcizgWhOzg,Epic Fight Scene
jTcizgWhOzg,Netflix India
Rsld-zE8wo8,"5 Unreal Double Role Performances Ft. Shah Rukh Khan, Aditya Roy Kapur & More"
lifPq5SHQzs,Vijay Thalapathy'S Action Scene That Will Blow Your Mind!
lifPq5SHQzs,Beast
lifPq5SHQzs,Netflix India
emrXiN13EfU,Otis & Maeve'S Advice On Friendship (Hindi)
emrXiN13EfU,Sex Education
emrXiN13EfU,Netflix India
LLY90wAAnGY,Innocent Or Guilty?: Kohrra Suspect Files
LLY90wAAnGY,"Barun Sobti, Harleen Sethi & Suvinder Vicky"
WNLbLCP_WnM,How To Wear A Saree Ft. Kajol
WNLbLCP_WnM,Lust Stories 2
WNLbLCP_WnM,Netflix India
wfRvBUQLr8A,@Kuchbhimehta'S Social Currency Stand Up
wfRvBUQLr8A,Social Currency
wfRvBUQLr8A,Netflix India
pyHYmelUkc8,Slayy Point Reacts To Iconic Lust Scenes
pyHYmelUkc8,"Lust Stories 2, Mismatched & More"
hJ1Mgcf158o,Ranbir Kapoor'S Monsoon Proposal Is The Cutest
hJ1Mgcf158o,Wake Up Sid
hJ1Mgcf158o,Netflix India
0gB8-zvLR9c,Shraddha Kapoors Cutest Moments!
0gB8-zvLR9c,"Tu Jhoothi Main Makkaar, Stree, Ok Jaanu"
0gB8-zvLR9c,Netflix India
9JeC3Ix2qP8,Ranveer Singhs Jokes Make Everything All Right
9JeC3Ix2qP8,Sooryavanshi
9JeC3Ix2qP8,Netflix India
vjfefv4OFxo,Tamannaah Bhatia & Vijay Varma: In Love Or Lust?
vjfefv4OFxo,Lust Stories 2
vjfefv4OFxo,Netflix India
sAx4aq6396E,Kohrra
sAx4aq6396E,Official Trailer
sAx4aq6396E,"Suvinder Vicky, Barun Sobti & Harleen Sethi"
sAx4aq6396E,Netflix India
QVVry_yMfG4,Sex Education: Season 4
QVVry_yMfG4,Official Hindi Teaser
QVVry_yMfG4,Netflix India
gtw0nUU-mgg,Sex Education: Season 4
gtw0nUU-mgg,Official Teaser
gtw0nUU-mgg,Netflix India
7wM0fbdRFEg,Imran Khan Breaks Out Of Jail For Genelia D'Souza
7wM0fbdRFEg,Jaane Tu Ya Jaane Na
7wM0fbdRFEg,Netflix India
SuGvRK4yL6Q,"The Taste Of Lust Ft. Neena Gupta, Tillotama Shome, Amruta Subhash & @Sahibabalii"
SuGvRK4yL6Q,Menu Please
JCQJHZIGvYk,Everyone Needs A Dadi Like Neena Gupta
JCQJHZIGvYk,"Mrunal Thakur, Angad Bedi"
JCQJHZIGvYk,Lust Stories 2
2eemP_NYQag,Aditya Roy Kapur'S Action-Packed Fight With Criminals
2eemP_NYQag,Malang
2eemP_NYQag,Netflix India
GAQJQf1crXg,Let'S Play: Extraction Video Game?! L Extraction 2
GAQJQf1crXg,Netflix India
EfWB1nEbiz4,Prabhas Sparks Trouble For Tamannaah
EfWB1nEbiz4,Baahubali: The Beginning
EfWB1nEbiz4,Netflix India
KH7VvBU514Y,Srk Is The Ultimate Wingman Ft. Varun Dhawan And Kriti Sanon
KH7VvBU514Y,Netflix India
FvDFAoCxIQ4,Hrithik Roshan And Katrina Kaif'S Steamy Kiss!
FvDFAoCxIQ4,Zindagi Na Milegi Dobara
FvDFAoCxIQ4,Netflix India
0bGq_MOKgpA,Vijay Varma And Tamannaah Are Made For Each Other
0bGq_MOKgpA,Lust Stories 2
0bGq_MOKgpA,Netflix India
YElVi5qU-4w,Sophie Turner Roasts The Jonas Brothers
YElVi5qU-4w,"Joe Jonas, Nick Jonas & Priyanka Chopra"
OTd-_gudMi8,Kartik Aaryans Unique Flirting Style For Kriti Sanon
OTd-_gudMi8,Shehzada
OTd-_gudMi8,Netflix India
mdhbv-l1amc,Tillotama Catches Amruta In Her Bed
mdhbv-l1amc,Lust Stories 2
mdhbv-l1amc,Netflix India
3yo2HepXCXk,Not An Awkward Interview With Mrunal Thakur
3yo2HepXCXk,Lust Stories 2
3yo2HepXCXk,Netflix India
H7Q8nCSL96Y,Anushka Sharma Explains Break Ups To Ranbir Kapoor
H7Q8nCSL96Y,Ae Dil Hai Mushkil
H7Q8nCSL96Y,Netflix India
T32PoFTCCxw,Dhanush Fights Hollywood'S Biggest Stars!
T32PoFTCCxw,The Gray Man
T32PoFTCCxw,Netflix India
Zb5qxEYTIoo,@Anubhavsinghbassi Savagely Roasts Ranbir Kapoor
Zb5qxEYTIoo,Tu Jhoothi Main Makkaar
Zb5qxEYTIoo,Netflix
wBSWSVYpmVg,The Witcher Hindi Clip: Geralt Ke Vaar Se Kaise Bachoge?
wBSWSVYpmVg,Henry Cavill
wBSWSVYpmVg,Netflix India
SAhiAL6gUY0,Alia Bhatt & Siddharth Malhotra Go On The Cutest Date Ever!
SAhiAL6gUY0,Kapoor And Sons
SAhiAL6gUY0,Netflix India
7ypSmC8KI7c,"Revisiting Ee Nagaraniki Emaindi Ft.Tharun Bhascker, Abhinav Gomatam, @Phanumantu & @Roastmortem"
8jmjtOuSRnE,Bird Box Barcelona
8jmjtOuSRnE,Official Hindi Trailer
8jmjtOuSRnE,Netflix India
0Uf4OU_-A7Y,Shah Rukh Khans Performance For The Superstars
0Uf4OU_-A7Y,Zero
0Uf4OU_-A7Y,Netflix India
fE6m6pO4Dr8,@Kullubaazi & @Chandnibhabhda React To The Heart Of Stone Trailer
fE6m6pO4Dr8,Netflix India
vVujNKlXMyc,Chris Hemsworth Finds Out The Truth!
vVujNKlXMyc,Extraction 2
vVujNKlXMyc,Netflix India
-F--9JH2Q68,@Theparthsamthaan Gets Angry At @Mridulmadhok
-F--9JH2Q68,Social Currency
-F--9JH2Q68,Netflix India
0Ricy6GjxGI,Tamannaah Teaches You How To Enjoy Lust Stories
0Ricy6GjxGI,Lust Stories 2
0Ricy6GjxGI,Netflix India
Rmi06-v6v9s,@Mythpat Takes The Chris Hemsworth Challenge
Rmi06-v6v9s,Extraction 2
Rmi06-v6v9s,Netflix India
qNkSXj_v0qI,Iconic Cameos In Bollywood
qNkSXj_v0qI,"Kartik Aaryan, Shah Rukh Khan, Kajol & More"
qNkSXj_v0qI,Netflix India
z4Dn1WPxeVg,Neena Gupta Rejects Censorship
z4Dn1WPxeVg,Lust Stories 2
z4Dn1WPxeVg,Netflix India
DDEWFCP28kA,Watch This Before The Witcher Season 3!
DDEWFCP28kA,Henry Cavill
DDEWFCP28kA,Netflix India
75I9JpVZ4Jw,@Ashishchanchlanivines'S Most Savage Moments From Social Currency
75I9JpVZ4Jw,Netflix India
9CjMGVyPAkk,Tillotama Shome & Amruta Subhash Reveal Lusty Secrets
9CjMGVyPAkk,Lust Stories 2
9CjMGVyPAkk,Netflix India
wiM15miRGIs,@Kullubaazi & @Thetrinetramethod React To Lust Stories 2 Trailer
wiM15miRGIs,Netflix India
eaUxARBquBg,Alia Bhatt'S Savage Reply To Vijay Varma
eaUxARBquBg,Darlings
eaUxARBquBg,Netflix India
3JcMV0RnFXU,Vijay Varma Does Not Want You To Skip Lust
3JcMV0RnFXU,Lust Stories 2
3JcMV0RnFXU,Netflix India
3YdJnafb8bE,Thrishanku Official Trailer
3YdJnafb8bE,"Arjun Ashokan, Anna Ben"
3YdJnafb8bE,Netflix India
Hh6vlP0xUPU,"Extraction Party Ft. Joemon Jyothir, Abin Bino, Jagdeesh Kumar"
Hh6vlP0xUPU,Extraction 2
Hh6vlP0xUPU,Malayalam Sketch
MJazi44WjYY,How To Know If Youre In Love
MJazi44WjYY,"Mrunal Thakur, Angad Bedi"
MJazi44WjYY,Lust Stories 2
MJazi44WjYY,Netflix India
2y7ETE_bmUw,Game Hai? Ya Sachhi Ka Extraction?
2y7ETE_bmUw,@Thugesh X @Gamerfleet Extraction 2
2y7ETE_bmUw,Netflix India
qrm6-j3mp3s,Unforgettable Entry Scene Of Genos
qrm6-j3mp3s,One Punch Man
qrm6-j3mp3s,Netflix India
QwgjXfYGsOA,"@Ashishchanchlanivines, Sunny Leone, @Badshahlive: How To Be A Social Superstar!"
QwgjXfYGsOA,Now Streaming
p_E4byfklaM,"Extraction Paavangal Ft. @Parithabangal, @Seesaworiginals, @Aarifsmindvoice, @Pocketcinema2024"
DnSP-C_cMRA,Chhota Bheem Saves Dholakpur From Aliens
DnSP-C_cMRA,Chhota Bheem
DnSP-C_cMRA,Netflix India
Z3Z7RocQUXI,Lust Stories 2
Z3Z7RocQUXI,Official Trailer
Z3Z7RocQUXI,Netflix India
KbTT-FrQCDc,Bollywood Weddings That Got Cancelled
KbTT-FrQCDc,Netflix India
w-LkJLyKO58,Spider-Man & Mj'S Iconic Upside Down Kiss!
w-LkJLyKO58,Spider-Man
w-LkJLyKO58,Netflix India
A5zOvZtn69I,"Leaked Auditions For Extraction 2 Ft. @Tanmaybhat , @Rjabhinavv, @Khushaalpawaar"
A5zOvZtn69I,Netflix India
kfhv1YvOXFQ,The First Scene Of Heartstopper Season 2
kfhv1YvOXFQ,Exclusive Clip
kfhv1YvOXFQ,Netflix India
94gkR8ELtUs,Elite: Season 7
94gkR8ELtUs,Date Announcement
94gkR8ELtUs,Netflix India
LAGshTBXBtM,You S5
LAGshTBXBtM,Tudum Teaser
LAGshTBXBtM,Netflix India
7m3GUvofBto,Emily In Paris
7m3GUvofBto,Season 4 Announcement
7m3GUvofBto,Netflix India
9WHbqQXfdsM,The Witcher: Season 3
9WHbqQXfdsM,Official Clip
9WHbqQXfdsM,Netflix India
FGRKs7wUG3Y,Never Have I Ever - Final Season
FGRKs7wUG3Y,The Farewell
FGRKs7wUG3Y,Netflix India
tW3CCMGQKB0,Avatar: The Last Airbender
tW3CCMGQKB0,"Water, Earth, Fire, Air"
tW3CCMGQKB0,Netflix India
Y6NUZrRV0ck,Wednesday Season 2
Y6NUZrRV0ck,Theories With Jenna Ortega
Y6NUZrRV0ck,Netflix India
_Cwj5lzZkpw,Rebel Moon
_Cwj5lzZkpw,Behind The Scenes
_Cwj5lzZkpw,Netflix India
JtO7c0N9Wjg,3 Body Problem
JtO7c0N9Wjg,Official Teaser
JtO7c0N9Wjg,Netflix India
do1VWq5s6z8,Berlin
do1VWq5s6z8,Official Teaser
do1VWq5s6z8,Netflix India
JTAwY0TLnG8,One Piece
JTAwY0TLnG8,Official Teaser
JTAwY0TLnG8,Netflix India
9WitWB7KU8E,Squid Game: Season 2
9WitWB7KU8E,Cast Announcement
9WitWB7KU8E,Netflix India
DvNQwzzB8pg,Heart Of Stone
DvNQwzzB8pg,"Gal Gadot, Alia Bhatt, Jamie Dornan"
DvNQwzzB8pg,Official Trailer
DvNQwzzB8pg,Netflix India
PWyM1T7gOg8,Heart Of Stone
PWyM1T7gOg8,"Gal Gadot, Alia Bhatt, Jamie Dornan"
PWyM1T7gOg8,Official Telugu Trailer
PWyM1T7gOg8,Netflix India
VLjCc0BU95E,Heart Of Stone
VLjCc0BU95E,Official Hindi Trailer
VLjCc0BU95E,"Gal Gadot, Alia Bhatt, Jamie Dornan"
VLjCc0BU95E,Netflix India
aSyhlYd3_i0,Heart Of Stone
aSyhlYd3_i0,"Gal Gadot, Alia Bhatt, Jamie Dornan"
aSyhlYd3_i0,Official Tamil Trailer
aSyhlYd3_i0,Netflix India
brnY4OS3cQk,Tudum 2023: A Netflix Global Fan Event
brnY4OS3cQk,Live From Brazil
brnY4OS3cQk,Netflix India
yTv-IhYI3xc,Welcome To The World Of The Archies
yTv-IhYI3xc,Netflix India
GarfdYG6_5Y,How Does Chris Hemsworth Break Bones?
GarfdYG6_5Y,Extraction 2
GarfdYG6_5Y,Netflix India
1RgZ-T9LWLs,The Ultimate Clash Of Influencers
1RgZ-T9LWLs,Social Currency
1RgZ-T9LWLs,Contestants Promo
1RgZ-T9LWLs,Netflix India
N7P87lj4INY,These Deaths Will Haunt Us Forever
N7P87lj4INY,Netflix India
agn6db_sasc,"Maitreyi Ramakrishnan & @Mostlysane : Cold Coffee, Romance And Being Each Other'S Biggest Fans!"
tm-MyVB0yBc,Chris Hemsworth Is Ready For Extraction
tm-MyVB0yBc,Extraction 2
tm-MyVB0yBc,Now Streaming
tm-MyVB0yBc,Netflix India
7JTOLgAR9NQ,Kartik And Kiara'S Most Romantic Kiss
7JTOLgAR9NQ,Bhool Bhulaiyaa 2
7JTOLgAR9NQ,Netflix India
h_wWWmdI74o,Devi Gets A Life Lesson We All Need
h_wWWmdI74o,Maitreyi Ramakrishnan
h_wWWmdI74o,Never Have I Ever
h_wWWmdI74o,Netflix India
cYT2fazdd74,Social Currency
cYT2fazdd74,Official Trailer
cYT2fazdd74,"Parth Samthaan, @Bhavinbhanushali@Kuchbhimehta & More"
g664XjBrTm4,Top 5 Mind Bending Moments In Black Mirror!
g664XjBrTm4,Netflix India
_h0ZhMQsE84,Devi & Kamalas Iconic Saami Saami Dance
_h0ZhMQsE84,Never Have I Ever
_h0ZhMQsE84,Netflix India
JyRYWcZSOW4,The Season Of Lust Is Here
JyRYWcZSOW4,Lust Stories 2
JyRYWcZSOW4,Netflix India
emUCUS3IY6I,@Kullubaazi & @Kaashplays React To Witcher S3 Trailer
emUCUS3IY6I,Netflix India
28fp9yGcDmU,Dulquer Salmaan Flirts With Nithya Menen
28fp9yGcDmU,O Kadhal Kanmani
28fp9yGcDmU,Netflix India
FzSr2__39DU,Is Wednesday Addams Karishma Tannas Informer?
FzSr2__39DU,Scoop
FzSr2__39DU,Netflix India
mgF2PSweFgU,Behind The Scenes Of Scoop
mgF2PSweFgU,Hansal Mehta
mgF2PSweFgU,Netflix India
p1lFPlMOmkw,Maitreyi Reacts To The Most Romantic Desi Scenes
p1lFPlMOmkw,Never Have I Ever
p1lFPlMOmkw,Netflix India
CFPWuPfhfBw,Kriti Sanon: Queen Of Killer Comebacks
CFPWuPfhfBw,Netflix India
8Fq-9EImz3s,Why Is Jagruti On The Front Page?
8Fq-9EImz3s,Scoop
8Fq-9EImz3s,Karishma Tanna
sVW0x6gDg0o,Kartik Aaryan'S Cheesiest Flirting For Nushrratt Bharuccha!
sVW0x6gDg0o,Pyaar Ka Punchnama 2
sVW0x6gDg0o,Netflix India
Au8gzcxBqSQ,Spider-Man: Into The Recap
Au8gzcxBqSQ,Netflix India
VlbGoF0ux70,Harman Baweja Ka Badla
VlbGoF0ux70,Scoop
VlbGoF0ux70,Netflix India
65eCq2Pn6fg,"Devi'S Top 5 Life Lessons On Friends, Love & Career"
65eCq2Pn6fg,Maitreyi Ramakrishnan
65eCq2Pn6fg,Never Have I Ever
HxYttdJjkWs,A Journalist In Jail
HxYttdJjkWs,"Karishma Tanna, Zeeshan Ayyub, Harman Baweja"
HxYttdJjkWs,Netflix India
P0tNmXZZDxQ,"Karishma Tanna & @Zakirkhan Discuss Tv, Being Gujju & More"
P0tNmXZZDxQ,Scoop
P0tNmXZZDxQ,Netflix India
KVrgh53ba6w,Karishma Tannas Hospital Visit
KVrgh53ba6w,Scoop
KVrgh53ba6w,Netflix India
81xQJEIjKi0,The Witcher: Season 3
81xQJEIjKi0,Official Trailer
81xQJEIjKi0,Netflix India
l0v-udbEM7o,Life Changing Phone Call For Jagruti Pathak
l0v-udbEM7o,Scoop
l0v-udbEM7o,Karishma Tanna
l0v-udbEM7o,Netflix India
91XJalHC0J4,Delete
91XJalHC0J4,Official Trailer
91XJalHC0J4,Netflix India
UZR3DEma3IM,Can Tamannaah Sing?
UZR3DEma3IM,Vijay Varma
UZR3DEma3IM,Lust Stories 2
UZR3DEma3IM,Netflix India
fqnxFTn4WTA,Aditya Roy Kapur & Mrunal Thakur Play Jenga Truth Or Dare!
fqnxFTn4WTA,Gumraah
fqnxFTn4WTA,Netflix India
qmEiwk_eTXg,Aditya Roy Kapur Is His Own Biggest Enemy!
qmEiwk_eTXg,Gumraah
qmEiwk_eTXg,Now Streaming
qmEiwk_eTXg,Netflix India
2tDPigRqjD0,Breaking News: Scoop Is Taking Over
2tDPigRqjD0,"Hansal Mehta, Karishma Tanna"
2tDPigRqjD0,Netflix India
izTngUteYvs,Aditya Roy Kapur & Mrunal Thakur Go Undercover
izTngUteYvs,Gumraah
izTngUteYvs,Netflix India
4aanxonXWiM,Lust Stories 2
4aanxonXWiM,Official Teaser
4aanxonXWiM,Netflix India
qX26rjHTGAw,Bird Box Barcelona
qX26rjHTGAw,Official Teaser
qX26rjHTGAw,Netflix India
m-KJySTf3qM,Family Hai To Sab Theek Hai
m-KJySTf3qM,Scoop
m-KJySTf3qM,"Hansal Mehta, Karishma Tanna"
m-KJySTf3qM,Netflix India
qIzo5yFOl9s,Arnold Schwarzenegger Gives Action Tips To Chris Hemsworth
qIzo5yFOl9s,Netflix India
ei2OBsBd6VE,Scoop From Scoop
ei2OBsBd6VE,"Karishma Tanna, Zeeshan Ayyub, Harman Baweja"
ei2OBsBd6VE,Netflix India
lNzZqCb4ero,Gumraah
lNzZqCb4ero,Official Trailer
lNzZqCb4ero,"Aditya Roy Kapur, Mrunal Thakur"
lNzZqCb4ero,Netflix India
_MNlYyB51yg,"How To Stop A Marriage Ft. Hrithik, Farhan, & Abhay"
_MNlYyB51yg,Zindagi Na Milegi Dobara
DOhZXeMKk1A,Ranbir Kapoor & Priyanka Chopra Go On A Long Drive
DOhZXeMKk1A,Barfi
DOhZXeMKk1A,Netflix India
hGq28_DzVEs,Never Have I Ever Taken Revenge!
hGq28_DzVEs,Horror Trailer
hGq28_DzVEs,Netflix India
IcsjRBf8QgI,The Story Behind Scoop
IcsjRBf8QgI,Decode With @Dhruvrathee
IcsjRBf8QgI,Netflix India
hotIDLKB9n8,Scoop
hotIDLKB9n8,Now Streaming
hotIDLKB9n8,"Hansal Mehta, Karishma Tanna, Harman Baweja"
hotIDLKB9n8,Netflix India
jkPXivPRtRY,Tudum: Live From Brazil
jkPXivPRtRY,18 June
jkPXivPRtRY,Official Event Trailer
jkPXivPRtRY,Netflix
q2SqGGAkJYg,The Cursed Village
q2SqGGAkJYg,Virupaksha
q2SqGGAkJYg,Netflix India
h4LxfVwTAWc,Wednesday'S Deadliest Fight Scene
h4LxfVwTAWc,Jenna Ortega
h4LxfVwTAWc,Netflix India
YVv4ay7c27Q,Everything We Learnt From Yeh Jawaani Hai Deewani
YVv4ay7c27Q,"Ranbir Kapoor, Deepika Padukone"
Q3jqSh-xptU,When Your Bestfriend Betrays You
Q3jqSh-xptU,"Sidharth Malhotra, Alia Bhatt And Varun Dhawan"
Q3jqSh-xptU,Soty
p-L0XTflRQ0,Was Jagruti'S Ambition The Cause For Her Downfall?
p-L0XTflRQ0,Scoop
p-L0XTflRQ0,"Hansal Mehta, Karishma Tanna"
Wi54zci9zfw,Amar Singh Chamkila
Wi54zci9zfw,"Diljit Dosanjh, Imtiaz Ali, A.R. Rahman, Parineeti Chopra"
Wi54zci9zfw,Netflix India
3fJJyawyS04,Aamir Khan'S Message For Students
3fJJyawyS04,Taare Zameen Par
3fJJyawyS04,Netflix India
S4tIE7-jySY,Shah Rukh Khan In And As Mohabbat Man: Pyaar Ka Maseeha
S4tIE7-jySY,Netflix India
pb9XrjnF_xc,When You Can'T Forget Your First Love
pb9XrjnF_xc,Priyanka Chopra & Farhan Akhtar
pb9XrjnF_xc,Dil Dhadakne Do
Um5k8z7qhKQ,Sanya Malhotras Boyfriend Would Do Anything For Her
Um5k8z7qhKQ,Anant Joshi
Um5k8z7qhKQ,Kathal
Um5k8z7qhKQ,Netflix India
LKPzRyW1uao,Arnold Schwarzenegger Always Saves His Daughter!
LKPzRyW1uao,Fubar Hindi
LKPzRyW1uao,Netflix India
d_hVTiijxgQ,Kisses That Made Our Hearts Flutter
d_hVTiijxgQ,Netflix India
aUlkbdiCsck,Rani Mukerji Pleads For Her Children
aUlkbdiCsck,Mrs. Chatterjee Vs Norway
aUlkbdiCsck,Netflix India
Q4_C6HJgWMw,Evil Dead'S Posession Scene
Q4_C6HJgWMw,Netflix India
V4naDX306kk,Arnold Schwarzenegger'S First Ever Series!
V4naDX306kk,Fubar
V4naDX306kk,Now Streaming
V4naDX306kk,Netflix India
QG_JVx0JX0I,Ranbir Kapoor'S Tamasha For His Horrible Boss
QG_JVx0JX0I,Netflix India
ve1BBdqkbss,@Tanmaybhat Reacts: Scoop Trailer Ft. Pratik Gandhi
ve1BBdqkbss,Netflix India
k4-dgimr47c,Arnold Schwarzenegger Is Bringing The Action To Netflix
k4-dgimr47c,"Extraction 2, Heart Of Stone & More"
MmMu26joBF4,Was Jagruti A Scapegoat?
MmMu26joBF4,Scoop
MmMu26joBF4,"Hansal Mehta, Karishma Tanna, Harman Baweja"
PFAF6iPbOiE,The Most Hilarious Cctv Footage Ever
PFAF6iPbOiE,"Sanya Malhotra, Vijay Raaz"
PFAF6iPbOiE,Netflix India
rTdLfA0rVB0,The 9 Most Mind Blowing Rrr Facts
rTdLfA0rVB0,Netflix India
rHwpbzq4NQo,Networking Or Flirting? Farhan Akhtar Can Do Both!
rHwpbzq4NQo,Luck By Chance
rHwpbzq4NQo,Netflix India
3IxJr2rj1Gk,Is This The Ultimate Betrayal?
3IxJr2rj1Gk,Scoop
3IxJr2rj1Gk,"Hansal Mehta, Karishma Tanna, Prosenjit Chatterjee"
YVq0L_I9tIk,Shahid Kapoor Recites Shakespeare In A Graveyard
YVq0L_I9tIk,Haider
YVq0L_I9tIk,Netflix India
EMHCd0Hkno0,How To Cut A Kathal? Ft. Sanya Malhotra
EMHCd0Hkno0,Kathal
EMHCd0Hkno0,Netflix India
mcvodTyUGN8,Rajpal Yadav Gives His Recipe For Comedy!
mcvodTyUGN8,Kathal
mcvodTyUGN8,Menu Please
mcvodTyUGN8,"Sanya Malhotra, Tenzing Wang"
R05pi2fZEJ0,Geralt'S Greatest Fight Scene Ft. Henry Cavill
R05pi2fZEJ0,The Witcher Hindi Scene
R05pi2fZEJ0,Netflix India
UcOpgGt06FE,Virupaksha Official Trailer
UcOpgGt06FE,"Sai Dharam Tej, Samyuktha"
UcOpgGt06FE,Netflix India
yIg9pqLnJo4,They Never Saw It Coming
yIg9pqLnJo4,Netflix India
XZOr7Iv6VHQ,The Kathal Heist That Shook The Nation
XZOr7Iv6VHQ,"Sanya Malhotra, Vijay Raaz"
XZOr7Iv6VHQ,Kathal
XZOr7Iv6VHQ,Netflix India
FxcoShDvTjA,Kang Yoo-Seok Fights For His Life
FxcoShDvTjA,Black Knight
FxcoShDvTjA,Netflix India
HWWUmUp9Prw,Tom Holland Says Goodbye To Zendaya
HWWUmUp9Prw,Netflix India
4Q561Ji2miM,The Legendary One-Take From Extraction
4Q561Ji2miM,Chris Hemsworth
4Q561Ji2miM,Netflix India
OdW8OZXlOyE,Kathal
OdW8OZXlOyE,Now Streaming
OdW8OZXlOyE,"Sanya Malhotra, Rajpal Yadav, Vijay Raaz"
OdW8OZXlOyE,Netflix India
h3LLNKAnzgU,What If Zindagi Na Milegi Dobara Was An Action Film?
h3LLNKAnzgU,Trailer
h3LLNKAnzgU,Netflix India
rUaZDBU9f4s,Rani Mukerji On A Mission
rUaZDBU9f4s,Mrs. Chatterjee Vs Norway
rUaZDBU9f4s,Netflix India
bm0vfvs4qY0,Dasara (Hindi)
bm0vfvs4qY0,Official Trailer
bm0vfvs4qY0,"Nani, Keerthy Suresh"
bm0vfvs4qY0,Netflix India
UbKuuQ1R1GU,The Making Of Trial By Fire
UbKuuQ1R1GU,Abhay Deol
UbKuuQ1R1GU,Netflix India
_f3wKup0zkQ,Extraction 2
_f3wKup0zkQ,Official Telugu Trailer
_f3wKup0zkQ,Netflix India
7ZPfcWx-NSQ,Extraction 2
7ZPfcWx-NSQ,Official Tamil Trailer
7ZPfcWx-NSQ,Netflix India
iWx_o5Iatpw,Extraction 2
iWx_o5Iatpw,Official Hindi Trailer
iWx_o5Iatpw,Netflix India
LaI__Ikw4bU,Extraction 2
LaI__Ikw4bU,Official Trailer
LaI__Ikw4bU,Netflix India
J-29KeRO_mo,Sanya Malhotra Scans For Fake News!
J-29KeRO_mo,Kathal
J-29KeRO_mo,Netflix India
nSwfXWbrTQM,Awkward Interview With Ranbir Kapoor & @Aishmrj
nSwfXWbrTQM,Tu Jhoothi Main Makkaar
mmnQzRP-NZ4,Scoop
mmnQzRP-NZ4,Official Trailer
mmnQzRP-NZ4,"Hansal Mehta, Karishma Tanna, Prosenjit Chatterjee, Harman Baweja"
9l1VA_AHHso,When Reporter Meets Inspector
9l1VA_AHHso,"Sanya Malhotra, Rajpal Yadav"
9l1VA_AHHso,Kathal
9l1VA_AHHso,Netflix India
2Xhz54FJZmc,Rani Mukerji On Her Early Roles & Playing A Mother
2Xhz54FJZmc,Mrs. Chatterjee Vs Norway
2Xhz54FJZmc,Netflix India
NBd_6H8Hq90,These Bollywood Moms Are Absolute Savage
NBd_6H8Hq90,Netflix India
IdX-tjhPSEg,Kartik Aaryan & Kriti Sanon Are The Perfect Couple
IdX-tjhPSEg,Luka Chuppi
IdX-tjhPSEg,Netflix India
hdvXhTHCvqU,Bhaskar Rao Bhave - The Zamindar Of Nargund
hdvXhTHCvqU,Azadi Ki Amrit Kahaniyan
GaG88xge7w0,Rani Mukerjis Most Powerful Scene
GaG88xge7w0,Mrs. Chatterjee Vs Norway
GaG88xge7w0,Netflix India
IK1L6HuiO1o,We Found The Strongest Superhero In The World
IK1L6HuiO1o,Rani Mukerji
IK1L6HuiO1o,Mrs. Chatterjee Vs Norway
9mSOIWHNqQI,Alia Bhatt Takes Varun Dhawan'S Class
9mSOIWHNqQI,Badrinath Ki Dulhaniya
9mSOIWHNqQI,Netflix India
1Bll53fBa9U,Mrs. Chatterjee Vs Norway
1Bll53fBa9U,Official Trailer
1Bll53fBa9U,Rani Mukerji
1Bll53fBa9U,Netflix India
GFFYIT0bJl0,Maniram Dewan And Piyali Baruah - The Rebellious Duo
GFFYIT0bJl0,Azadi Ki Amrit Kahaniyan
AzKS48uZW5c,Alia Bhatt'S Most Badass Moments
AzKS48uZW5c,"Gangubai Kathiawadi, Darlings & More"
AzKS48uZW5c,Netflix India
laRU08JhXyQ,Scoop
laRU08JhXyQ,Date Announcement
laRU08JhXyQ,"Hansal Mehta, Karishma Tanna, Zeeshan Ayyub, Prosenjit Chatterjee"
nDTN_6TVqO4,Arnold
nDTN_6TVqO4,Official Trailer
nDTN_6TVqO4,Netflix India
qjW47hWP_M4,@Anubhavsinghbassi Being Every Best Friend Ever
qjW47hWP_M4,Tu Jhoothi Main Makkaar
qjW47hWP_M4,Netflix India
3w1byrEkaVU,Sanya Malhotra Reacts To Trailer Comments
3w1byrEkaVU,Kathal
3w1byrEkaVU,Netflix India
SxoYOhoIrNE,The Elephant Whisperers
SxoYOhoIrNE,"Bellie, Bomman And Their Son Raghu"
SxoYOhoIrNE,Oscar-Winning Documentary
ZgDowKiY5Pc,The Cutest Proposal Scene Ft. Dhanush & Shruti Haasan
ZgDowKiY5Pc,3
ZgDowKiY5Pc,Netflix India
afNKt5YZ4SM,Shraddha Kapoor Takes A Lie Detector Test!
afNKt5YZ4SM,Tu Jhoothi Main Makkaar
afNKt5YZ4SM,Netflix India
qal4SrlWhOc,Tokyo'S Final Moments
qal4SrlWhOc,Behind The Scenes
qal4SrlWhOc,Money Heist: From Tokyo To Berlin
qal4SrlWhOc,Netflix India
PrppRF_s3ow,Shah Rukh Khan Cameos That Changed These Films
PrppRF_s3ow,"Ae Dil Hai Mushkil, Laal Singh Chaddha & More"
hPTOMRvIPPY,Ranbir Kapoor & Anushka Sharma On A Double Date
hPTOMRvIPPY,Ae Dil Hai Mushkil
hPTOMRvIPPY,Netflix India
OP2IgkuBOgI,Kartik Aaryan'S Cameo In Tu Jhoothi Main Makkaar
OP2IgkuBOgI,"Ranbir Kapoor, Shraddha Kapoor"
OP2IgkuBOgI,Netflix India
e27juJxYuhY,Tanmay Bhat Reacts To Indian Matchmaking Season 3
e27juJxYuhY,Rohan Joshi & Prashasti Singh
e27juJxYuhY,Netflix India
Cma2rdP_3gw,Netflix Hitlist For May
Cma2rdP_3gw,New On Netflix
Cma2rdP_3gw,Netflix India
4jPBpasE2Bs,Wednesday Gets Mismatched?!
4jPBpasE2Bs,A Crossover Event
4jPBpasE2Bs,Netflix India
tWsueAPa_4Y,Shraddha Kapoor'S Big Announcement
tWsueAPa_4Y,Tu Jhoothi Main Makkaar
tWsueAPa_4Y,Netflix India
JSL3Tg8Dp2s,@Thugesh & @Kullubaazi React To Kathal Trailer With A Teekha Twist
JSL3Tg8Dp2s,Netflix India
rPqleqxgCQA,Nani Finishes Off In Style!
rPqleqxgCQA,Dasara
rPqleqxgCQA,Netflix India
xMjQResh-FU,Kartik Aaryan & Kriti Sanon'S Best Moments
xMjQResh-FU,"Shehzada, Luka Chuppi"
xMjQResh-FU,Netflix India
Wkqp8bs3Bro,Kathal
Wkqp8bs3Bro,Official Trailer
Wkqp8bs3Bro,"Sanya Malhotra, Rajpal Yadav, Vijay Raaz"
Wkqp8bs3Bro,Netflix India
wy8gJn7FkYA,Ranbir Kapoor'S Blockbuster Entry Scene
wy8gJn7FkYA,Tu Jhoothi Main Makkaar
wy8gJn7FkYA,Netflix India
QeRygvxUAMA,Begum Hazrat Mahel - The Pride Of Awadh
QeRygvxUAMA,Azadi Ki Amrit Kahaniyan
p3KveI1AA4M,Yogi Babu Being Hilarious For 5 Minutes Straight
p3KveI1AA4M,"Mersal, Sarkar & More"
p3KveI1AA4M,Netflix India
LM3ewLb_FQE,Ranbir Kapoor Has A Special Announcement
LM3ewLb_FQE,Shraddha Kapoor
LM3ewLb_FQE,Tu Jhoothi Main Makkaar
LM3ewLb_FQE,Netflix India
b5ovmRIZyDw,Mangal Pandey - The Braveheart Of India
b5ovmRIZyDw,Azadi Ki Amrit Kahaniyan
jaKlIex1xxg,Lucky Escape From The Police
jaKlIex1xxg,Dasara Funny Scene
jaKlIex1xxg,Netflix India
JzGGF4JPFIQ,Tu Jhoothi Main Makkaar
JzGGF4JPFIQ,Official Trailer
JzGGF4JPFIQ,"Ranbir Kapoor, Shraddha Kapoor"
JzGGF4JPFIQ,Netflix India
qD19n7oQgW8,Where Have We Seen Them Before?
qD19n7oQgW8,"Nawazuddin Siddiqui, Sikandar Kher, & More!"
ZN9gPmW1jbQ,Nani Mass Action Scene
ZN9gPmW1jbQ,Shyam Singha Roy
ZN9gPmW1jbQ,Netflix India
Ur37_0zLXjg,When You Just Had A Heartbreak!
Ur37_0zLXjg,"Ranbir Kapoor, Aishwarya Rai Bachchan"
Ur37_0zLXjg,Ae Dil Hai Mushkil
HMIN-iSyn0c,Will You Give An Audition For Marriage?
HMIN-iSyn0c,"Alia Bhatt, Varun Dhawan"
HMIN-iSyn0c,Badrinath Ki Dulhania
GsBEQZVBTGs,Let'S Sing And Dance!
GsBEQZVBTGs,Cocomelon
GsBEQZVBTGs,Netflix India
sM5HS86xUmo,When You'Re Trapped With Your Ex
sM5HS86xUmo,"Ft. Sakshi, Pratham And Sahib"
sM5HS86xUmo,In Real Love
WXBpfw3n3PM,Can You Win The Ultimate Money Heist Quiz?
WXBpfw3n3PM,Netflix India
fFhR5FkOkZE,What Happens When You Ask Out Your Crush?
fFhR5FkOkZE,Tooth Pari: When Love Bites
fFhR5FkOkZE,Netflix India
WZAnm7jGkHQ,What Happens When Online Relationships Go Irl!?
WZAnm7jGkHQ,Irl: In Real Love
WZAnm7jGkHQ,Netflix India
WcOf-pvKGn0,Nani'S Incredible Entry Scene
WcOf-pvKGn0,Dasara
WcOf-pvKGn0,Now Streaming
WcOf-pvKGn0,Netflix India
6kX18aPivG8,Sima Taparia Roasts Everyone On Season 3 Of Indian Matchmaking!
6kX18aPivG8,Netflix India
4Z-CTvIZkJQ,Tanya Maniktala And Shantanu Maheshwari Get Romantic
4Z-CTvIZkJQ,Tooth Pari: When Love Bites
4Z-CTvIZkJQ,Netflix India
qm7zyCRGttc,Black Knight
qm7zyCRGttc,Official Trailer
qm7zyCRGttc,Netflix India
kt5iia2_e8Q,A Twisted Truth Or Dare! Ft. @Shibani_Bedi
kt5iia2_e8Q,Tooth Pari: When Love Bites
kt5iia2_e8Q,Netflix India
TAB5ET8NHlQ,The Witcher: Season 3
TAB5ET8NHlQ,Official Hindi Teaser
TAB5ET8NHlQ,Henry Cavill
TAB5ET8NHlQ,Netflix India
OaQ6HGvf8z4,The Witcher: Season 3
OaQ6HGvf8z4,Official Teaser
OaQ6HGvf8z4,Henry Cavill
OaQ6HGvf8z4,Netflix India
h6EwNePf7QA,Which Team Are You Supporting?
h6EwNePf7QA,"Lagaan, '83, Jersey, And More"
h6EwNePf7QA,Netflix India
1M3XXSSP6DU,Heartstopper: Season 2
1M3XXSSP6DU,Date Announcement
1M3XXSSP6DU,Netflix India
vj4Qy5wdypg,Shantanu Maheshwaris Most Awkward Date
vj4Qy5wdypg,Tanya Maniktala
vj4Qy5wdypg,Tooth Pari: When Love Bites
D8MAFlbi-bc,Will Bandya Fight Sheetal?
D8MAFlbi-bc,Chup Chup Ke Funny Scene
D8MAFlbi-bc,"Rajpal Yadav, Shahid Kapoor, Paresh Rawal"
PK-cjMcllKo,Ranbir Kapoor Throws The Sweetest Birthday Party Ever
PK-cjMcllKo,Wake Up Sid
PK-cjMcllKo,Konkona Sen Sharma
mrV8pKaXVII,This Is The Best Chole Bhature In Delhi
mrV8pKaXVII,Street Food: Asia
mrV8pKaXVII,Netflix India
eyAPRJ4Kcrg,That Time Dwayne Johnson Saved Kevin Hart'S Life
eyAPRJ4Kcrg,Jumanji: Welcome To The Jungle
eyAPRJ4Kcrg,Netflix India
EoM9zU7xpK8,The Universe Of S.S. Rajamouli
EoM9zU7xpK8,"Baahubali, Rrr, Eega"
EoM9zU7xpK8,Netflix India
GkSRvTqAAgM,Tanya Maniktala & Shantanu Maheshwari'S Classic Kolkata Puchka Date
GkSRvTqAAgM,Tooth Pari: When Love Bites
ytEP7D-e4e4,Priyanka Chopra Savagely Roasts Nick Jonas
ytEP7D-e4e4,Jonas Brothers Family Roast
ytEP7D-e4e4,Netflix India
aMe8ZT9aNiY,Kartik Aaryan Gives The Best Monologues
aMe8ZT9aNiY,Shehzada
aMe8ZT9aNiY,Netflix India
y-48dnxAKK0,Dasara
y-48dnxAKK0,Tamil Trailer
y-48dnxAKK0,"Nani, Keerthy Suresh"
y-48dnxAKK0,Netflix India
mgVNKIUuVQY,Dasara
mgVNKIUuVQY,Official Trailer
mgVNKIUuVQY,"Nani, Keerthy Suresh"
mgVNKIUuVQY,Netflix India
RjaLnD9IQ3A,The First Kiss
RjaLnD9IQ3A,Tooth Pari: When Love Bites
RjaLnD9IQ3A,Now Streaming
RjaLnD9IQ3A,"Tanya Maniktala, Shantanu Maheshwari"
ZEzWC5awflA,They Found Their Soulmates On This Reality Show!
ZEzWC5awflA,Irl: In Real Love
7zazrSoDu1E,Rana Naidu Season 2
7zazrSoDu1E,Announcement
7zazrSoDu1E,"Rana Daggubati, Venkatesh Daggubati"
7zazrSoDu1E,Netflix India
ItnfuDxGEIo,All The Light We Cannot See
ItnfuDxGEIo,
ItnfuDxGEIo,Official Hindi Teaser
ItnfuDxGEIo,Netflix India
4UKoWRPnVD0,Sachin Tendulkar Talks About Playing Gully Cricket
4UKoWRPnVD0,Netflix India
oTKSutHH4uc,They Will Regret Messing With Kartik Aaryan
oTKSutHH4uc,Shehzada
oTKSutHH4uc,Netflix India
6YkpnMSMPYg,Sweet Tooth 2
6YkpnMSMPYg,Official Hindi Trailer
6YkpnMSMPYg,Netflix India
sEJa8iEjnNQ,Stranger Things Cast React To Their First Auditions
sEJa8iEjnNQ,"Millie, Noah, Finn & More"
xHdP5uGeJuA,Kartik Aaryan Vs. Kriti Sanon: Who Has The Best Pickup Lines?
xHdP5uGeJuA,Shehzada
xHdP5uGeJuA,Netflix India
M6eIjdzlD3M,Rahul Vaidya And Disha Parmar React To Irl
M6eIjdzlD3M,In Real Love
M6eIjdzlD3M,Netflix India
NVxrt-6Jkvc,What To Watch This April
NVxrt-6Jkvc,New On Netflix
NVxrt-6Jkvc,Netflix For All
Q8Me56RVBnI,Is Fighting Kartik Aaryan Illegal?!
Q8Me56RVBnI,Kriti Sanon
Q8Me56RVBnI,Shehzada
Q8Me56RVBnI,Netflix India
Obmvd4KkzkY,When Road Rage Gets Out Of Hand
Obmvd4KkzkY,Beef Scene
Obmvd4KkzkY,Netflix India
jWlD2zwS1y4,Kartik Aaryan Surprises His Biggest Fans
jWlD2zwS1y4,Shehzada
jWlD2zwS1y4,Netflix India
ITEAFbreRxs,Tanya Maniktala Gets Interrogated By Sikandar Kher
ITEAFbreRxs,Tooth Pari: When Love Bites
ITEAFbreRxs,Netflix India
gn2MfGg6PPo,Most Wtf Moments From Irl - In Real Love
gn2MfGg6PPo,Netflix India
Or8WciMIhYc,"Tamil New Year 2023 Sirappu Pattimandram Ft. Raja, Bharathy Bhaskar, Mohanasundaram"
Or8WciMIhYc,Netflix India
vDXway71MNg,Never Have I Ever - Final Season
vDXway71MNg,Date Announcement
vDXway71MNg,Netflix India
jd01Wqd3yNY,Shehzada
jd01Wqd3yNY,Official Trailer
jd01Wqd3yNY,Kartik Aaryan
jd01Wqd3yNY,Kriti Sanon
jd01Wqd3yNY,Netflix India
D9RweIJeKsk,Tanmay Bhat Reacts To In Real Love Ft. @Shreejachaturvedi & @Siddharthdudeja
D9RweIJeKsk,Netflix India
74LFtUSsT0k,Cutest Moments
74LFtUSsT0k,Irl- In Real Love
74LFtUSsT0k,Now Streaming
74LFtUSsT0k,Netflix India
3TUC3dJhSys,Tanya Maniktala Visits Shantanu Maheshwaris Clinic
3TUC3dJhSys,Tooth Pari: When Love Bites
3TUC3dJhSys,Netflix India
S3KLLyrXQQA,Pyaar Ka Vaar
S3KLLyrXQQA,Irl: In Real Love
S3KLLyrXQQA,Netflix India
D0bGnIGPTSw,Tooth Pari: When Love Bites
D0bGnIGPTSw,Official Trailer
D0bGnIGPTSw,"Shantanu Maheshwari, Tanya Maniktala"
GbfexIVygoU,Netflix Hitlist For April
GbfexIVygoU,New On Netflix
GbfexIVygoU,Netflix India
eN3oXFmLObM,Meet Mauli Sarjerao Deshmukh
eN3oXFmLObM,Riteish Deshmukh
eN3oXFmLObM,Maulis Best Dialogue
eN3oXFmLObM,Netflix India
O9OoAog_8Xw,Chiragg Is The Perfect Boyfriend!
O9OoAog_8Xw,Irl - In Real Love
O9OoAog_8Xw,Netflix India
iCvu6JBTcQs,Car Conversations Hit Different
iCvu6JBTcQs,Irl- In Real Love
iCvu6JBTcQs,Netflix India
y4Zp8jcwT0M,Every Spider-Man Entry In Spider-Man: Into The Spider-Verse
y4Zp8jcwT0M,Netflix India
p6liXGShOzw,Jennifer Aniston & Adam Sandler Attend An Indian Wedding
p6liXGShOzw,Murder Mystery 2
p6liXGShOzw,Netflix India
Y5anQksSCJU,How To Avoid Break-Ups
Y5anQksSCJU,Irl - In Real Love
Y5anQksSCJU,Now Streaming
Y5anQksSCJU,Netflix India
nn4lo-4kblU,All The Dopplegangers Meet!
nn4lo-4kblU,Nandamuri Kalyan Ram
nn4lo-4kblU,Amigos
nn4lo-4kblU,Netflix India
JGtoqmAezi0,Indian Matchmaking: Season 3
JGtoqmAezi0,Official Trailer
JGtoqmAezi0,Netflix India
og1z2wb4UVk,What Is Love? Vicky Kaushal Answers!
og1z2wb4UVk,Almost Pyaar With Dj Mohabbat
og1z2wb4UVk,Netflix India
n7bEQz15-MA,Irl - In Real Love
n7bEQz15-MA,Now Streaming
n7bEQz15-MA,"Gauahar Khan, Rannvijay Singha"
n7bEQz15-MA,Netflix India
FsVstXtZaOk,Chris Hemsworth Reacts To The Extraction 2 Teaser
FsVstXtZaOk,Netflix India
8ahDHmFXoVI,Meet The Cuties Of Irl
8ahDHmFXoVI,In Real Love
8ahDHmFXoVI,Netflix India
vG_7XVnjSf8,Mismatched: Pichle Janam Mein
vG_7XVnjSf8,A Thriller Trailer
vG_7XVnjSf8,"@Mostlysane, Rohit Saraf"
vG_7XVnjSf8,Netflix India
6vxigcWl5-Q,Why Did Rannvijay Refuse To Host Raghu & Rajivs New Show?
6vxigcWl5-Q,In Real Love
6vxigcWl5-Q,Netflix India
7_UrmbOVEig,Extraction 2
7_UrmbOVEig,Official Telugu Teaser Trailer
7_UrmbOVEig,Netflix India
9EEmDlYjRMs,Extraction 2
9EEmDlYjRMs,Official Tamil Teaser Trailer
9EEmDlYjRMs,Netflix India
MPMMkFkyrUs,Extraction 2
MPMMkFkyrUs,Official Hindi Teaser Trailer
MPMMkFkyrUs,Netflix India
_ajQow29I7U,Extraction 2
_ajQow29I7U,Official Teaser Trailer
_ajQow29I7U,Netflix India
XokbU3onqeo,Sunny Kaushal Gets Blackmailed
XokbU3onqeo,Yami Gautam
XokbU3onqeo,Chor Nikal Ke Bhaga
XokbU3onqeo,Netflix India
GgQCluxK2G4,Help! The Killer Is Coming
GgQCluxK2G4,The Night Agent Hindi Scene
GgQCluxK2G4,Netflix India
MqXMlKWghBY,Behind The Scenes Of Chor Nikal Ke Bhaga
MqXMlKWghBY,"Yami Gautam, Sunny Kaushal"
MqXMlKWghBY,Netflix India
oXtZYdnRtxk,Meet Cute: A Dating App Like None Other!
oXtZYdnRtxk,Irl - In Real Love
oXtZYdnRtxk,Netflix India
xNkYMwDRYZA,Faraaz
xNkYMwDRYZA,Official Trailer
xNkYMwDRYZA,"Zahan Kapoor, Aditya Rawal, Juhi Babbar"
xNkYMwDRYZA,Netflix India
Rc5kjAz52SU,Sunny & Yami Go Dancing
Rc5kjAz52SU,Chor Nikal Ke Bhaga
Rc5kjAz52SU,Netflix India
CRdDegCYxJM,Almost Pyaar With Dj Mohabbat
CRdDegCYxJM,Official Trailer
CRdDegCYxJM,"Alaya F, Karan Mehta & Vicky Kaushal"
hwxEjGn3pZ8,Love Is In The Air!
hwxEjGn3pZ8,Irl - In Real Love
hwxEjGn3pZ8,Netflix India
AuA4Gn7M5oE,Two Truths And A Lie
AuA4Gn7M5oE,Chor Nikal Ke Bhaga
AuA4Gn7M5oE,"Yami Gautam, Sunny Kaushal"
AuA4Gn7M5oE,Netflix India
XiWKun0nNws,Original Money Heist Or A Rip-Off?! Ft. @Notyourtype
XiWKun0nNws,Netflix India
LGlnVdl5Pik,Pavail Gulati Misses Neena Gupta
LGlnVdl5Pik,Goodbye Emotional Scene
LGlnVdl5Pik,Netflix India
FKKP-oyLqGI,Audition Tapes: Cricketers Of Lagaan
FKKP-oyLqGI,"Aamir Khan, Ashutosh Gowariker"
FKKP-oyLqGI,Madness In The Desert
YqwQVa9Y3X4,The Most Eligible Singles
YqwQVa9Y3X4,"Rannvijay Singha, Gauhar Khan"
YqwQVa9Y3X4,In Real Love
YqwQVa9Y3X4,April 6
YqwQVa9Y3X4,Netflix India
WLwOzWNv2UI,Pilot Reacts To Hijack Scene Ft. @Flyingbeast320
WLwOzWNv2UI,Chor Nikal Ke Bhaga
WLwOzWNv2UI,Netflix India
B6KSTX6V1c0,The Night Agent
B6KSTX6V1c0,Official Trailer
B6KSTX6V1c0,Now Streaming
B6KSTX6V1c0,Netflix India
tO75CMHRvpQ,Rana Daggubati Breaks Down
tO75CMHRvpQ,Rana Naidu
tO75CMHRvpQ,Netflix India
6JSc4zGKXLk,How To Be A Superstar?
6JSc4zGKXLk,"Gaurav Chopra, Rana Daggubati"
6JSc4zGKXLk,Rana Naidu
6JSc4zGKXLk,Netflix India
PJrnsLdx2xI,Getting Candid With Yami Gautam
PJrnsLdx2xI,Chor Nikal Ke Bhaga
PJrnsLdx2xI,Netflix India
P4Vbe0--5K0,Kunwar Singh - The Brave Heart Of Bihar
P4Vbe0--5K0,Azadi Ki Amrit Kahaniyan
Wop1W77M4Bc,Rani Laxmibai - A Symbol Of Strength And Resistance
Wop1W77M4Bc,Azadi Ki Amrit Kahaniyan
gGfuPYDbC5k,Tantiya Tope - The Rebel Leader Who Terrified Britishers
gGfuPYDbC5k,Azadi Ki Amrit Kahaniyan
2mMWaZoYbYk,Tanvi Jagadish- Riding Waves And Making History
2mMWaZoYbYk,Azadi Ki Amrit Kahaniyan
UBTK4Sv0JRA,Poonam Nautiyal - Vaccinating Citizens & Saving Lives
UBTK4Sv0JRA,Azadi Ki Amrit Kahaniyan
vgXwN8f03xk,Harshini Kanhekar - Breaking Stereotypes & Igniting Hope
vgXwN8f03xk,Azadi Ki Amrit Kahaniyan
NoyTYjTse7M,Basanti Devi - Protecting The Environment & Our Future
NoyTYjTse7M,Azadi Ki Amrit Kahaniyan
tD2DBsAySdU,Anshu Jamsenpa - Making Her Way Up In The World
tD2DBsAySdU,Azadi Ki Amrit Kahaniyan
PXskzy6hZXQ,Aarohi Pandit - A Quest For Freedom In The Sky
PXskzy6hZXQ,Azadi Ki Amrit Kahaniyan
lMvgpKNguP0,Rana Loves His Family
lMvgpKNguP0,Rana Naidu
lMvgpKNguP0,Netflix India
4HEj-vAlZ1Q,Irl - In Real Love
4HEj-vAlZ1Q,Official Trailer
4HEj-vAlZ1Q,"Rannvijay Singha, Gauahar Khan"
4HEj-vAlZ1Q,April 6
4HEj-vAlZ1Q,Netflix India
cG9zi0Kxw4c,Crickets Dark Secrets
cG9zi0Kxw4c,Caught Out: Crime. Corruption. Cricket
cG9zi0Kxw4c,Netflix India
1L81nCEpqH4,Pyaar Ka Experiment Ft. @Rannvijayofficial & Gauahar Khan
1L81nCEpqH4,In Real Love
1L81nCEpqH4,Netflix India
xxnC4XCvlJI,Getting Spicy With The Daggubatis
xxnC4XCvlJI,Rana Naidu
xxnC4XCvlJI,Rana Daggubati & Venkatesh Daggubati
KMTi1Xxl89c,Yami Gautam Has A Special Announcement
KMTi1Xxl89c,Chor Nikal Ke Bhaga
KMTi1Xxl89c,Netflix India
YL4ZQ12KY2k,You Wont Believe What Venky Mama Said!
YL4ZQ12KY2k,Rana Naidu
YL4ZQ12KY2k,Venkatesh Daggubati
YL4ZQ12KY2k,Netflix India
d_XcuGcYpss,Sunny Kaushal Has A Plan
d_XcuGcYpss,Chor Nikal Ke Bhaga
d_XcuGcYpss,Netflix India
ZINSfzinGdo,Dhanush Challenges Samuthirakani
ZINSfzinGdo,Vaathi
ZINSfzinGdo,Netflix India
JznZDt985Mc,@Crazyxyz Takes Up The Rana Naidu Challenge
JznZDt985Mc,100 Problems Solved In 24 Hours?
JznZDt985Mc,Netflix India
JfnaJj6OX2k,Sharad Kelkars Investigation
JfnaJj6OX2k,Chor Nikal Ke Bhaga
JfnaJj6OX2k,Netflix India
VANN_vGgzz8,Janiye Cover Ft. @Noorchahal_
VANN_vGgzz8,"Yami Gautam, Sunny Kaushal"
VANN_vGgzz8,Chor Nikal Ke Bhaga
VANN_vGgzz8,Netflix India
g--nd_gTh5o,Rana Daggubati & Surveen Chawla Are A Power Couple
g--nd_gTh5o,Rana Naidu
g--nd_gTh5o,Netflix India
cOQnb2YMEII,Rana Daggubati Cant Laugh?
cOQnb2YMEII,"Surveen Chawla, Priya Banerjee, Sushant Singh"
cOQnb2YMEII,Rana Naidu
VbyGyFwfHMw,Tooth Pari: When Love Bites
VbyGyFwfHMw,Tanya Maniktala
VbyGyFwfHMw,Shantanu Maheshwari
VbyGyFwfHMw,Netflix India
RnLgwXCPgY4,Not Your Regular Flight Announcement
RnLgwXCPgY4,"Yami Gautam, Sunny Kaushal"
RnLgwXCPgY4,Chor Nikal Ke Bhaga
LtkHxMvC3X4,Arjun Kapoor Threatens Tabu
LtkHxMvC3X4,Kuttey
LtkHxMvC3X4,Netflix India
BnLFs1ENYhg,Where It All Started For Rana
BnLFs1ENYhg,Rana Naidu
BnLFs1ENYhg,Netflix India
x8-GyWpRRB4,What Do Elephants Want?
x8-GyWpRRB4,The Elephant Whisperers
x8-GyWpRRB4,Oscar-Winning Documentary
x8-GyWpRRB4,Netflix India
gj8pFchESns,The Best Trio To Fix Any Problem
gj8pFchESns,Rana Naidu
gj8pFchESns,Netflix India
BhPZ80oC5xo,Dhanush Stands Up For His Students
BhPZ80oC5xo,Vaathi
BhPZ80oC5xo,Netflix India
oTI7SVOWIQI,The Glory Part 2
oTI7SVOWIQI,Official Trailer
oTI7SVOWIQI,Netflix India
H1YR5rsScC8,Janiye
H1YR5rsScC8,Music Video
H1YR5rsScC8,Chor Nikal Ke Bhaga
H1YR5rsScC8,"Vishal Mishra, Rashmeet Kaur"
H1YR5rsScC8,Netflix India
Ge-M-B8v2Ys,The Naidu Brothers Celebrate Nitya'S Birthday
Ge-M-B8v2Ys,Rana Naidu
Ge-M-B8v2Ys,Netflix India
x0U81-o8-1I,The Beginning Of A Scandal
x0U81-o8-1I,Caught Out: Crime. Corruption. Cricket
x0U81-o8-1I,Netflix India
VBdM_KfhW4k,Baap Aa Gaya
VBdM_KfhW4k,King
VBdM_KfhW4k,@Karankanchanyt
VBdM_KfhW4k,@Rollrida
VBdM_KfhW4k,Official Music Video
VBdM_KfhW4k,Rana Naidu
yGnxbwfDFr4,Kuttey
yGnxbwfDFr4,Official Trailer
yGnxbwfDFr4,"Arjun, Tabu, Konkona, Radhika & More"
2tbVKoJ6dMQ,Script Reading Gone Wrong!
2tbVKoJ6dMQ,"Yami Gautam, Sunny Kaushal"
2tbVKoJ6dMQ,Chor Nikal Ke Bhaga
2tbVKoJ6dMQ,Netflix India
35PhUyywOgc,Yo Yo Honey Singh
35PhUyywOgc,Official Announcement
35PhUyywOgc,Coming Soon
35PhUyywOgc,Netflix India
35PhUyywOgc,@Yoyohoneysingh
BVXLIpxzoo0,Ashish Vidyarthi As Surya
BVXLIpxzoo0,Rana Naidu
BVXLIpxzoo0,Netflix India
dhhdDElbxUQ,Your Favourite Shows Are Back!
dhhdDElbxUQ,Season 3 Announcement
dhhdDElbxUQ,"Kota Factory, Mismatched & More!"
oCJiDfs9hKw,Sir
oCJiDfs9hKw,Official Trailer
oCJiDfs9hKw,"Dhanush, Samyuktha Menon"
oCJiDfs9hKw,Netflix India
ahK67chVTgA,Vaathi
ahK67chVTgA,Official Trailer
ahK67chVTgA,"Dhanush, Samyuktha Menon"
ahK67chVTgA,Netflix India
-8t6vmKYfJE,Class In An Alternate Universe
-8t6vmKYfJE,Ft. @Vishnukaushal & @Govind.Kaushal
-8t6vmKYfJE,Netflix India
LmXVcttdMAI,Wednesday Vs Hrithik : Who Has Crazier Dance Moves?
LmXVcttdMAI,"Jenna Ortega, Hrithik Roshan"
LmXVcttdMAI,Netflix India
mux8fFtS_oI,Venkatesh And Rana Daggubati Get Emotional
mux8fFtS_oI,Rana Naidu
mux8fFtS_oI,Netflix India
ubP7tgmdXTs,Venkatesh Daggubati Will Do Anything For His Family
ubP7tgmdXTs,Rana Naidu
ubP7tgmdXTs,Netflix India
Vmlk76cBi1Y,Brahmanandam'S Oscar Naidu Leaked Audition
Vmlk76cBi1Y,Rana Naidu
Vmlk76cBi1Y,Netflix India
tsniy3mbzfg,Venkatesh Daggubati Is Back!
tsniy3mbzfg,Rana Daggubati
tsniy3mbzfg,Rana Naidu
tsniy3mbzfg,Netflix India
Wp6xoS7TJtE,Awkward Interview Fixed With @Aishmrj And Rana Daggubati
Wp6xoS7TJtE,Rana Naidu
Wp6xoS7TJtE,Netflix India
a8c05ytH0MI,Unfiltered With The Real Life Romantics Ft. @Unfilteredbysamdish
a8c05ytH0MI,The Romantics
a8c05ytH0MI,Netflix India
IBoluGzBXDQ,Behind The Scenes
IBoluGzBXDQ,Class
IBoluGzBXDQ,Netflix India
gLj4gds9170,Rana Daggubati Spends Some Family Time
gLj4gds9170,Rana Naidu
gLj4gds9170,Netflix India
FWAwJm95Yb4,Rana Can Fix Anything
FWAwJm95Yb4,Rana Daggubati
FWAwJm95Yb4,Rana Naidu
FWAwJm95Yb4,Netflix India
ZT2P__EQqUE,Caught Out: Crime. Corruption. Cricket
ZT2P__EQqUE,Official Trailer
ZT2P__EQqUE,Netflix India
zjxSX5Uy7dE,@Avneetkaurofficials As Wednesdays Biggest Fan
zjxSX5Uy7dE,@Satishray1
zjxSX5Uy7dE,Netflix India
NFugIg6TvA4,"Janhvi Ki ""Boyfriend"" Valla Vacche Samasyalu"
NFugIg6TvA4,Rana Naidu
NFugIg6TvA4,Netflix India
Tw7fXfk8QoQ,Dm For Fun: A Celebration Of Women'S Day
Tw7fXfk8QoQ,"@Mostlysane, Huma Qureshi & More"
Tw7fXfk8QoQ,@Ncwindia
P0Hlxa89Q5E,"Cheering For Her, Cheering For Her Stories"
P0Hlxa89Q5E,Women'S Day
P0Hlxa89Q5E,Netflix India
bm9jJxf1wIU,Meet The Naidus
bm9jJxf1wIU,Rana Naidu
bm9jJxf1wIU,"Rana Daggubati, Venkatesh Daggubati"
bm9jJxf1wIU,Netflix India
iuOIamFUl3w,Janhvi & Her Boyfriend Problems
iuOIamFUl3w,Rana Naidu
iuOIamFUl3w,Netflix India
HkKOnsoumrA,Dhruv And Faruqs Love Story: A Poem Ft. Chintan Rachchh
HkKOnsoumrA,Class
HkKOnsoumrA,Netflix India
i5pfmFv5ak8,Janhvi Ibbandhulanu Edhurukunna Rana
i5pfmFv5ak8,Rana Naidu
i5pfmFv5ak8,Netflix India
xfMMbKekDbg,Class Season 2
xfMMbKekDbg,Announcement
xfMMbKekDbg,Netflix India
Tk8VD-_2-p0,Murder Mystery 2
Tk8VD-_2-p0,Official Hindi Trailer
Tk8VD-_2-p0,"Jennifer Aniston, Adam Sandler"
Tk8VD-_2-p0,Netflix India
ystaQs8CaxQ,Rana Sorts Janhvi Kapoor'S Troubles
ystaQs8CaxQ,Rana Naidu
ystaQs8CaxQ,Netflix India
0B4fbzWGub4,Chor Nikal Ke Bhaga
0B4fbzWGub4,"Yami Gautam, Sunny Kaushal, Sharad Kelkar"
0B4fbzWGub4,Official Trailer
0B4fbzWGub4,Netflix India
Dwh5nGK3yog,Vip Pass To The Rana Naidu Premiere!
Dwh5nGK3yog,"Rana Daggubati, Venkatesh Daggubati"
Dwh5nGK3yog,Netflix India
vaSeiQihCCo,Who Is Rana Naidu?
vaSeiQihCCo,Rana Daggubati
vaSeiQihCCo,Netflix India
q0ChFyakQ8U,Tanmay Bhat Reacts To Start-Up Ft. @Varunmayya
q0ChFyakQ8U,Netflix India
HmFozS_W2vw,Kartik Aaryan Gets Possessed By Manjulika
HmFozS_W2vw,Bhool Bhulaiyaa 2
HmFozS_W2vw,"Tabu, Kiara Advani"
BWc072emCiA,Venkatesh Daggubati Gets Out Of Jail
BWc072emCiA,Rana Daggubati
BWc072emCiA,Rana Naidu
BWc072emCiA,Netflix India
Jx3LgPUJ2KY,Meherbaan Official Video
Jx3LgPUJ2KY,"Rana Daggubati, Priya Banerjee"
Jx3LgPUJ2KY,Rana Naidu
Jx3LgPUJ2KY,Netflix India
xm4F6UfMGQY,Mass Maharaja Ravi Teja Takes Action
xm4F6UfMGQY,Waltair Veerayya
xm4F6UfMGQY,Netflix India
xa7B8zaz_qI,Has Saif Ali Khan Found True Love?
xa7B8zaz_qI,Dil Chahta Hai Movie Scene
xa7B8zaz_qI,"Aamir Khan, Akshaye Khanna"
xa7B8zaz_qI,
pSxGiBaEK7s,Rage Pal: A Shocking Twist To Rajpal Yadav'S Story
pSxGiBaEK7s,Trailer
pSxGiBaEK7s,Netflix India
wbEWbAKo29Q,Rana Naidu
wbEWbAKo29Q,Official Trailer
wbEWbAKo29Q,"Rana Daggubati, Venkatesh Daggubati, Surveen Chawla"
wbEWbAKo29Q,Netflix India
pYYfB46TBrY,Mega Star Chiranjeevi Entry Scene
pYYfB46TBrY,Waltair Veerayya
pYYfB46TBrY,Netflix India
XghT979JPH8,Pokmon Concierge
XghT979JPH8,Official Teaser
XghT979JPH8,Netflix India
5AU148PLSPk,S.S. Rajamoulis Cameo In Baahubali
5AU148PLSPk,Baahubali: The Beginning
5AU148PLSPk,Netflix India
qw0vlak0l08,Tom & Jerrys Iconic Chase And Run Scene
qw0vlak0l08,Tom & Jerry
qw0vlak0l08,Netflix India
AIdMYKIrHFw,Waltair Veerayya
AIdMYKIrHFw,Official Trailer
AIdMYKIrHFw,"Chiranjeevi, Ravi Teja"
AIdMYKIrHFw,Netflix India
laXTHrIKuPM,Have You Seen These Films Adapted From Video Games?
laXTHrIKuPM,Netflix India
BFYbS9SbwzM,Mammootty Acts Out A Movie Scene
BFYbS9SbwzM,Nanpakal Nerathu Mayakkam
BFYbS9SbwzM,Netflix India
vMj2QmkUbB4,Raju Ka New Business?!
vMj2QmkUbB4,Phir Hera Pheri Comedy Scene
vMj2QmkUbB4,"Akshay Kumar, Paresh Rawal, Suniel Shetty"
KfWQ_1QnJlI,What To Watch This February
KfWQ_1QnJlI,New On Netflix
KfWQ_1QnJlI,Netflix India
IPjd45BF3rc,Rana Can Fix Anything!
IPjd45BF3rc,Rana Daggubati
IPjd45BF3rc,Rana Naidu
IPjd45BF3rc,Netflix India
Z1cYHzTqi3c,Mammootty Narrates A Story
Z1cYHzTqi3c,Nanpakal Nerathu Mayakkam
Z1cYHzTqi3c,Netflix India
M8gnbjvFbas,Rana Vs Naga
M8gnbjvFbas,"Rana Daggubati, Venkatesh Daggubati"
M8gnbjvFbas,Rana Naidu
M8gnbjvFbas,Netflix India
N7Umj8o9zpg,Ranveer Singh Runs From Pooja Hegde
N7Umj8o9zpg,Cirkus
N7Umj8o9zpg,Netflix India
kwx27DFWadE,Win Tickets To The Rana Naidu Premiere!
kwx27DFWadE,"Rana Daggubati, Venkatesh Daggubati"
kwx27DFWadE,Netflix India
59lZsvLBNAU,Allu Arjun Gets Stuck With A Couple
59lZsvLBNAU,Ala Vaikunthapurramuloo
59lZsvLBNAU,Netflix India
pCgO0qDBwYE,What Happened In Hampton?
pCgO0qDBwYE,Exclusive Preview
pCgO0qDBwYE,Netflix India
WGXmBluLB6U,How Romantic Are You?
WGXmBluLB6U,The Romantics
WGXmBluLB6U,"Sheeba Chadda, Tarini Shah, Rj Karishma"
WGXmBluLB6U,Netflix India
2Ek46H32Yts,Stealing From Ranveer Singh Has A Shocking Twist
2Ek46H32Yts,Cirkus
2Ek46H32Yts,Netflix India
6TIro1mQRfA,Salman Khan Appearances You Cant Miss
6TIro1mQRfA,Netflix India
wXE5HSs4NyI,Catch The Sinner With The Cast Of Class
wXE5HSs4NyI,Class
wXE5HSs4NyI,Netflix India
wHuVrvcihLg,@Mahathalli Reacts To Rana Naidu Trailer
wHuVrvcihLg,Netflix India
mh9mvqmAYs8,Nanpakal Nerathu Mayakkam
mh9mvqmAYs8,Official Trailer
mh9mvqmAYs8,Mammootty
mh9mvqmAYs8,Netflix India
ZJYChbD58dE,Sanjay Leela Bhansali And Ted Sarandos In Conversation
ZJYChbD58dE,Big Announcement
ZJYChbD58dE,Netflix India
rcM6VL_3EQo,Cirkus
rcM6VL_3EQo,Official Trailer
rcM6VL_3EQo,"Ranveer Singh, Pooja Hegde, Jacqueline Fernandez"
rcM6VL_3EQo,Netflix India
cjv5xDgu4X0,The Cast Makes Spicy Confessions
cjv5xDgu4X0,Class
cjv5xDgu4X0,Netflix India
DL8Co9_yP-8,@Thugesh Reacts To Rana Naidu Trailer
DL8Co9_yP-8,Netflix India
fafdLIc_alw,Ajith Kumar Exposes The Truth
fafdLIc_alw,Thunivu
fafdLIc_alw,Netflix India
7OO5uGvNZpM,Rana Naidu
7OO5uGvNZpM,Telugu Trailer
7OO5uGvNZpM,"Rana Daggubati, Venkatesh Daggubati"
7OO5uGvNZpM,Netflix India
FN9aqMPiyLQ,Rana Naidu
FN9aqMPiyLQ,Uncensored Trailer
FN9aqMPiyLQ,"Rana Daggubati, Venkatesh Daggubati"
FN9aqMPiyLQ,Netflix India
leFc0WG_gSE,Cast Reacts To The Best Scenes From Class
leFc0WG_gSE,Netflix India
nB-cmvXnWV0,The Perfect Valentines Day! Ft. Aishwarya Mohanraj & Aakash Shah
nB-cmvXnWV0,The Romantics
nB-cmvXnWV0,Netflix India
W4h3met8-oM,Ai Reunites Lost Lovers
W4h3met8-oM,Sacred Games
W4h3met8-oM,Netflix India
UcRMb6NiGYs,Ai Finds The Best Match
UcRMb6NiGYs,Mismatched
UcRMb6NiGYs,Netflix India
tjIW-FwKjpk,"Monica, O My Darling: Ais Tragic Love Story"
tjIW-FwKjpk,Netflix India
EiMM64BSo4k,Matt Murdock Deleted Scene
EiMM64BSo4k,Spider-Man: No Way Home (Extended Version)
EiMM64BSo4k,Netflix India
6EFW-JQhC_c,The Ultimate Class Competition
6EFW-JQhC_c,Class
6EFW-JQhC_c,Netflix India
TgtpBaaLoTI,What Is Gurfateh Pirzada Stealing?
TgtpBaaLoTI,Class
TgtpBaaLoTI,Netflix India
72jUhFeEOnE,Neena Guptas Worst Nightmare
72jUhFeEOnE,Sanjay Mishra
72jUhFeEOnE,Vadh Scene
72jUhFeEOnE,Netflix India
Uy2qG7VwNS0,Joe Aur Love Ki Love Story Ka Anth?
Uy2qG7VwNS0,You Hindi Clip
Uy2qG7VwNS0,Netflix India
Ts6PRg5DU84,The Drama Unfolds!
Ts6PRg5DU84,Class
Ts6PRg5DU84,"Gurfateh Pirzada, Zeyn Shaw"
Ts6PRg5DU84,Netflix India
l_ADBwUYbZc,Manju Warrier Mass Scene
l_ADBwUYbZc,Thunivu
l_ADBwUYbZc,Netflix India
9UHjYdsmBYY,Who Will Dhruv Choose: Boyfriend Or Best Friend?
9UHjYdsmBYY,Class
9UHjYdsmBYY,Netflix India
aKgX-SEQaAc,Rashmika Mandanna Speaks About Her First Hindi Film
aKgX-SEQaAc,Mission Majnu
aKgX-SEQaAc,Netflix India
iJ3PDnrdtfw,Soldier: The Revisit Ft. @Onlydesi
iJ3PDnrdtfw,"Bobby Deol, Preity Zinta"
iJ3PDnrdtfw,Netflix India
OfOdWk2aLwc,Love In The Classroom
OfOdWk2aLwc,Class
OfOdWk2aLwc,"Gurfateh Pirzada, Chintan Rachchh, Anjali Sivaraman"
OfOdWk2aLwc,Netflix India
Buup5qUHmEI,Ajith Kumar Mass Intro Scene
Buup5qUHmEI,Thunivu
Buup5qUHmEI,Netflix India
9NqAb_jZCu4,Tanmay Bhat Reacts To Class Ft. @Kullubaazi
9NqAb_jZCu4,Netflix India
nCvXx5SCtDo,Class Jukebox
nCvXx5SCtDo,All Songs
nCvXx5SCtDo,Class
nCvXx5SCtDo,Aditya N
nCvXx5SCtDo,Nayantara
nCvXx5SCtDo,Netflix India
X1HOCvfPmQg,Berlin
X1HOCvfPmQg,Announcement
X1HOCvfPmQg,Netflix India
ggiLCd5-tpE,Khidki Music Video
ggiLCd5-tpE,Class
ggiLCd5-tpE,"Gurfateh Pirzada, Chintan Rachchh, Anjali Sivaraman"
ggiLCd5-tpE,Netflix India
DVoL4T9hXEo,Enter The World Of Romantics
DVoL4T9hXEo,"Shah Rukh Khan, Katrina Kaif, Karan Johar, Amitabh Bachchan"
nI9TBoMlmv4,Thunivu
nI9TBoMlmv4,Official Trailer
nI9TBoMlmv4,"Ajith Kumar, Manju Warrier"
nI9TBoMlmv4,Netflix India
Bi2hMGJpRJA,Guess Who Has A New Pet?
Bi2hMGJpRJA,Minions & More Volume 1
Bi2hMGJpRJA,Netflix India
CwA1ok3ZIjA,Behind The Making Of Majnu
CwA1ok3ZIjA,Sidharth Malhotra
CwA1ok3ZIjA,Mission Majnu
CwA1ok3ZIjA,Netflix India
C02x4zwYrFM,What Happened At Hampton International?
C02x4zwYrFM,Class
C02x4zwYrFM,Now Streaming
C02x4zwYrFM,Netflix India
eAIfCdeN1zM,The Most Action Packed Scene From An Action Hero
eAIfCdeN1zM,Ayushmann Khurrana
eAIfCdeN1zM,Netflix India
w6cmCoLOaxk,Scenes We Are Majnu Over!
w6cmCoLOaxk,"Sidharth Malhotra, Rashmika Mandanna"
w6cmCoLOaxk,Mission Majnu
w6cmCoLOaxk,Netflix India
8W0WrUcuVpM,Class
8W0WrUcuVpM,Now Streaming
8W0WrUcuVpM,"Gurfateh Pirzada, Chintan Rachchh"
8W0WrUcuVpM,Netflix India
Z9jmYkkteTg,Thunivu Update Ft. Bagavathi Perumal And Mohanasundaram
Z9jmYkkteTg,Thunivu
Z9jmYkkteTg,Netflix India
C5ppQpI09hw,Vadh
C5ppQpI09hw,Official Trailer
C5ppQpI09hw,"Neena Gupta, Sanjay Mishra"
C5ppQpI09hw,Netflix India
fZJ10Uc-J_Y,What If Gangs Of Wasseypur Was A Love Story?
fZJ10Uc-J_Y,Trailer
fZJ10Uc-J_Y,Netflix India
Zfi1Kjvgk-E,Kaun Jeetega Netflix Ki Kitty?
Zfi1Kjvgk-E,@Thepaayaljain Ft. Tena Jaiin
Zfi1Kjvgk-E,Netflix India
k3LXdrHa7Dw,Why Did Ayushmann Khurrana Lose His Temper?
k3LXdrHa7Dw,Leaked Audition
k3LXdrHa7Dw,An Action Hero
k3LXdrHa7Dw,Netflix India
myG0f2RKizY,The Romantics
myG0f2RKizY,Official Trailer
myG0f2RKizY,"Shah Rukh Khan, Salman Khan, Ranbir Kapoor"
myG0f2RKizY,Netflix India
6-QyjCdUDRY,Do Not Mess With Trisha Krishnan!
6-QyjCdUDRY,Raangi Movie Scene
6-QyjCdUDRY,Netflix India
OX1L6tQ6J-I,Dilli Dilli Music Video
OX1L6tQ6J-I,Class
OX1L6tQ6J-I,"Gurfateh Pirzada, Chintan Rachchh"
OX1L6tQ6J-I,Netflix India
jkD19aWrSQk,Ayushmann Khurrana Meets Akshay Kumar
jkD19aWrSQk,An Action Hero
jkD19aWrSQk,Netflix India
D23eWbt_rW0,Murder Mystery 2
D23eWbt_rW0,Official Trailer
D23eWbt_rW0,Netflix India
IGQuk2vkAgA,Very Chill Interview With Ayushmann Khurrana & Aishwarya Mohanraj
IGQuk2vkAgA,An Action Hero
IGQuk2vkAgA,Netflix India
EbMI1B76pBs,Class
EbMI1B76pBs,Bonus Trailer
EbMI1B76pBs,Netflix India
pD03VK-c-nk,Bonus Trailer Announcement!
pD03VK-c-nk,Class
pD03VK-c-nk,"Gurfateh Pirzada, Chintan Rachchh"
pD03VK-c-nk,Netflix India
P2PR8_M-sO0,Aman Aur Nasreen Ki Adhoori Kahani
P2PR8_M-sO0,"Sidharth Malhotra, Rashmika Mandanna"
P2PR8_M-sO0,Mission Majnu Scene
77jiph_JMNI,Raangi
77jiph_JMNI,Official Trailer
77jiph_JMNI,Trisha
77jiph_JMNI,Netflix India
s3FSbWQKBHc,When Two Worlds Clash!
s3FSbWQKBHc,Class
s3FSbWQKBHc,Netflix India
0zrN9Ody4HI,Your January Watchlist
0zrN9Ody4HI,New On Netflix
0zrN9Ody4HI,Netflix For All
0zrN9Ody4HI,Netflix India
uhkKade5Qyc,18 Pages
uhkKade5Qyc,Official Trailer
uhkKade5Qyc,"Nikhil Siddhartha, Anupama Parameswaran"
uhkKade5Qyc,Netflix India
4Gdmd4nqQig,An Action Hero
4Gdmd4nqQig,Official Trailer
4Gdmd4nqQig,"Ayushmann Khurrana, Jaideep Ahlawat"
4Gdmd4nqQig,Netflix India
A0UiDOXMkLE,Shah Rukh Khan Is Gifted The Memories Of India
A0UiDOXMkLE,Swades
A0UiDOXMkLE,Gayatri Joshi
A0UiDOXMkLE,Netflix India
A9ObVE9sU6I,What To Watch This Republic Day Weekend
A9ObVE9sU6I,New On Netflix
A9ObVE9sU6I,Netflix India
Eq3k0cuTU4A,This Is War
Eq3k0cuTU4A,Class
Eq3k0cuTU4A,Sneak Peek
Eq3k0cuTU4A,Netflix India
5X7fMusu_2c,Tanmay Bhat Reacts To Main Hoon Na Ft. @Shreejachaturvedi
5X7fMusu_2c,Netflix India
4_OImLGBv24,Mission Successful!
4_OImLGBv24,Mission Majnu
4_OImLGBv24,Sidharth Malhotra
4_OImLGBv24,Rashmika Mandanna
4_OImLGBv24,Netflix India
leGMSgSeU-Q,Kaapa Epic Fight Scene
leGMSgSeU-Q,Prithviraj Sukumaran
leGMSgSeU-Q,Netflix India
Hkf7n7m_KgY,Black Sunshine Baby
Hkf7n7m_KgY,Official Trailer
Hkf7n7m_KgY,Netflix India
jL-a-OfJnGw,Ravi Teja'S Explosive Fight Scene
jL-a-OfJnGw,Dhamaka
jL-a-OfJnGw,Netflix India
TiI8eKh7q20,These Hollywood Movies Were Shot In India!
TiI8eKh7q20,"The Dark Knight Rises, Tenet, & More"
TiI8eKh7q20,Netflix India
z6XRVucW60o,Abhay Deol'S Search For Answers
z6XRVucW60o,Trial By Fire
z6XRVucW60o,Netflix India
0AyGdBtMiFQ,"Sidharth Malhotra And @Zakirkhan Discuss Srk, Spies & More"
0AyGdBtMiFQ,Mission Majnu
88qEJgxMJGM,Get Netflix At No Extra Cost With Act Fibernet!
hSn-rIIgJXI,Dhamaka
hSn-rIIgJXI,Official Trailer
hSn-rIIgJXI,"Ravi Teja, Sreeleela"
hSn-rIIgJXI,Netflix India
joW_Bcv-iSw,Joking Bad
joW_Bcv-iSw,"Breaking Bad Spoof Ft. Swaminathan, Manohar, Jeeva"
joW_Bcv-iSw,Netflix India
Dm70ALp_NpA,Deshbhakti Ke Do Naam
Dm70ALp_NpA,Mission Majnu
Dm70ALp_NpA,Sidharth Malhotra
Dm70ALp_NpA,Netflix India
nMEI_nRoLGU,Kaapa
nMEI_nRoLGU,Official Trailer
nMEI_nRoLGU,"Prithiviraj Sukumaran, Aparna Balamurali"
nMEI_nRoLGU,Netflix India
1kHRsco6zGo,Mister Mummy
1kHRsco6zGo,"Riteish Deshmukh, Genelia Deshmukh"
1kHRsco6zGo,Official Trailer
1kHRsco6zGo,Netflix India
FwNcXWKWyPo,Here'S The Shortest Solution To Your Boredom
FwNcXWKWyPo,@Netflixindiashorts
3LirGynUMJg,2023 Films Preview
3LirGynUMJg,"Heart Of Stone, Extraction 2 & More"
3LirGynUMJg,Official Trailer
3LirGynUMJg,Netflix India
7rp77ZWhBzc,Prem Ya Deshprem?
7rp77ZWhBzc,Mission Majnu
7rp77ZWhBzc,Sidharth Malhotra
7rp77ZWhBzc,Rashmika Mandanna
7rp77ZWhBzc,Netflix India
PNScZcNPI1g,Slayy Point & Saiman Says React To Class Trailer
PNScZcNPI1g,Netflix India
uE7kpMO_9f8,Tanmay Bhat Reacts To Wednesday
uE7kpMO_9f8,Urooj Ashfaq
uE7kpMO_9f8,Netflix India
nuSMGtZhsAc,Class
nuSMGtZhsAc,Official Trailer
nuSMGtZhsAc,Netflix India
S4UfmiXlXho,Mazaak Toh Nahi Udaoge?
S4UfmiXlXho,Thai Massage
S4UfmiXlXho,"Gajraj Rao, Divyendu Sharma"
S4UfmiXlXho,Netflix India
vZJASzdeH-s,Is Time Travel Possible?
vZJASzdeH-s,@Round2Hell
vZJASzdeH-s,Netflix India
CQFGa85ae8o,One Of The Best Fights In Naruto
CQFGa85ae8o,Netflix India
wH9m_3ZfeRg,"Pongal Sirappu Pattimandram Ft. Raja, Bharathy Bhaskar, Mohanasundaram"
wH9m_3ZfeRg,Netflix India
l3-l_ycYGx4,What If Hum Aapke Hain Koun Was A Horror Film?
l3-l_ycYGx4,Trailer
l3-l_ycYGx4,Netflix India
r52R-HANcXE,Aishwarya Lekshmis Perfect Hair Care Routine Ft. Vishnu Vishal
r52R-HANcXE,Gatta Kusthi
r52R-HANcXE,Netflix India
NkQVkrf24Oc,Trouble At The Police Station
NkQVkrf24Oc,Trial By Fire
NkQVkrf24Oc,Netflix India
Sb8sasFaRTM,Kaun Hai Majnu?
Sb8sasFaRTM,Mission Majnu
Sb8sasFaRTM,Sidharth Malhotra
Sb8sasFaRTM,Netflix India
qBsDLxGLRKM,Scary Arena Game
qBsDLxGLRKM,Alice In Borderland Season 2
qBsDLxGLRKM,Netflix India
Rb45XC4qyCI,Vir Das On Mumbai Rains & True Crime Documentaries
Rb45XC4qyCI,Vir Das: Landing
Rb45XC4qyCI,Netflix India
J2qMuPQtv0c,@Tanmaybhat & Gang React To Strange Movie Scenes
J2qMuPQtv0c,Netflix India
fJI-f7GUIvk,When Tragedy Strikes
fJI-f7GUIvk,Trial By Fire
fJI-f7GUIvk,Netflix India
XSAtNxlMOA0,Shah Rukh Khan & Deepika Padukone: Best Moments
XSAtNxlMOA0,"Om Shanti Om, Chennai Express"
XSAtNxlMOA0,Netflix India
Gw77Nx4eBMc,Mission Majnu
Gw77Nx4eBMc,"Sidharth Malhotra, Rashmika Mandanna"
Gw77Nx4eBMc,Official Trailer
Gw77Nx4eBMc,Netflix India
l9VMb73YAns,Will They Catch Jayaprakash?
l9VMb73YAns,Kalaga Thalaivan Railway Station Scene
l9VMb73YAns,Netflix India
ZUKwI90ZOGU,Sonakshi Sinha Reminds You To Love Yourself
ZUKwI90ZOGU,Huma Qureshi
ZUKwI90ZOGU,Double Xl
ZUKwI90ZOGU,Netflix India
yBOFZ2WiJdE,Aishwarya Lekshmi Fight Scene
yBOFZ2WiJdE,Gatta Kusthi
yBOFZ2WiJdE,Netflix India
zUCKQY7ptqc,Why Every Heist Needs A Team
zUCKQY7ptqc,Kaleidoscope
zUCKQY7ptqc,Netflix India
1aaSA9ltzXw,Janhvi Kapoor Ranks Her Ghar Ka Khana With @Nikhilkini
1aaSA9ltzXw,Mili
1aaSA9ltzXw,Menu Please
1aaSA9ltzXw,Netflix India
t-ZSOyTiptg,Wednesday Addams
t-ZSOyTiptg,Season 2 Announcement
t-ZSOyTiptg,Netflix India
AizQ0QEeNTQ,Naai Sekar Returns
AizQ0QEeNTQ,Official Trailer
AizQ0QEeNTQ,'Vaigai Puyal' Vadivelu
AizQ0QEeNTQ,Netflix India
08alafhCRKU,Mumbai Mafia
08alafhCRKU,Official Trailer
08alafhCRKU,Now Streaming
08alafhCRKU,Netflix India
a7ckcJZkwH8,Gatta Kusthi
a7ckcJZkwH8,Official Trailer
a7ckcJZkwH8,"Vishnu Vishal, Aishwarya Lekshmi"
a7ckcJZkwH8,Netflix India
d0IJCN7zOzQ,Janhvi Kapoor Confronts Manoj Pahwa
d0IJCN7zOzQ,Mili
d0IJCN7zOzQ,Netflix India
7rMFBiglRXI,Trial By Fire
7rMFBiglRXI,Official Trailer
7rMFBiglRXI,Netflix India
C0loBeUpcGg,Vijay Sethupathi'S Savage Cop Entry
C0loBeUpcGg,Dsp
C0loBeUpcGg,Netflix India
hvxhCW_7TD4,Chhora Kamaal Hai Official Lyric Video
hvxhCW_7TD4,Last Film Show
hvxhCW_7TD4,Chhello Show
hvxhCW_7TD4,Pan Nalin
hvxhCW_7TD4,Netflix India
ENfn439YJ44,Meet The Cast Of Class
ENfn439YJ44,Netflix India
7jIwqnRiBzw,O Kadhal Kanmani Proposal Scene
7jIwqnRiBzw,"Dulquer Salmaan, Nithya Menen"
7jIwqnRiBzw,Netflix India
n0LtZ1c0J3s,@Madangowri Recommends Netflix Documentaries
n0LtZ1c0J3s,Netflix India
CIOeP9UElrM,Teletubbies Play With Custard Bubbles
CIOeP9UElrM,Hindi
CIOeP9UElrM,Netflix India
zd7086wO_HA,Janhvi Kapoor Gets Locked In The Freezer
zd7086wO_HA,Mili
zd7086wO_HA,Netflix India
ETVx8JvY95k,Sheldon'S Happy New Year Countdown!
ETVx8JvY95k,The Big Bang Theory
ETVx8JvY95k,Netflix India
qqvzfuwoNUU,Briefcase Main Kya Hai?
qqvzfuwoNUU,Brad Pitt
qqvzfuwoNUU,Bullet Train Hindi Scene
qqvzfuwoNUU,Netflix India
fl6T_UcHbes,Huma Qureshi Interviews Kapil Dev
fl6T_UcHbes,Double Xl
fl6T_UcHbes,Netflix India
RX9sn_BRxZs,Mili
RX9sn_BRxZs,Official Trailer
RX9sn_BRxZs,"Janhvi Kapoor, Sunny Kaushal"
RX9sn_BRxZs,Netflix India
NFRpbFliMjM,Lucifer Gets His Devil Face Back
NFRpbFliMjM,Lucifer
NFRpbFliMjM,Netflix India
5X7JJGQK6o0,A Bag That Shocked The Police
5X7JJGQK6o0,Beast Of Bangalore
5X7JJGQK6o0,Indian Predator: Season 4
5X7JJGQK6o0,Netflix India
D7MIyufv-mY,What Happened To Geetha?
D7MIyufv-mY,Beast Of Bangalore
D7MIyufv-mY,Indian Predator: Season 4
D7MIyufv-mY,Netflix India
hFjg7Vj0_KY,Double Xl
hFjg7Vj0_KY,Official Trailer
hFjg7Vj0_KY,"Huma Qureshi, Sonakshi Sinha"
hFjg7Vj0_KY,Netflix India
DJZl2TJBvrI,Spider Man Fights Doc Ock Again?!
DJZl2TJBvrI,Spider Man: Into The Spider Verse
DJZl2TJBvrI,Netflix India
FXhadEH-0fQ,When We Meet Emilys Closet In Paris
FXhadEH-0fQ,Emily In Paris
FXhadEH-0fQ,@Juhigodambe & @Tarini_Shah
TxxRXKrh0Xc,Kantara'S Scary Forest Scene
TxxRXKrh0Xc,Rishab Shetty
TxxRXKrh0Xc,Netflix India
G8p8NBmkLRA,Why Does Vir Das Feel Stuck?
G8p8NBmkLRA,Vir Das: Landing
G8p8NBmkLRA,Now Streaming
G8p8NBmkLRA,Netflix India
Ad1iCbyO1QE,2022 Netflix Top 10 Ft. Suresh Kumar
Ad1iCbyO1QE,Netflix India
5YVgxbV_m0Y,Ross Dressed As A What On Christmas?!
5YVgxbV_m0Y,Friends
5YVgxbV_m0Y,Netflix India
GxOHuOx8RQk,Watchlist For The Month
GxOHuOx8RQk,New On Netflix
GxOHuOx8RQk,Netflix For All
GxOHuOx8RQk,Netflix India
QzoxyjjLRQA,What Happens When You Type Christmas On Netflix?!
QzoxyjjLRQA,Netflix India
fZisFIlxn_o,20 Challenges For 20 Million !
fZisFIlxn_o,"Ft. @Mythpat, @Themridul, @Rjkarishma., @Hisaimansays & Meethika"
EiHqOV-bHSk,Vir Das: Landing
EiHqOV-bHSk,Official Trailer
EiHqOV-bHSk,Netflix India
F9cH9q9-y9k,Daniel Craig Receives A Mysterious Box
F9cH9q9-y9k,Glass Onion: A Knives Out Mystery
F9cH9q9-y9k,Netflix India
-2Nl0Gm3qU4,Kunchacko Boban Tries To Negotiate A Deal
-2Nl0Gm3qU4,Ariyippu (Declaration)
-2Nl0Gm3qU4,Netflix India
LlYv-GXdrWs,Wednesday'S Iconic Dance At Rave'N
LlYv-GXdrWs,Jenna Ortega
LlYv-GXdrWs,Netflix India
UgyDVoxmt1k,@Tanmaybhat Reacts To Khakee: The Bihar Chapter Ft. @Prashastisinghstandup
ljzKJaucFE4,5 Reasons To Watch Khakee: The Bihar Chapter + A Surprise Bonus!
ljzKJaucFE4,Netflix India
vRWc2Wh-BBk,Divya Prabha Faces Problems At Work
vRWc2Wh-BBk,Ariyippu (Declaration)
vRWc2Wh-BBk,Netflix India
AR7OOpVtabU,Emily In Paris S1 & S2 Recap Under 7 Minutes!
AR7OOpVtabU,Netflix India
dnMQuhyaQmU,Kantara Scene Breakdown Ft. Rishab Shetty
dnMQuhyaQmU,Kantara (Hindi)
dnMQuhyaQmU,Netflix India
_-nqkErvF1E,"Exclusive Deleted Scenes: Netflix Playback 2022 Ft. Tovino Thomas, Vijay Varma, Neha Kakkar & More!"
VGduSZIL5i0,Munna & Circuit: The Most Iconic Moments
VGduSZIL5i0,Munna Bhai Mbbs
VGduSZIL5i0,Netflix India
mPpK9N7Www0,"Behind The Scenes Of Ariyippu Ft. Mahesh Narayanan, Kunchacko Boban, Divya Prabha & @Kishendasyt"
ceeN6AmwhC8,Conversations Between Wednesday & Thing Are The Best!
ceeN6AmwhC8,Wednesday
ceeN6AmwhC8,Netflix India
uV5SuXeWVEw,Randeep Hooda Tries To Save His Brother
uV5SuXeWVEw,Cat
uV5SuXeWVEw,Netflix India
uh_rPbFV5oE,The Directors' Roundtable 2022 With Rajeev Masand
uh_rPbFV5oE,"Anvitaa Dutt, Vasan Bala, Ali Abbas Zafar & More"
xSAHkokZx9E,@Tanmaybhat Reacts To Kantara Ft. @Theashishshakya
xSAHkokZx9E,Netflix India
bcoV1IyoGqs,The Actors' Roundtable 2022 With Rajeev Masand
bcoV1IyoGqs,"Kartik Aaryan, Diljit Dosanjh, Shefali Shah & More!"
Nyz7suxlrI4,Mission Majnu
Nyz7suxlrI4,"Sidharth Malhotra, Rashmika Mandanna"
Nyz7suxlrI4,Official Teaser
Nyz7suxlrI4,Netflix India
Tip6_D0gHxQ,Ayushmann'S Best Friend Solves His Love Life Problems
Tip6_D0gHxQ,Doctor G
Tip6_D0gHxQ,Netflix India
EBqff6xV-cQ,Unfiltered With Randeep Hooda Ft. @Unfilteredbysamdish
EBqff6xV-cQ,Cat
EBqff6xV-cQ,Netflix India
ZFBw2qLYefc,The Directors' Roundtable With Rajeev Masand
ZFBw2qLYefc,Teaser
ZFBw2qLYefc,"Anvitaa Dutt, Vasan Bala, Ali Abbas Zaffar"
QVzMEgz713I,Boatxnetflix - Stream Edition
QVzMEgz713I,Made For India To Keep Watching
QVzMEgz713I,"Ft. Kiara Advani, Aman Gupta"
KgQ4Nlj09Xk,The Final Battle
KgQ4Nlj09Xk,Kantara (Hindi)
KgQ4Nlj09Xk,Netflix India
dNoDS6UF1GU,The Actors' Roundtable 2022 With Rajeev Masand
dNoDS6UF1GU,Teaser
dNoDS6UF1GU,"Kartik Aaryan, Diljit Dosanjh & More!"
uaAcEaNkEec,Ayushmann Khurrana Gets Roasted By Shefali Shah
uaAcEaNkEec,Doctor G
eFkLfBVWZ6s,"Men Try Guessing Womens Sex Health Products @Funcho, @Rjabhinavv, @Leezamangaldas1"
eFkLfBVWZ6s,Doctor G
cM7wcgyZ57A,The Coolest Collab Ever! Streaming Soon With @Boat-Lifestyle
cM7wcgyZ57A,Aman Gupta
IIEHcj9H_BA,Wednesday Helps Her Team Win The Race
IIEHcj9H_BA,Wednesday
IIEHcj9H_BA,Netflix India
bsehwjiqUCg,The Creator Of Kantara
bsehwjiqUCg,Interview With Rishab Shetty Ft. Ira Singh
bsehwjiqUCg,Netflix India
PNbeObDWYrk,Avinash Tiwary Riles Up The Crowd With His Speech
PNbeObDWYrk,Khakee: The Bihar Chapter
PNbeObDWYrk,Netflix India
hyN79ayLNrM,Gurnam And Laadis Friendship
hyN79ayLNrM,Randeep Hooda
hyN79ayLNrM,Cat
yIGP6U8Nb04,@Tanmaybhat Reacts To Reality Shows Ft. @Kumarvarunofficial & @Sonalithakkercomedy
7j1aKxsKI3s,The Beginning Of Kantara
7j1aKxsKI3s,Kantara (Hindi)
7j1aKxsKI3s,Netflix India
5hpQ8P-rUBY,Pradeep Tries To Get His Phone Back
5hpQ8P-rUBY,Love Today
5hpQ8P-rUBY,Netflix India
hY_e3BhFYBw,Doctor G
hY_e3BhFYBw,Official Trailer
hY_e3BhFYBw,"Ayushmann Khurrana, Rakul Preet Singh, Shefali Shah"
hY_e3BhFYBw,Netflix India
8bp0LuHltYg,Cat
8bp0LuHltYg,Now Streaming
8bp0LuHltYg,Randeep Hooda
8bp0LuHltYg,Netflix India
6oKFao0aISA,Kantara (Hindi)
6oKFao0aISA,Official Trailer
6oKFao0aISA,"Rishab Shetty, Sapthami Gowda, Kishore"
6oKFao0aISA,Netflix India
p5_8INY4Jrk,The Pale Blue Eye
p5_8INY4Jrk,Official Trailer
p5_8INY4Jrk,Netflix India
Cxzc0TcSMjM,How To Bihar 101
Cxzc0TcSMjM,Khakee: The Bihar Chapter
Cxzc0TcSMjM,Netflix India
TBE0VUG3N3M,Ariyippu (Declaration)
TBE0VUG3N3M,Official Trailer
TBE0VUG3N3M,"Kunchacko Boban, Mahesh Narayanan, Divya Prabha"
8t_O95aBCqA,Nikita Meets Pradeep'S Friends For The First Time
8t_O95aBCqA,Love Today
8t_O95aBCqA,Netflix India
T7W1Klhl_LY,Cat On A Mission
T7W1Klhl_LY,Randeep Hooda
T7W1Klhl_LY,Cat
T7W1Klhl_LY,Netflix India
KeaXKac8wkc,Rishab Shetty Finally Has The Answer!
KeaXKac8wkc,Announcement
KeaXKac8wkc,Kantara (Hindi)
KeaXKac8wkc,Netflix India
hLfrWgbcmwA,The Beauty Of Qala
hLfrWgbcmwA,Qala
hLfrWgbcmwA,Netflix India
lCTeRKfRnjM,"Neena Gupta, Amitabh Bachchan And Rashmika Have A Chat"
lCTeRKfRnjM,Goodbye
lCTeRKfRnjM,Netflix India
ZVotxVcjT-w,Chyawanprashs Long Distance Romance
ZVotxVcjT-w,Khakee: The Bihar Chapter
ZVotxVcjT-w,Netflix India
YlPZOpdQ8d8,Can Gurnam Save His Brother?
YlPZOpdQ8d8,Randeep Hooda
YlPZOpdQ8d8,Cat
YlPZOpdQ8d8,Netflix India
Qn0Jkhwaqpw,Wednesday Gets Into Nevermore Academy
Qn0Jkhwaqpw,Wednesday
Qn0Jkhwaqpw,Netflix India
0KCGnDlWKQQ,Qala Fights Her Inner Demons
0KCGnDlWKQQ,Triptii Dimri
0KCGnDlWKQQ,Qala
0KCGnDlWKQQ,Netflix India
H1y9W31XDh8,The Witcher: Blood Origin
H1y9W31XDh8,Official Trailer
H1y9W31XDh8,Netflix India
7A2bTjF_Pp4,Rashmika Spills The Tea About Working With Amitabh Bachchan Ft. @Slayypointofficial
7A2bTjF_Pp4,Goodbye
OiBgRR7ek6c,Qala
OiBgRR7ek6c,Now Streaming
OiBgRR7ek6c,"Triptii Dimri, Babil Khan, Swastika Mukherjee, Anvita Dutt"
OiBgRR7ek6c,Netflix India
81_IQtOiAZE,Life Lessons From Mukteshwar Chaubey
81_IQtOiAZE,Khakee: The Bihar Chapter
81_IQtOiAZE,Netflix India
28Njog1KJmQ,Gurnam Character Promo
28Njog1KJmQ,Randeep Hooda
28Njog1KJmQ,Cat
28Njog1KJmQ,Netflix India
XcW9MABKK90,Beast Of Bangalore
XcW9MABKK90,Official Trailer
XcW9MABKK90,Netflix India
ZnJjCvNrJRc,Beast Of Bangalore
ZnJjCvNrJRc,Official Hindi Trailer
ZnJjCvNrJRc,Netflix India
Xjw4ZbCIYS0,Love Today
Xjw4ZbCIYS0,Official Trailer
Xjw4ZbCIYS0,"Pradeep Ranganathan, Ivana, Yogi Babu, Sathyaraj"
Xjw4ZbCIYS0,Netflix India
vwcYl644bpk,Khakee Cast Gets Candid With Rithvik Dhanjani
vwcYl644bpk,Khakee: The Bihar Chapter
vwcYl644bpk,Netflix India
_k8kqPlULac,Qala
_k8kqPlULac,Now Streaming
_k8kqPlULac,"Triptii Dimri, Babil Khan, Swastika Mukherjee, Anvita Dutt"
_k8kqPlULac,Netflix India
66gtwAw7Hww,Emily In Paris Season 3
66gtwAw7Hww,Official Trailer
66gtwAw7Hww,Netflix India
QKJkxHPrDew,Goodbye
QKJkxHPrDew,Official Trailer
QKJkxHPrDew,"Rashmika Mandanna, Amitabh Bachchan, Neena Gupta"
QKJkxHPrDew,Netflix India
a0J0b_OVa9w,The Elephant Whisperers
a0J0b_OVa9w,Official Trailer
a0J0b_OVa9w,Netflix India
SzMH4Dq78UI,Getting Candid With Babil Khan
SzMH4Dq78UI,Qala
SzMH4Dq78UI,Netflix India
q05AbgNey6w,Ghodey Pe Sawaar
q05AbgNey6w,Official Music Video
q05AbgNey6w,Triptii Dimri
q05AbgNey6w,Qala
q05AbgNey6w,Netflix India
VF9JCS5l70I,Why Does Karan Tacker Want To Join Civil Services?
VF9JCS5l70I,Khakee: The Bihar Chapter
VF9JCS5l70I,Netflix India
7WGFjIdy6y4,Qala Jam Room
7WGFjIdy6y4,"Triptii Dimri, Amit Trivedi, Amitabh Bhattacharya, Anvita Dutt, Varun Grover"
O4tD2zPon5M,An Unexpected Winner! Ft. @Salonayyy
O4tD2zPon5M,Khakee: The Bihar Chapter
O4tD2zPon5M,Netflix India
IWATR_Q-w10,Will Gurnam Find Peace?
IWATR_Q-w10,Randeep Hooda
IWATR_Q-w10,Cat
IWATR_Q-w10,Netflix India
5mFjpvPgZ3A,Filmmakers In The Making
5mFjpvPgZ3A,Last Film Show
5mFjpvPgZ3A,Chhello Show
5mFjpvPgZ3A,Pan Nalin
5mFjpvPgZ3A,Netflix India
3ZSS8PxUbzI,Megastar Chiranjeevi Jail Fight
3ZSS8PxUbzI,Godfather
3ZSS8PxUbzI,Netflix India
xlOh05Kf1jw,"The Joota Chor Chapter Ft. @5Seconds, Karan Tacker & Avinash Tiwary"
xlOh05Kf1jw,Khakee : The Bihar Chapter
bW7QqXNAJGQ,@Rohanjoshi8016 & @Sahilshahcomedy React To 1899
bW7QqXNAJGQ,Netflix India
AiXvQpP0Nzo,Leonardo Dicaprio Explains The Reality Behind Dreams
AiXvQpP0Nzo,Hindi Movie Scene
AiXvQpP0Nzo,Inception
pTT2-KFG_2w,Jagan & Sumant
pTT2-KFG_2w,"Triptii Dimri, Babil Khan, Amit Sial"
pTT2-KFG_2w,Qala
pTT2-KFG_2w,Netflix India
LFkso9te69A,Megastar Chiranjeevi'S Factory Fight
LFkso9te69A,Godfather
LFkso9te69A,Netflix India
p2AhRPOWzOU,R. Madhavan Finds Out Khushali Kumar Is In Danger
p2AhRPOWzOU,Dhokha: Round D Corner
p2AhRPOWzOU,Netflix India
MlCNLfenfm4,Aparshakti Khurana & Khushali Kumar Take The Smoothie Challenge
MlCNLfenfm4,Dhokha: Round D Corner
W5m2Hc0BhDM,Will Kerberos Change Its Course?
W5m2Hc0BhDM,1899
W5m2Hc0BhDM,Netflix India
xIvgXu2JPs4,Qala & Urmila
xIvgXu2JPs4,"Triptii Dimri, Swastika Mukherjee"
xIvgXu2JPs4,Qala
xIvgXu2JPs4,Netflix India
fobZ6Eolqu4,Drishyam Recap In 3 Minutes
fobZ6Eolqu4,Spoiler Warning
fobZ6Eolqu4,"Ajay Devgn, Tabu, Shriya Saran"
fobZ6Eolqu4,Netflix India
Uz4LkPAtdjY,Last Film Show (Chhello Show)
Uz4LkPAtdjY,Official Trailer
Uz4LkPAtdjY,Pan Nalin
Uz4LkPAtdjY,Netflix India
I-ewD7d8xsE,Whos The Killer?
I-ewD7d8xsE,"Rajkummar Rao, Huma Qureshi & More"
I-ewD7d8xsE,"Monica, O My Darling"
I-ewD7d8xsE,Netflix India
mtXf29g0jaQ,Netflix Multiverse Paavangal Ft. @Parithabangal
mtXf29g0jaQ,"Gopi, Sudhakar, @Haribaskarofficial, Nisha, Madurai Muthu"
FY3dhgDwvvw,How Will This Journey End For Rajkummar Rao & Huma Qureshi?
FY3dhgDwvvw,"Monica, O My Darling"
FY3dhgDwvvw,Netflix India
E9dVs50IErA,Jenga War Ft. Aparshakti Khurana & Khushali Kumar
E9dVs50IErA,Dhokha: Round D Corner
E9dVs50IErA,Netflix India
o0gCQaU-s6k,Watchlist For The Month
o0gCQaU-s6k,New On Netflix
o0gCQaU-s6k,Netflix For All
o0gCQaU-s6k,Netflix India
czfbm75ObT8,@Tanmaybhat & @Kullubaazi React To Dubai Bling
czfbm75ObT8,Netflix India
gJeAj_XosaY,Cat
gJeAj_XosaY,Mood Promo
gJeAj_XosaY,Randeep Hooda
gJeAj_XosaY,Netflix India
MgooDpXkNso,What Is Everyone Hiding?
MgooDpXkNso,Rajkummar Rao & Huma Qureshi
MgooDpXkNso,"Monica, O My Darling"
MgooDpXkNso,Netflix India
lBurP2iNipc,Behind The Scenes
lBurP2iNipc,"Monica, O My Darling"
lBurP2iNipc,"Rajkummar Rao, Radhika Apte, Huma Qureshi & More"
doTBNZnSwaI,Dhokha: Round D Corner
doTBNZnSwaI,Official Trailer
doTBNZnSwaI,"R. Madhavan, Aparshakti, Khushali, Darshan"
PLsF0sd6GiY,Cat
PLsF0sd6GiY,Official Hindi Trailer
PLsF0sd6GiY,Randeep Hooda
PLsF0sd6GiY,Netflix India
4vrnEoBLRu0,Cat
4vrnEoBLRu0,Official Trailer
4vrnEoBLRu0,Randeep Hooda
4vrnEoBLRu0,Netflix India
3rRSBsOcc_Q,What Happened On The Prometheus?
3rRSBsOcc_Q,1899
3rRSBsOcc_Q,Netflix India
6dHlFJzq3d8,Mona Singh As Laal'S Mother
6dHlFJzq3d8,Laal Singh Chaddha
6dHlFJzq3d8,Behind The Scenes
6dHlFJzq3d8,Mona Singh
6dHlFJzq3d8,Netflix India
reLM5DtJcZE,"Monica, Sabki Darling"
reLM5DtJcZE,"Rajkummar Rao, Radhika Apte, Huma Qureshi, Vasan Bala"
reLM5DtJcZE,Netflix India
YtfdvDd31Kk,Godfather (Telugu) Trailer
YtfdvDd31Kk,"Megastar Chiranjeevi, Nayanthara, Salman Khan"
YtfdvDd31Kk,Netflix India
6S9PjMtYTUQ,The Chase Is On: Sp Lodha Vs Chandan
6S9PjMtYTUQ,Khakee: The Bihar Chapter
6S9PjMtYTUQ,Netflix India
S_UsLny-EuU,Rajkummar Rao Or Radhika Apte: Wholl Get The Murderers Agreement?
S_UsLny-EuU,"Monica, O My Darling"
2g2sXGixh3w,Qala
2g2sXGixh3w,Official Trailer
2g2sXGixh3w,"Triptii Dimri, Babil Khan, Amit Sial, Varun Grover"
2g2sXGixh3w,Netflix India
ADT33haC8Oo,Is Rajkummar Rao The Killer?
ADT33haC8Oo,"Huma Qureshi, Akansha Ranjan Kapoor & More"
ADT33haC8Oo,"Monica, O My Darling"
6bCGwNacV64,"Try Not To Laugh Challenge Ft. Rajkummar Rao, Huma Qureshi & Radhika Apte"
6bCGwNacV64,"Monica, O My Darling"
wZwvyl4vlRg,Will Rajkummar Rao Drink That Tea?
wZwvyl4vlRg,Huma Qureshi
wZwvyl4vlRg,"Monica, O My Darling"
wZwvyl4vlRg,Netflix India
OwYNndCgyW8,What If Stranger Things Was An Indian Tv Serial
OwYNndCgyW8,"@Mythpat, @Thugesh, Meethika Dwivedi & More"
N48-XPGr3mQ,"Chhota Bheem, Chutki & Kalia Fight Rangoon"
N48-XPGr3mQ,Chhota Bheem
N48-XPGr3mQ,Netflix India
e6A99QPZKmo,"Rajkummar Rao Doesn'T Care About Social Media Ft. @Beyounick, @Varunthakurofficial,@Shreejachaturvedi"
wjPAIWgQGrQ,The Witcher: Blood Origin
wjPAIWgQGrQ,Official Teaser Trailer
wjPAIWgQGrQ,Netflix India
BdvZCcLLw0I,Can Rajkummar Rao Help @Sevengersofficial ?
BdvZCcLLw0I,"Monica, O My Darling"
BdvZCcLLw0I,Netflix India
N11HR8QjjBI,Money Heist: Korea - Joint Economic Area Part 2
N11HR8QjjBI,Official Teaser
N11HR8QjjBI,Netflix India
Z9ePM1XZqGo,"Rajkummar Rao & @Zakirkhan Discuss Srk, Gangs Of Wasseypur & More"
Z9ePM1XZqGo,"Monica, O My Darling"
LG4FkWFTLVk,Will Randeep Hooda Become A Cat?
LG4FkWFTLVk,Cat
LG4FkWFTLVk,Netflix India
dhD4vRZ8-Dk,"The Helium Challenge Ft. Rajkummar, Huma & Radhikas Voice?"
dhD4vRZ8-Dk,"Monica, O My Darling"
dhD4vRZ8-Dk,Netflix India
eYkzBQJHCw0,Sinam
eYkzBQJHCw0,Official Trailer
eYkzBQJHCw0,"Arun Vijay, Pallak Lalwani"
eYkzBQJHCw0,Netflix India
gPZtRSCx-kU,Nagarjuna Saves Anikha And Friends
gPZtRSCx-kU,The Ghost
gPZtRSCx-kU,Netflix India
UHhlAkX9MPI,Radhika Apte As Acp Naidu
UHhlAkX9MPI,"Monica, O My Darling"
UHhlAkX9MPI,Netflix India
lmhKXQBgEQU,Kho Gaye Official Music Video
lmhKXQBgEQU,"@Mostlysane, Rohit Saraf & Taaruk Raina"
lmhKXQBgEQU,Mismatched Season 2
WoedLBNAvC4,Huma Qureshi As Monica
WoedLBNAvC4,"Monica, O My Darling"
WoedLBNAvC4,Netflix India
4Ba6CmGPbz4,Glass Onion: A Knives Out Mystery
4Ba6CmGPbz4,Official Trailer
4Ba6CmGPbz4,Netflix India
KahYkxIQQwM,Rajkummar Rao As Jayant
KahYkxIQQwM,Monica O My Darling
KahYkxIQQwM,Netflix India
8GF5A3XKnT8,5 Superhero Scenes That Gave Us Goosebumps
8GF5A3XKnT8,"The Dark Knight, Minnal Murali, Wonder Woman, And More"
Sr8DjPKWDfM,Meeting Sherlock Holmes & Mycroft Holmes
Sr8DjPKWDfM,Enola Holmes
Sr8DjPKWDfM,Millie Bobby Brown & Henry Cavill
B-D6olIkVwU,Nagarjuna And Sonal Chauhan Infiltrate A Terrorist Camp
B-D6olIkVwU,The Ghost
B-D6olIkVwU,Netflix India
MK5A0klYcP4,Karan Tacker & Avinash Tiwary React To The Trailer Of Khakee: The Bihar Chapter
MK5A0klYcP4,Netflix India
f9tFUpf3Dqk,Behind The Scenes With The Cast Of Mismatched
f9tFUpf3Dqk,"@Mostlysane, Rohit Saraf, Rannvijay Singha, And More"
XneHBxjMg_Y,Khakee: The Bihar Chapter
XneHBxjMg_Y,Official Trailer
XneHBxjMg_Y,Netflix India
aw8cem2SDac,Thalapathy Vijay Saves A Child
aw8cem2SDac,Beast Movie Scene
aw8cem2SDac,Netflix India
71SChOkx3e4,Elite: Season 6
71SChOkx3e4,Official Trailer
71SChOkx3e4,Netflix India
1Do7TVtrV3A,The Horrors Of Akku Yadav
1Do7TVtrV3A,Indian Predator: Murder In A Courtroom
1Do7TVtrV3A,Netflix India
7ZAnfs7Kr3s,Sadabahar
7ZAnfs7Kr3s,By Suyash Kamat
7ZAnfs7Kr3s,Take Ten
7ZAnfs7Kr3s,Netflix India
Krd8vzRmA5A,Screen
Krd8vzRmA5A,By Sandip Kishan Anbuselvan
Krd8vzRmA5A,Take Ten
Krd8vzRmA5A,Netflix India
5NsH9t-Lr8Q,Soul-Kadhi
5NsH9t-Lr8Q,By Sameeha Sabnis
5NsH9t-Lr8Q,Take Ten
5NsH9t-Lr8Q,Netflix India
TWcjwQpnzGA,Lokkhon Rekha
TWcjwQpnzGA,By Rohan Shyam Chowdhury
TWcjwQpnzGA,Take Ten
TWcjwQpnzGA,Netflix India
Gm-b0jB7nX0,Home 2
Gm-b0jB7nX0,By Ria Nalavade
Gm-b0jB7nX0,Take Ten
Gm-b0jB7nX0,Netflix India
ro8_hL7xk1U,Stockholm
ro8_hL7xk1U,By Murali Krishnan
ro8_hL7xk1U,Take Ten
ro8_hL7xk1U,Netflix India
qPAbXKBKdIc,Bijli
qPAbXKBKdIc,By Manasvini Boovarahan
qPAbXKBKdIc,Take Ten
qPAbXKBKdIc,Netflix India
3_b7u6mN9Vw,Chhoti Si Baat
3_b7u6mN9Vw,By Hitarth Rakesh Desai
3_b7u6mN9Vw,Take Ten
3_b7u6mN9Vw,Netflix India
3Snlj7yzFQw,Salt
3Snlj7yzFQw,By Barkha Naik
3Snlj7yzFQw,Take Ten
3Snlj7yzFQw,Netflix India
tfl9FGkrQ-k,Home
tfl9FGkrQ-k,By Aditi Sharma
tfl9FGkrQ-k,Take Ten
tfl9FGkrQ-k,Netflix India
7ePxlGxDqe8,The Ghost - Theatrical
7ePxlGxDqe8,Official Trailer
7ePxlGxDqe8,"Akkineni Nagarjuna, Praveen Sattaru, Mark K Robin"
FGfjIatMjJc,@Tanmaybhat & @Hoezaay React To The Haunting Of Hill House
FGfjIatMjJc,Netflix India
AQubo_u_jec,"Monica, O My Darling"
AQubo_u_jec,"Rajkummar Rao, Huma Qureshi, Radhika Apte"
AQubo_u_jec,Official Trailer
AQubo_u_jec,Netflix India
gbWE47w2oLE,Challenge: Try To Not Get Scared
gbWE47w2oLE,Halloween Special
gbWE47w2oLE,Netflix India
ZpSNktbeULo,Manjulikas Appraisal Meeting Ft. @Rjkarishma.
ZpSNktbeULo,Halloween Special
ZpSNktbeULo,Netflix India
C2vDonfLLBM,Kaun Hai?
C2vDonfLLBM,Bhool Bhulaiyaa 2 Scary Scene
C2vDonfLLBM,Tabu
C2vDonfLLBM,Netflix India
ODMCn6tGJGE,Why Is Rajkummar Rao Upset?!
ODMCn6tGJGE,"Monica, O My Darling"
ODMCn6tGJGE,Netflix India
9bJ_uTIZbX4,Dubai Bling
9bJ_uTIZbX4,Official Trailer
9bJ_uTIZbX4,Now Streaming
9bJ_uTIZbX4,Netflix India
IMJKgwJaz_I,"Who Is Most Likely To Ft. @Mostlysane, Rohit Saraf & Vihaan Samat"
IMJKgwJaz_I,Mismatched Season 2
94lLJy5-Kww,Khakee: The Bihar Chapter
94lLJy5-Kww,Official Teaser
94lLJy5-Kww,Netflix India
1GpILuQn04I,Aditya Roy Kapoor & Sanya Malhotra'S Date Scene
1GpILuQn04I,Ludo
1GpILuQn04I,Netflix India
GSUKUQvfGOA,Ammini Annaan Is Here!
GSUKUQvfGOA,Oru Thekkan Thallu Case
GSUKUQvfGOA,Biju Menon
GSUKUQvfGOA,Netflix India
qiEinfFH98A,Dimples Love Confession
qiEinfFH98A,"@Mostlysane, Rohit Saraf"
qiEinfFH98A,Mismatched
qiEinfFH98A,Netflix India
UDjCsnT4lBI,15 Years Of Jab We Met
UDjCsnT4lBI,"Shahid Kapoor, Kareena Kapoor Khan, Imtiaz Ali"
UDjCsnT4lBI,Netflix India
VQL_FmwLV5Y,Khakee: The Bihar Chapter
VQL_FmwLV5Y,Neeraj Pandey
VQL_FmwLV5Y,Exclusive Sneak Peek
VQL_FmwLV5Y,Netflix India
G5G2ymTAqtw,Daya And Tapu Save Jethalal
G5G2ymTAqtw,Taarak Mehta Kka Chhota Chashmah
G5G2ymTAqtw,Netflix India
HBvKqJ4TFnI,A Tale Of Patels
HBvKqJ4TFnI,Hasan Minhaj: The King'S Jester
HBvKqJ4TFnI,Stand Up Comedy
HBvKqJ4TFnI,Netflix India
131QoiwfMXg,5 Types Of People During Diwali
131QoiwfMXg,"Nawazuddin Siddiqui, Keerthy Suresh & More"
131QoiwfMXg,Netflix India
mY8VV1Lw8Is,Cherrapunji Lo Deepavali
mY8VV1Lw8Is,#Housefulwaalidiwali
mY8VV1Lw8Is,Netflix India
78eeUia19q8,"Deepavali Sirappu Pattimandram Ft. Raja, Bharathy Bhaskar, Mohanasundaram"
78eeUia19q8,Netflix India
NoSHtotqMw4,Cherrapunji-Yin Deepavali
NoSHtotqMw4,#Housefulwaalidiwali
NoSHtotqMw4,Netflix India
6Si2KjpmL04,Aamir Khan In & As Laal Singh Chaddha
6Si2KjpmL04,Behind The Scenes
6Si2KjpmL04,Netflix India
gEXC0SwXyRM,The Mismatched Round Table
gEXC0SwXyRM,"@Mostlysane, Rohit Saraf, Rannvijay Singha, & More"
gEXC0SwXyRM,Netflix India
fmU56rK_VxE,Super Senior Heroes
fmU56rK_VxE,Official Trailer
fmU56rK_VxE,"Bhagyaraj, Ambika, Pandiarajan"
fmU56rK_VxE,Netflix India
NALpUMraeug,Cherrapunji Ki Diwali
NALpUMraeug,#Housefulwaalidiwali
NALpUMraeug,Netflix India
5jKtHmbJOxM,Murder In A Courtroom
5jKtHmbJOxM,Indian Predator: Season 3
5jKtHmbJOxM,Official Trailer
5jKtHmbJOxM,Netflix India
8ICfEDiuTU8,The Crown
8ICfEDiuTU8,Season 5 Official Trailer
8ICfEDiuTU8,Netflix India
qQlryViBW9A,Kaira Meets Jug
qQlryViBW9A,Dear Zindagi
qQlryViBW9A,"Shah Rukh Khan, Alia Bhatt"
qQlryViBW9A,Netflix India
ESBZC9tGJFw,@Mostlysane & Rohit Saraf Take The Cold Coffee Challenge
ESBZC9tGJFw,Mismatched Season 2
ESBZC9tGJFw,Netflix India
LHRWk7l_SO0,Murder In A Courtroom
LHRWk7l_SO0,Indian Predator
LHRWk7l_SO0,Official Teaser
LHRWk7l_SO0,Crime Documentary
LHRWk7l_SO0,Netflix India
LDThZYiRk6Y,Can Taapsee Pannu Time Travel To The Past?
LDThZYiRk6Y,Anurag Kashyap
LDThZYiRk6Y,Dobaaraa
LDThZYiRk6Y,Netflix India
RM63JE6EFQ4,Mismatched Cast Takes A Compatibility Test
RM63JE6EFQ4,"@Mostlysane, Rohit Saraf"
RM63JE6EFQ4,Mismatched: Season 2
vxeIJbZ7VHU,90S Kids React To Rajinikanth'S Sivaji
vxeIJbZ7VHU,"Ft. @Kishendasyt, @Theabishekkumar"
vxeIJbZ7VHU,Netflix India
fpNVDDDcb4k,@Mostlysane & Rohit Saraf Play With Puppies
fpNVDDDcb4k,Mismatched Season 2
fpNVDDDcb4k,Netflix India
1vkTTesCudE,Aamir Khan And Naga Chaitanya Become Chaddi Buddies
1vkTTesCudE,Laal Singh Chaddha
1vkTTesCudE,Netflix India
ls-Ou44A4SI,Rohit Saraf & @Mostlysane'S First Audition
ls-Ou44A4SI,Mismatched Season 2
ls-Ou44A4SI,Netflix India
L1u1U_WnDVM,Srk Learns A New Dance Move
L1u1U_WnDVM,Shah Rukh Khan
L1u1U_WnDVM,Aamir Khan
L1u1U_WnDVM,Laal Singh Chaddha
L1u1U_WnDVM,Netflix India
l4Hc-pmnuDg,"@Mostlysane, Rohit Saraf & Mismatched Cast React To Audition Tapes"
l4Hc-pmnuDg,Mismatched Season 2
_sfW4HTtDCo,Pipni Official Music Video
_sfW4HTtDCo,Mismatched
_sfW4HTtDCo,@Mostlysane
_sfW4HTtDCo,"Anurag S, Raj S, Vivek H, Jonita G, Neha K"
Qo3MRcjEeG8,Mismatched Season 2
Qo3MRcjEeG8,Now Streaming
Qo3MRcjEeG8,"@Mostlysane, Rohit Saraf, @Rannvijayofficial"
hlPL8sKpx5w,"Tanmay Bhat, Aishwarya Mohanraj & Pavitra Shetty React To Fabulous Lives Of Bollywood Wives S2"
6alZprbaLSk,Oru Thekkan Thallu Case
6alZprbaLSk,Official Trailer
6alZprbaLSk,"Biju Menon, Roshan Mathew, Padmapriya"
6alZprbaLSk,Netflix India
D2zogYRUexg,@Rannvijayofficial & Vidya Malvade Cook Biryani
D2zogYRUexg,Mismatched Season 2
D2zogYRUexg,Netflix India
YjllO7-K9k4,Aise Kyun Official Lyric Video
YjllO7-K9k4,"Rekha Bhardwaj, Anurag Saikia, Raj Shekhar"
YjllO7-K9k4,Mismatched Season 2
kHlMGvltF8s,Enola Holmes 2
kHlMGvltF8s,Official Trailer: Part 2
kHlMGvltF8s,"Millie Bobby Brown, Henry Cavill"
kHlMGvltF8s,Netflix India
oG1L-Pi7T1M,Watchlist For The Month
oG1L-Pi7T1M,New On Netflix
oG1L-Pi7T1M,Netflix For All
oG1L-Pi7T1M,Netflix India
7y-10dAzZGM,Love Is Love Official Lyric Video
7y-10dAzZGM,@Anoushkamaskey & @Cosmicgrooves
7y-10dAzZGM,Mismatched Season 2
RJarTarsY18,Jaanu Na Official Lyric Video
RJarTarsY18,"@Mostlysane, Vihaan, Rohit & Sanjana"
RJarTarsY18,Danish Sood
yi1SNV25d88,Blockbuster
yi1SNV25d88,Official Trailer
yi1SNV25d88,"Melissa Fumero, Randall Park"
yi1SNV25d88,Netflix India
AIuqLXQhW8U,Mismatched: Season 1 Recap
AIuqLXQhW8U,"@Mostlysane, Rohit Saraf"
AIuqLXQhW8U,Netflix India
z957oUHfqxQ,Mehmaan Official Lyric Video
z957oUHfqxQ,"@Sickflipofficial, Raitila Rajasthan"
z957oUHfqxQ,Mismatched Season 2
Qlz5xjmrbF0,Love Story
Qlz5xjmrbF0,Aamir Khan And Kareena Kapoor Khan
Qlz5xjmrbF0,Laal Singh Chaddha
Qlz5xjmrbF0,Netflix India
e1WdU2kjiDA,Slumberland
e1WdU2kjiDA,Official Trailer
e1WdU2kjiDA,Jason Momoa
e1WdU2kjiDA,Netflix India
dkFBvqxu_Dk,The Cold Coffee Revenge Bts
dkFBvqxu_Dk,"@Mostlysane, Rohit Saraf"
dkFBvqxu_Dk,Mismatched
dkFBvqxu_Dk,Netflix India
AKYole6-_Wk,Laal Singh Chaddha Teaser
AKYole6-_Wk,Now Streaming
AKYole6-_Wk,Aamir Khan
AKYole6-_Wk,Netflix India
ktRx5MpmK6s,Chris Hemsworth'S Badass Action Scene
ktRx5MpmK6s,Extraction
ktRx5MpmK6s,Netflix India
AeTsMFbmK14,Dobaaraa
AeTsMFbmK14,Official Trailer
AeTsMFbmK14,"Taapsee Pannu, Pavail Gulati, Anurag Kashyap"
AeTsMFbmK14,Netflix India
oA8-z3p4oh0,Mismatched
oA8-z3p4oh0,Season 1 Episode 1
oA8-z3p4oh0,"Rohit Saraf, @Mostlysane"
oA8-z3p4oh0,Netflix India
8vQk0TRJJkE,A Play About Love
8vQk0TRJJkE,"Kalidas Jayaram, Kalaiyarasan, Dushara Vijayan"
8vQk0TRJJkE,Natchathiram Nagargiradhu
i1-WFSPGv-8,Unfiltered With Riteish Deshmukh Ft. @Unfilteredbysamdish
i1-WFSPGv-8,Plan A Plan B
i1-WFSPGv-8,Netflix India
49Y_ZjvKado,Berlin
49Y_ZjvKado,Character Introduction
49Y_ZjvKado,Money Heist
49Y_ZjvKado,Netflix India
HCazexjzYaI,The Single Best Friend In The Group
HCazexjzYaI,"@Rickshawali, Ruhee Dosani, Tamannaah"
HCazexjzYaI,Plan A Plan B
qo0zljM_xyc,Passing The Parcel Game Scene
qo0zljM_xyc,Welcome
qo0zljM_xyc,"Akshay Kumar, Katrina Kaif, Paresh Rawal"
qo0zljM_xyc,Netflix India
YcSG2LgF2vI,Munnabhai Has The Best Adviser!
YcSG2LgF2vI,Lage Raho Munnabhai Scene
YcSG2LgF2vI,Netflix India
83VDc0a6YHs,Scams Gone Wrong!
83VDc0a6YHs,Jamtara Season 2
83VDc0a6YHs,Netflix India
4bpwjm1dVRU,Behind The Scenes Of Natchathiram Nagargiradhu Ft. Pa. Ranjith & @Kishendasyt
4bpwjm1dVRU,Netflix India
LgLRAujbJos,Jamtara Police Uncovers A New Scam
LgLRAujbJos,Jamtara Season 2
LgLRAujbJos,Netflix India
XbY_iYjGHCo,Why Are @Rahulvaidyarkv & Disha Parmar Still Fighting?!
XbY_iYjGHCo,"Riteish, Tamannaah"
XbY_iYjGHCo,Plan A Plan B
rOscX8EnQDw,@Amitbhadana: Scammed Or Scamster?
rOscX8EnQDw,Jamtara Season 2
rOscX8EnQDw,Netflix India
6F68COnwCkk,Natchathiram Nagargiradhu
6F68COnwCkk,Official Trailer
6F68COnwCkk,Now Streaming
6F68COnwCkk,Pa Ranjith
6F68COnwCkk,Netflix India
xRbDzLL3q2I,@Tanmaybhat & @Shenaztreasury.. React To Ishq Vishk
xRbDzLL3q2I,Netflix India
DbsnUTZcTbc,The Ultimate Dance Challenge Between Riteish Deshmukh & Tamannaah
DbsnUTZcTbc,Plan A Plan B
DbsnUTZcTbc,Netflix India
cq7Btw-NQyQ,Tafriyan Behind The Scenes
cq7Btw-NQyQ,"Diljit Dosanjh, Amyra Dastur"
cq7Btw-NQyQ,Jogi
cq7Btw-NQyQ,Netflix
OUT5d6-HUzI,New Scammer In Town
OUT5d6-HUzI,Jamtara Season 2
OUT5d6-HUzI,Netflix India
s4H_3GICRPY,Rapid Fire Ft. Diljit Dosanjh
s4H_3GICRPY,Jogi
s4H_3GICRPY,Netflix India
zwKusghpo-c,Kya Aap Banenge Crorepati?
zwKusghpo-c,Lottery Scam
zwKusghpo-c,Sparsh Shrivastava
zwKusghpo-c,Jamtara
zwKusghpo-c,Netflix India
TSe_PxijyTQ,Elite: Season 6
TSe_PxijyTQ,Date Announcement
TSe_PxijyTQ,Netflix India
XeCt1zg2t3c,Seema And Maheeps Expensive Skin Routine
XeCt1zg2t3c,Fabulous Lives Of Bollywood Wives S2
XeCt1zg2t3c,Netflix India
R4ccpO4hgUs,Glass Onion: A Knives Out Mystery
R4ccpO4hgUs,Exclusive Clip
R4ccpO4hgUs,Netflix India
GvdpQkb1R2I,Never Have I Ever: Season 4
GvdpQkb1R2I,Coming Soon
GvdpQkb1R2I,Netflix India
O-yUhtCaDIY,Manifest: Season 4
O-yUhtCaDIY,Official Trailer
O-yUhtCaDIY,Netflix India
4bfILyejyaI,Jason Momoa Shares The Rules Of Slumberland
4bfILyejyaI,Netflix India
KUZd3OAD3Vc,Wednesday Addams Vs. Thing
KUZd3OAD3Vc,Official Clip
KUZd3OAD3Vc,Netflix
ZTMac-qbBSc,Emily In Paris Season 3
ZTMac-qbBSc,Date Announcement Teaser
ZTMac-qbBSc,Netflix India
JdTJEQNuAXo,Hellbound
JdTJEQNuAXo,Season 2 Announcement
JdTJEQNuAXo,Netflix India
dEt4sprqwLg,Extraction 2
dEt4sprqwLg,Exclusive First Look
dEt4sprqwLg,Netflix India
mNawKx9-vyQ,You
mNawKx9-vyQ,Season 4 Date Announcement
mNawKx9-vyQ,Netflix India
Zt8E5u8jXdA,Heart Of Stone
Zt8E5u8jXdA,First Look
Zt8E5u8jXdA,Netflix India
QLtBdv1Z73A,Enola Holmes 2
QLtBdv1Z73A,Official Trailer: Part 1
QLtBdv1Z73A,Netflix India
Bg00W8-cxWs,Tudum India: A Netflix Global Fan Event
eRaNXtcThww,Guns & Gulaabs
eRaNXtcThww,Official Teaser
eRaNXtcThww,Raj&Dk
eRaNXtcThww,"Rajkummar, Dulquer, Adarsh, Gulshan"
eRaNXtcThww,Netflix India
02H-PnMNt5c,Nayanthara: Beyond The Fairy Tale
02H-PnMNt5c,Official Teaser
02H-PnMNt5c,Netflix India
uHBLwhFt2tA,Chor Nikal Ke Bhaga
uHBLwhFt2tA,Official Teaser
uHBLwhFt2tA,"Yami Gautam, Sunny Kaushal"
uHBLwhFt2tA,Netflix India
PLzui4qIcxo,Qala
PLzui4qIcxo,Official Teaser
PLzui4qIcxo,"Triptii Dimri, Babil Khan, Swastika Mukherjee"
PLzui4qIcxo,Netflix India
51wDl5h3R9w,Cat
51wDl5h3R9w,Official Teaser
51wDl5h3R9w,Randeep Hooda
51wDl5h3R9w,Netflix India
oLGUkAs82co,Killer Soup
oLGUkAs82co,Official Teaser
oLGUkAs82co,"Konkona Sensharma, Manoj Bajpayee"
oLGUkAs82co,Netflix India
JO58WTosGSs,Kathal
JO58WTosGSs,Official Teaser
JO58WTosGSs,"Sanya Malhotra, Rajpal Yadav, Vijay Raaz"
JO58WTosGSs,Netflix India
o84-SXX020Q,Scoop
o84-SXX020Q,Official Teaser
o84-SXX020Q,"Hansal Mehta, Karishma Tanna"
o84-SXX020Q,Netflix India
lCam4jxpfCI,Class
lCam4jxpfCI,Official Teaser
lCam4jxpfCI,Netflix India
9kcYzWG7fxA,Khufiya
9kcYzWG7fxA,Official Teaser
9kcYzWG7fxA,"Tabu, Ali Fazal, Wamiqa Gabbi"
9kcYzWG7fxA,Netflix India
6pfYi8r9K6E,Rana Naidu
6pfYi8r9K6E,Official Teaser
6pfYi8r9K6E,"Rana Daggubati, Daggubati Venkatesh, Surveen Chawla"
6pfYi8r9K6E,Netflix India
Sh0It6RjyVE,Ek Zindagi Video
Sh0It6RjyVE,"Rajkummar Rao, Huma S. Qureshi, Radhika Apte"
Sh0It6RjyVE,"Monica, O My Darling"
CO4CPqTAvmo,Tudum Korea: A Netflix Global Fan Event
8TfFviTqMc4,@Anjaliaroramaxu Scammed Worth 10 Lakh?
8TfFviTqMc4,Jamtara Season 2 Is Now Streaming
8TfFviTqMc4,Netflix India
2IIE704TWjc,"@Mcstanofficial666 'S 80,000 Ke Joote: Og Ya Scam?"
2IIE704TWjc,Jamtara Season 2 Is Now Streaming
2IIE704TWjc,Netflix India
AHOYPUI7_Fc,Uorfi Javed Scammed?!
AHOYPUI7_Fc,Jamtara Season 2 Is Now Streaming
AHOYPUI7_Fc,Netflix India
8lTNIlvwvuk,Ab Sabka Number Lagega
8lTNIlvwvuk,Jamtara Season 2
8lTNIlvwvuk,One Day To Go
8lTNIlvwvuk,Netflix India
ja5mA82IOqE,Tafriyan Lyric Video
ja5mA82IOqE,"Diljit Dosanjh, Amyra Dastur"
ja5mA82IOqE,"Neha Bhasin, Sameer Uddin, Shellee"
ja5mA82IOqE,Jogi
1FRRYhmrUjE,Riteish And Tamannaah Debate Over Truths Vs Lies
1FRRYhmrUjE,Plan A Plan B
1FRRYhmrUjE,Netflix India
_drYIVu_wHE,Jogi: Behind The Scenes
_drYIVu_wHE,"Diljit Dosanjh, Hiten Tejwani, Mohammed Zeeshan Ayyub"
_drYIVu_wHE,Netflix India
6w15JIb7UXc,Keh Do Ke
6w15JIb7UXc,Official Lyric Video
6w15JIb7UXc,Plan A Plan B
6w15JIb7UXc,"Riteish, Tamannaah"
6w15JIb7UXc,"Bann, Vivek, Mali"
vIZWLvcMS9c,Mismatched: Season 2
vIZWLvcMS9c,Official Trailer
vIZWLvcMS9c,"@Mostlysane, Rohit Saraf, Rannvijay Singha"
vIZWLvcMS9c,Netflix India
PIMgIRmZF3w,Seema And Neelam Argue Over Their Past Differences
PIMgIRmZF3w,Fabulous Lives Of Bollywood Wives Season 2
tJqu0y3KafI,Breaking Down The Scene Ft. Ali Abbas Zafar
tJqu0y3KafI,Jogi
tJqu0y3KafI,Netflix India
XrMzY7W1ZXE,Jamtaras Next Big Scam
XrMzY7W1ZXE,"Sparsh Shrivastava, Monika Panwar, Anshumaan Pushkar"
XrMzY7W1ZXE,Jamtara Season 2
Y1MEmbu-ycg,Saiyyaan Ve Lyric Video
Y1MEmbu-ycg,Diljit Dosanjh
Y1MEmbu-ycg,"Raj Ranjodh, Shadab Faridi"
Y1MEmbu-ycg,Jogi
Y1MEmbu-ycg,Netflix India
DbspRYc0T_s,Meet The Match Maker
DbspRYc0T_s,Tamannaah Bhatia
DbspRYc0T_s,Plan A Plan B
DbspRYc0T_s,Netflix India
jDhYLBtAj5c,Meet The Divorce Lawyer
jDhYLBtAj5c,Riteish Deshmukh
jDhYLBtAj5c,Plan A Plan B
jDhYLBtAj5c,Netflix India
pF86DMWCZeE,Tudum India: A Global Fan Event
pF86DMWCZeE,Official Trailer
pF86DMWCZeE,Netflix India
_Pq6c-ttwDw,Who Will Win This Election?
_Pq6c-ttwDw,Jamtara Season 2
_Pq6c-ttwDw,"Amit Sial, Monika Panwar"
_Pq6c-ttwDw,Netflix India
0NaD007-LZM,The Best Of The Bollywood Husbands
0NaD007-LZM,Fabulous Lives Of Bollywood Wives
0NaD007-LZM,Netflix India
QdT7CI0ifhU,Mittar Pyaare Nu
QdT7CI0ifhU,Official Music Video
QdT7CI0ifhU,Diljit Dosanjh
QdT7CI0ifhU,Jogi
QdT7CI0ifhU,Netflix India
g6XSRs5XXPA,Who Is The Bigger Scammer?
g6XSRs5XXPA,"Sparsh Shrivastava, Anshumaan Pushkar"
g6XSRs5XXPA,Jamtara Season 2
c4CNLj1dcOY,5 Questions With Diljit Dosanjh
c4CNLj1dcOY,Jogi
c4CNLj1dcOY,Netflix India
1aLPy3fId9o,Cold Coffee Revenge
1aLPy3fId9o,"@Mostlysane, Rohit Saraf"
1aLPy3fId9o,Mismatched Season 2
1aLPy3fId9o,Netflix India
WXeevWGujmA,Talli
WXeevWGujmA,Official Music Video
WXeevWGujmA,Plan A Plan B
WXeevWGujmA,"Riteish Desmukh, Tamannaah Bhatia @Bannchakraborty"
gC_HwIt1cAg,The Ultimate Bicycle Chase Ft. Tovino Thomas
gC_HwIt1cAg,Thallumaala
gC_HwIt1cAg,Netflix India
35sJvBfHlic,Dating App Scams
35sJvBfHlic,Jamtara Season 2
35sJvBfHlic,Netflix India
QxaYhP4xfD8,Jogi: A Symbol Of Friendship
QxaYhP4xfD8,Diljit Dosanjh
QxaYhP4xfD8,Netflix India
kUlfeMUUy-c,Arjun Kapoor Becomes Ek Villain
kUlfeMUUy-c,Ek Villain Returns
kUlfeMUUy-c,Netflix India
zFhhdCFhEg0,Diljit Dosanjh Reacts To Trailer Comments
zFhhdCFhEg0,Jogi
zFhhdCFhEg0,Netflix India
rqRHK1Jewvg,Mismatched Season 2
rqRHK1Jewvg,Date Announcement
rqRHK1Jewvg,"@Mostlysane, Rohit Saraf, @Rannvijayofficial"
OFFAYRmV9Wg,Tudum: A Netflix Global Fan Event
OFFAYRmV9Wg,Official Trailer
OFFAYRmV9Wg,24 September
OFFAYRmV9Wg,Netflix
rGkY--aI_JM,Jamtara Season 1 Recap
rGkY--aI_JM,"Amit Sial, Monika Panwar, Sparsh Shrivastava"
rGkY--aI_JM,Netflix India
9bhsxzE8zqk,Thallumaala Inside A Theater
9bhsxzE8zqk,Tovino Thomas
9bhsxzE8zqk,Thallumaala
9bhsxzE8zqk,Netflix India
xDG57NLYTc4,Steps To Become A Villain
xDG57NLYTc4,"John Abraham, Arjun Kapoor, Disha Patani, Tara Sutaria"
0Pz2vL6tVrk,Kachha Baniyan Gang: The Real Story Behind Delhi Crime Season 2
0Pz2vL6tVrk,Netflix India
HykofdboPyg,Plan A Plan B
HykofdboPyg,Official Trailer
HykofdboPyg,"Riteish Deshmukh, Tamannaah Bhatia"
HykofdboPyg,Netflix India
BgKf6p0VmxI,Can Sima Taparia Match Riteish And Tamannaah?!
BgKf6p0VmxI,Plan A Plan B
BgKf6p0VmxI,Netflix India
u0PzNbXthEc,Jamtara: Season 1
u0PzNbXthEc,Episode 1 & 2 Out Now On Youtube
u0PzNbXthEc,Monika Panwar & Sparsh Shrivastava
5upM-G67_Rs,Jamtara: Season 1
5upM-G67_Rs,Episode 2
5upM-G67_Rs,"Amit Sial, Monika Panwar, Sparsh Shrivastava"
5upM-G67_Rs,Netflix India
MLWb4z12-U4,Jamtara: Season 1
MLWb4z12-U4,Episode 1
MLWb4z12-U4,"Amit Sial, Monika Panwar, Sparsh Shrivastava"
MLWb4z12-U4,Netflix India
Xm7PI2dl92E,Raja'S Confessions
Xm7PI2dl92E,Indian Predator: The Diary Of A Serial Killer
Xm7PI2dl92E,Netflix India
S3pzBFRsXHg,Tovino Thomas Is Attacked
S3pzBFRsXHg,Thallumaala
S3pzBFRsXHg,Netflix India
HQOVn8tuMg0,Life Ka Ek Hi Rule
HQOVn8tuMg0,"Disha Patani, John Abraham"
HQOVn8tuMg0,Ek Villain Returns
HQOVn8tuMg0,Netflix India
0h0YBYpnp64,@Techburner Reviews Mission: Impossible Gadgets
0h0YBYpnp64,Tom Cruise
0h0YBYpnp64,Netflix India
Kk4wMknL0zg,Who Is Raja Kolander?
Kk4wMknL0zg,Indian Predator: The Diary Of A Serial Killer
Kk4wMknL0zg,Netflix India
lfc2uGRWf80,Kevin Hart Gets Chased By A Lion Ft. Mark Wahlberg
lfc2uGRWf80,Me Time
lfc2uGRWf80,Netflix India
B2fIIjl6zEg,The Man Who Survived A Serial Killer
B2fIIjl6zEg,Indian Predator: The Diary Of A Serial Killer
UjpGVNbEkRU,Sassy Replies By The Fab Wives
UjpGVNbEkRU,Fabulous Lives Of Bollywood Wives
UjpGVNbEkRU,Netflix India
MsIWSI1XhEk,Glass Onion: A Knives Out Mystery
MsIWSI1XhEk,Official Teaser Trailer
MsIWSI1XhEk,Netflix India
0Lsa8Iy0JHo,Alia Bhatt Has A Trick For Varun Dhawan
0Lsa8Iy0JHo,Humpty Sharma Ki Dulhania
0Lsa8Iy0JHo,Netflix India
S8Y_WeUHAeg,The Good Nurse
S8Y_WeUHAeg,Official Trailer
S8Y_WeUHAeg,Netflix India
jIVlPRlGNF0,"Nammal Onnalle Ft. Varkey, @Officialfejo & @Becheekha"
jIVlPRlGNF0,Malayalam Music Video
jIVlPRlGNF0,Netflix India
_FR_HeAMRoA,Man Or A Monster?
_FR_HeAMRoA,Indian Predator: The Diary Of A Serial Killer
_FR_HeAMRoA,Now Streaming
_FR_HeAMRoA,Netflix India
NOI8LDS2lmY,Lee Cheong-San Vs Yoon Gwi-Nam Epic Fight Scene
NOI8LDS2lmY,All Of Us Are Dead
NOI8LDS2lmY,Netflix India
RZeGm16Y1Ks,Rajkummar Rao Breaks Down The Chase Sequence
RZeGm16Y1Ks,Hit: The First Case
RZeGm16Y1Ks,
RZeGm16Y1Ks,Netflix India
rnx9-acfi_E,Only Dares With Karan Wahi
rnx9-acfi_E,"Maheep Kapoor, Neelam Kothari, Seema Sajdeh, Bhavana Pandey"
bKhlFqlZu68,Ek Villain Returns
bKhlFqlZu68,Official Trailer
bKhlFqlZu68,"John Abraham, Disha Patani, Arjun Kapoor, Tara Sutaria"
B7DITYZzlrU,Meet The Sadistic Killer
B7DITYZzlrU,Indian Predator: The Diary Of A Serial Killer
B7DITYZzlrU,Netflix India
NhS5R6hDVaw,Is This A Test Of Their Friendship?
NhS5R6hDVaw,Fabulous Lives Of Bollywood Wives
NhS5R6hDVaw,Netflix India
XHX0w9wO2PY,Becoming Dcp Vartika Chaturvedi
XHX0w9wO2PY,Behind The Scenes
XHX0w9wO2PY,Delhi Crime Season 2
XHX0w9wO2PY,Shefali Shah
XHX0w9wO2PY,
wObi2Wi4jIY,Actors Unfiltered Ft. Shefali Shah & Tillotama Shome
wObi2Wi4jIY,Delhi Crime Season 2
wObi2Wi4jIY,Netflix India
hq70XgYmAoQ,Rajkummar Rao Finds A Suspicious Note
hq70XgYmAoQ,Hit: The First Case
hq70XgYmAoQ,Netflix India
cnqH0vL2S3M,"The Roast Of Vijay Varma Ft. @Zakirkhan, @Varunthakurofficial, @Shreejachaturvedi And More"
mVWqbfNOBWA,Alia Bhatt And Shefali Shah Have Plans For Vijay Varma
mVWqbfNOBWA,Darlings
mVWqbfNOBWA,Netflix India
V4kiwm52MK4,Rajkummar Rao In Search Of The Missing Girl
V4kiwm52MK4,Hit: The First Case
V4kiwm52MK4,Netflix India
6DQ_lEmt0aM,Jamtara: Season 2
6DQ_lEmt0aM,Official Trailer
6DQ_lEmt0aM,"Amit Sial, Monika Panwar, Sparsh Shrivastava"
6DQ_lEmt0aM,Netflix India
hHtJ2NnMc0U,Uncovering Raja Kolander'S Diary
hHtJ2NnMc0U,Indian Predator: The Diary Of A Serial Killer
hHtJ2NnMc0U,Netflix India
8yBXaMDHitw,Rajkummar Rao & Sanya Malhotra Play Guess The Liar
8yBXaMDHitw,Hit: The First Case
8yBXaMDHitw,Netflix India
cgSiZjOX1v8,Delhi Police Hunts The Notorious Kachha Baniyan Gang
cgSiZjOX1v8,Delhi Crime Season 2
cgSiZjOX1v8,Netflix India
PY9nJhb4p-0,"Monica, O My Darling"
PY9nJhb4p-0,Official Teaser
PY9nJhb4p-0,"Rajkummar Rao, Radhika Apte, Huma Qureshi"
PY9nJhb4p-0,Netflix India
X3VgZVsvt-U,Jogi
X3VgZVsvt-U,Official Trailer
X3VgZVsvt-U,"Diljit Dosanjh, Hiten Tejwani, Zeeshan Ayyub, Amyra Dastur"
X3VgZVsvt-U,Netflix India
HWhLSLcxYmw,Delhi Crime: Season 2 Reviews
HWhLSLcxYmw,"Shefali Shah, Rasika Duggal"
HWhLSLcxYmw,Netflix India
tV4BB6NWWGo,Films Day 2022 At Netflix
tV4BB6NWWGo,Har Din Filmy
tV4BB6NWWGo,Netflix India
oekuBnuDLa0,Our Favourite Darlings Are Here
oekuBnuDLa0,"Alia Bhatt, Shefali Shah, Vijay Varma, Roshan Mathew"
oekuBnuDLa0,Darlings
JNpS1wwDCrM,Phero Na Najariya Sneak Peek
JNpS1wwDCrM,Qala
JNpS1wwDCrM,"Babil Khan, Swastika Mukherjee, Triptii Dimri"
JNpS1wwDCrM,Netflix India
vE_bBl-9q1c,Jhulan Goswamis Real To Reel Journey Ft. Anushka Sharma
vE_bBl-9q1c,Chakda Xpress
vE_bBl-9q1c,Netflix India
0plrLFZyrA4,Khufiya First Look Teaser
0plrLFZyrA4,"Ali Fazal, Tabu, Vishal Bhardwaj"
0plrLFZyrA4,Netflix India
Y22eDTdgbr0,First Look
Y22eDTdgbr0,Chor Nikal Ke Bhaga
Y22eDTdgbr0,"Yami Gautam Dhar, Sunny Kaushal"
Y22eDTdgbr0,Netflix India
P77qIyRwfRw,Official Teaser
P77qIyRwfRw,Plan A Plan B
P77qIyRwfRw,"Riteish Deshmukh, Tamannaah Bhatia"
P77qIyRwfRw,Netflix India
_ZC5F89iUgg,Archies Indian Debut
_ZC5F89iUgg,"Zoya Akhtar, Jon Goldwater"
_ZC5F89iUgg,Netflix India
zk8KRT_0v6U,Terry Talks To His Butt
zk8KRT_0v6U,"Andy Samberg, Terry Crews"
zk8KRT_0v6U,Brooklyn Nine-Nine Season 8
zk8KRT_0v6U,Netflix India
2Z0k-ZftJrs,Simmba Delivers His Dose Of Justice Ft. Ranveer Singh
2Z0k-ZftJrs,Sooryavanshi
2Z0k-ZftJrs,Netflix India
lXcgIS7nN-s,Sima Taparia Back To Business As Usual
lXcgIS7nN-s,Indian Matchmaking
lXcgIS7nN-s,Netflix India
Nn0zEUug-qw,Will Rasika Succeed In Convincing Her Husband?
Nn0zEUug-qw,Delhi Crime Season 2
Nn0zEUug-qw,Netflix India
XE8jfVf-iYI,@Mythpat Becomes Spider-Man?
XE8jfVf-iYI,Spider-Man: No Way Home
XE8jfVf-iYI,Netflix India
TRS_tr7I_DQ,Dcp Vartika Is Here
TRS_tr7I_DQ,Now Streaming
TRS_tr7I_DQ,Delhi Crime: Season 2
TRS_tr7I_DQ,Netflix India
4UAGIwrktmw,Disha Teaches Meenu A Lesson
4UAGIwrktmw,"Jitendra Kumar, Arushi Sharma"
4UAGIwrktmw,Jaadugar
4UAGIwrktmw,Netflix India
ZMTz4SGeZiE,Your Tollywood Watchlist Is Here
ZMTz4SGeZiE,"Ante Sundaraniki, Major & More"
ZMTz4SGeZiE,Netflix India
GakRxnC0MWw,Abhimanyu Dassani Protects Shilpa Shetty
GakRxnC0MWw,Nikamma Fight Scene
GakRxnC0MWw,Netflix India
pfKMhJh_i9s,Hit: The First Case
pfKMhJh_i9s,Official Trailer
pfKMhJh_i9s,"Rajkummar Rao, Sanya Malhotra"
pfKMhJh_i9s,Netflix India
SbM3GbcCASg,Jamtara Season 2
SbM3GbcCASg,Date Announcement
SbM3GbcCASg,"Amit Sial, Monika Panwar, Sparsh Srivastav"
SbM3GbcCASg,Netflix India
_MtiuhnDVuk,Taapsee Pannu'S Cricket Dilemma
_MtiuhnDVuk,"Taapsee Pannu, Vijay Raaz"
_MtiuhnDVuk,Shabaash Mithu
_MtiuhnDVuk,Netflix India
arBEnssgW3A,Bollywood Wives & Binoculars!
arBEnssgW3A,"Maheep Kapoor, Seema Khan, Bhavana Pandey, Neelam Kothari"
arBEnssgW3A,Flobw S2
t3oxUEIMaQo,Gangaram Encounters A Live Tiger
t3oxUEIMaQo,"Pankaj Tripathi, Neeraj Kabi"
t3oxUEIMaQo,Sherdil: The Pilibhit Saga
X0y0_BLv7EA,Your August Watchlist Is Here
X0y0_BLv7EA,Netflix For All
X0y0_BLv7EA,Netflix India
UATicuk8QrM,Delhi Crime: Season 2
UATicuk8QrM,"Do Delhi, Ek Police"
UATicuk8QrM,Netflix India
w-Uo7wnwoKQ,How To Smile Ft. Shah Rukh Khan
w-Uo7wnwoKQ,Kal Ho Naa Ho
w-Uo7wnwoKQ,Netflix India
fph9_LuX73g,Dcp Vartika In A Fight Against Time
fph9_LuX73g,Delhi Crime: Season 2
fph9_LuX73g,Shefali Shah
fph9_LuX73g,Netflix India
XMIpcMB_H2s,Tabu Catches Ayushmanns Lie
XMIpcMB_H2s,Andhadhun
XMIpcMB_H2s,Netflix India
lsf7gU3gy34,The Diary Of A Serial Killer
lsf7gU3gy34,Indian Predator: Season 2
lsf7gU3gy34,Official Trailer
lsf7gU3gy34,Netflix India
HZgw0nTRqSg,Jogi
HZgw0nTRqSg,Official Teaser
HZgw0nTRqSg,"Diljit Dosanjh, Hiten Tejwani, Mohammed Zeeshan Ayyub"
HZgw0nTRqSg,Netflix India
FPRmOV_nEL8,"@Tanmaybhat , @Prashastisinghstandup & @Rohanjoshi8016 React To Indian Matchmaking Season 2"
FPRmOV_nEL8,Netflix India
eVmzR3nWaUg,Getting Candid With The Delhi Crime Cast
eVmzR3nWaUg,"Shefali Shah, Rasika Duggal & More"
eVmzR3nWaUg,Netflix India
2l0cBaq4gDM,Fabulous Lives Of Bollywood Wives: Season 2
2l0cBaq4gDM,Official Trailer
2l0cBaq4gDM,Netflix India
fumFCAW5XCY,"Hollywood Or Bollywood Quiz Ft. Suraj Sharma, Pallavi Sharda"
fumFCAW5XCY,Wedding Season
fumFCAW5XCY,Netflix India
HlA3mytHZdg,Meet The Darlings: Behind The Scenes
HlA3mytHZdg,"Alia Bhatt, Shefali Shah, Vijay Varma, Roshan Mathew"
myvwDhahxeg,Wednesday Addams
myvwDhahxeg,Official Teaser
myvwDhahxeg,Netflix India
QtVXIdPzqiM,The Best Irani Cafe Ft. Vijay Varma
QtVXIdPzqiM,Darlings
QtVXIdPzqiM,Menu Please
QtVXIdPzqiM,Netflix India
12dY6AOfXCQ,Can Netflix Characters Survive A Zombie Apocalypse?
12dY6AOfXCQ,@Khushaalpawaar @Kareemabarry27
KxkdHcmycO8,Indian Predator: The Diary Of A Serial Killer
KxkdHcmycO8,Date Announcement
KxkdHcmycO8,Netflix India
xj_evEi7g60,Yay Or Nah
xj_evEi7g60,"Maitreyi Ramakrishnan, Jaren Lewison, Darren Barnet"
xj_evEi7g60,Never Have I Ever
xj_evEi7g60,Netflix India
tPk_Z2ebku8,Karan Finds His Lakshya
tPk_Z2ebku8,Lakshya
tPk_Z2ebku8,Netflix India
aa1JCvqXOuE,How To Catch A Bluff 101 Ft. Abhishek Bachchan
aa1JCvqXOuE,Bluffmaster!
aa1JCvqXOuE,Netflix India
mS3GvDq5TKM,The Russo Brothers React To Jagame Thandhiram
mS3GvDq5TKM,Netflix India
ZLrSR9iuzl4,@Tanmaybhat & @Thatssoviraj React To Man Vs. Bee
ZLrSR9iuzl4,Tanmay Reacts
ZLrSR9iuzl4,Netflix India
S13jaOR8Xfo,Darlings Waali Lingo
S13jaOR8Xfo,Darlings
S13jaOR8Xfo,Netflix India
fS3m1KUKSWg,"Never Have I Ever Ft. @Avantinagral, @Thetaneeshow, @Tarini_Shah & Aastha Shah"
fS3m1KUKSWg,Netflix India
oqzkK8a_3sc,"Getting Candid On Camera With Alia Bhatt, Shefali Shah, Vijay Varma"
oqzkK8a_3sc,Darlings
oqzkK8a_3sc,Netflix India
LOvuXfCWAmQ,Classic Indian Family Fights Ft. Pallavi Sharda
LOvuXfCWAmQ,Wedding Season
LOvuXfCWAmQ,Netflix India
YrMtpFyTEjM,Dcp Vartika Faces A New Threat
YrMtpFyTEjM,Delhi Crime: Season 2
YrMtpFyTEjM,Shefali Shah
YrMtpFyTEjM,Netflix India
KKOMx1m2D8o,Gopichands Powerful Action Scene
KKOMx1m2D8o,Pakka Commercial
KKOMx1m2D8o,Netflix India
_8FoPS7pbw4,"Truth Or Dare Jenga War Ft. Alia Bhatt, Shefali Shah, Vijay Varma"
_8FoPS7pbw4,Darlings
_8FoPS7pbw4,Netflix India
5vPp_F2so3k,What If Salim Kumar Was Netflix?
5vPp_F2so3k,Malayalam Sketch
5vPp_F2so3k,Netflix India
pyFyEMQBhu0,"Dating Red Flags Ft. Alia Bhatt, Vijay Varma, Shefali Shah"
pyFyEMQBhu0,Darlings
pyFyEMQBhu0,Netflix India
eBw8rFThGd4,Experience Real Content
eBw8rFThGd4,"Indian Matchmaking, Social Currency & More"
eBw8rFThGd4,Netflix India
If2QN6kdpo4,Wedding Season
If2QN6kdpo4,Official Trailer
If2QN6kdpo4,Netflix India
uLX_gQVsCK4,Delhi Crime: Season 2
uLX_gQVsCK4,Official Trailer
uLX_gQVsCK4,Netflix India
T1JvNN1bGfg,Morpheus Reaches Out To Lucifer
T1JvNN1bGfg,The Sandman
T1JvNN1bGfg,Netflix India
KsNdM5X327c,The Best Monsoon Scenes
KsNdM5X327c,"Wake Up Sid, Kuch Kuch Hota Hai, Guru, Jab We Met, Lagaan"
KsNdM5X327c,Netflix India
7a3Llo4pAgE,Vijay Varmas Boss Arrives Unexpectedly
7a3Llo4pAgE,Darlings
7a3Llo4pAgE,"Alia Bhatt, Shefali Shah, Vijay Varma"
XCr0amrMPt0,Vicky & Angira Accidentally Get Married
XCr0amrMPt0,Love Per Square Foot
XCr0amrMPt0,Netflix India
0RjO-EX0ARQ,Alia & Shefali Go To The Police Station
0RjO-EX0ARQ,Darlings
0RjO-EX0ARQ,"Alia Bhatt, Shefali Shah"
0RjO-EX0ARQ,Netflix India
RUImwYM7dGk,Who'S The Biggest Fattu?
RUImwYM7dGk,"@Tanmaybhat, @Aishmrj, @Jokesingh & Aakash Shah"
lahLsY8imYQ,Real Talk With The Cast Of Masaba Masaba Season 2
lahLsY8imYQ,"Masaba Gupta, Neena Gupta"
lahLsY8imYQ,Netflix India
qOZ1Zkbc5TQ,Darlings Is Now Streamings
qOZ1Zkbc5TQ,"Alia Bhatt, Shefali Shah, Vijay Varma"
qOZ1Zkbc5TQ,Netflix India
gmuGkYwBo9Y,Madhuri Dixit Dancing To Her Tunes
gmuGkYwBo9Y,The Fame Game
gmuGkYwBo9Y,Netflix India
J6zrQdn85pk,Shah Rukh Khan & Priyanka Chopra Car Chase
J6zrQdn85pk,Don 2
J6zrQdn85pk,Netflix India
9Yrq68XPbtY,Ryan Gosling Is A One Man Army!
9Yrq68XPbtY,The Gray Man
9Yrq68XPbtY,Netflix India
eyp7oGmWEw0,"Fboi Or Sweetboi Ft. Kusha Kapila, Masaba Gupta, Armaan & Neil"
eyp7oGmWEw0,Masaba Masaba
eyp7oGmWEw0,Netflix India
np6HQyadE20,Ryan Gosling & Chris Evans Finally Meet
np6HQyadE20,The Gray Man
np6HQyadE20,Netflix India
Vjpwz1TMlTE,Blonde
Vjpwz1TMlTE,Ana De Armas
Vjpwz1TMlTE,Official Hindi Trailer
Vjpwz1TMlTE,Netflix India
FSFRygFUfsQ,Kartik Aaryan & Kriti Sanon Confront Pankaj Tripathi
FSFRygFUfsQ,Luka Chuppi
FSFRygFUfsQ,Netflix India
WmL0tZd8rUE,5 Questions With Dhanush
WmL0tZd8rUE,The Gray Man
WmL0tZd8rUE,Netflix India
tFlAVlLKmgc,Introducing Netflix India Shorts
tFlAVlLKmgc,Netflix India
WYmPbrM51U8,A Surprise For Venkatesh & Varun Fans
WYmPbrM51U8,F3
WYmPbrM51U8,Netflix India
LpjCzDQvRFE,Haanikaarak Darlings Vs Haanikaarak Heel
LpjCzDQvRFE,Darlings
LpjCzDQvRFE,Netflix India
SuelqWaOLKU,Fateh Raising The Temperature
SuelqWaOLKU,Masaba Masaba: Season 2
SuelqWaOLKU,Netflix India
evplN0jbTMg,Doctor K Meets Masaba
evplN0jbTMg,"Kartik Aaryan, Masaba Gupta, Neena Gupta"
evplN0jbTMg,Masaba Masaba Season 2
PG3D3_3pbMM,Haanikaarak Darlings Vs Haanikaarak Toothbrush
PG3D3_3pbMM,Darlings
PG3D3_3pbMM,Netflix India
x8H-06pNZJM,"The Directors Chair Ft. The Russo Brothers, S.S. Rajamouli, Rajeev Masand"
x8H-06pNZJM,Netflix India
JqDyWHWS92w,When @Shehnaazgillofficial Met Masaba Gupta
JqDyWHWS92w,Masaba Masaba: Season 2
JqDyWHWS92w,Netflix India
Ph9F1SddyTA,Would You Rather? With The Russo Brothers Ft. @Kishendasyt
Ph9F1SddyTA,Netflix India
LYyU74Gtwj8,Haanikaarak Darlings Vs Haanikaarak Door
LYyU74Gtwj8,Darlings
LYyU74Gtwj8,Netflix India
97va-h9DynA,King Masaba Has Arrived
97va-h9DynA,Masaba Masaba: Season 2
97va-h9DynA,Now Streaming
97va-h9DynA,Netflix India
Hkhz87qgIgM,Masaba Masaba Season 2 Is Now Streaming!
Hkhz87qgIgM,"Masaba Gupta, Neena Gupta"
Hkhz87qgIgM,Netflix India #Shorts
MwydGN-mao0,Indian Matchmaking: Season 2
MwydGN-mao0,Official Trailer
MwydGN-mao0,Netflix India
ZZujnToODx8,Masaba Selects @Aishmrj 'S Mehendi Lehenga
ZZujnToODx8,Aishvlogs
ZZujnToODx8,Netflix India
S2oeTjwn-GQ,The Gray Man Travel Package Ft. @Therahuldua
S2oeTjwn-GQ,Netflix India
U9EniXkKOT0,Haanikaarak Darlings Vs Haanikaarak Iron
U9EniXkKOT0,Darlings
U9EniXkKOT0,Netflix India
uAIV8gmXioA,True Crime Shows You Must Watch!
uAIV8gmXioA,Indian Predator: The Butcher Of Delhi
uAIV8gmXioA,Netflix India #Shorts
xkplAcOLKaU,Reacting To Chatur Moments Ft. Omi Vaidya
xkplAcOLKaU,@Tanmaybhat Reacts To 3 Idiots
xkplAcOLKaU,Netflix India
1_pr14WrXAU,Darlings Lingo Put To Test
1_pr14WrXAU,"Vijay Varma, Shefali Shah, Jasmeet K Reen, Neha Dhupia"
1_pr14WrXAU,Netflix India
Zpu7aa7gack,I Attended The Darlings Trailer Launch!!
Zpu7aa7gack,@Aishmrj
Zpu7aa7gack,Aishvlogs
Zpu7aa7gack,Netflix India
PWV-3KsGVWs,"Venkatesh Daggubati, Varun Tej And Tamannaah Pull Off A Money Heist"
PWV-3KsGVWs,F3
PWV-3KsGVWs,Netflix India
8MnGG667fa4,Dhanushs Best Advice To His Younger Self
8MnGG667fa4,The Gray Man
8MnGG667fa4,Netflix India #Shorts
nQ8fbCuwrhE,Darlings Trailer Launch
nQ8fbCuwrhE,"Alia Bhatt, Shefali Shah, Vijay Varma"
nQ8fbCuwrhE,Netflix India #Shorts
zXnAOpiuVmM,Beginning Of Masie & Jacobs Adventure
zXnAOpiuVmM,The Sea Beast
zXnAOpiuVmM,Netflix India
Dmx5KDOpqeg,Darlings
Dmx5KDOpqeg,Official Trailer
Dmx5KDOpqeg,"Alia Bhatt, Shefali Shah, Vijay Varma, Roshan Mathew"
Dmx5KDOpqeg,Netflix India
wljTLyszOhk,Serial Killers Victims Captured On Camera
wljTLyszOhk,Indian Predator: The Butcher Of Delhi #Shorts
koJIUqz1WNY,Meenus Magical Romance
koJIUqz1WNY,Jaadugar
koJIUqz1WNY,Netflix #Shorts
gH7Smyqlo74,Team Dhairya Vs. Team Fateh
gH7Smyqlo74,Masaba Masaba
gH7Smyqlo74,"Masaba Gupta, Neena Gupta"
gH7Smyqlo74,Netflix India
IeNFeAfil2A,Ryan Gosling Talks About Working With Dhanush
IeNFeAfil2A,The Gray Man
IeNFeAfil2A,Netflix India #Shorts
Y4IdUcZ4YeM,Tom Holland Jumps On To A Plane
Y4IdUcZ4YeM,Uncharted
Y4IdUcZ4YeM,Netflix India
y9X6QCqu7SQ,When Vicky Kaushal Met Dhanush
y9X6QCqu7SQ,The Gray Man
y9X6QCqu7SQ,Netflix India #Shorts
2cJA8ggRxJk,Tale Of A Killer
2cJA8ggRxJk,Indian Predator : The Butcher Of Delhi
2cJA8ggRxJk,Netflix India #Shorts
3MSVYaB8blg,The Gray Man Is Now Streaming
3MSVYaB8blg,"Ryan Gosling, Chris Evans, Dhanush"
3MSVYaB8blg,Netflix India #Shorts
ydoqfYCwmxQ,Delhi Crime: Season 2
ydoqfYCwmxQ,Official Teaser
ydoqfYCwmxQ,Netflix India
ndfAKSj3V0E,The Gray Man Premiere Vlog: Crashed By @Thesharannair
ndfAKSj3V0E,"Dhanush, Vicky Kaushal & The Russo Brothers"
7TQ0bKp9UKk,F3
7TQ0bKp9UKk,Official Trailer
7TQ0bKp9UKk,"Venkatesh Daggubatti, Tamannaah Bhatia, Varun Tej, Mehreen Pirzada"
EQlhv-L6tFU,The Gray Man Red Carpet With The Stars
EQlhv-L6tFU,"Dhanush, Vicky Kaushal & The Russo Brothers #Shorts"
t8zgZxuIwNA,Bridgerton
t8zgZxuIwNA,Season 3 Now In Production
t8zgZxuIwNA,Netflix India
MMAFLPVlSRs,All You Need To Know About Masaba Masaba Season 1
MMAFLPVlSRs,"Masaba Gupta, Neena Gupta"
MMAFLPVlSRs,Netflix India
rvQz-rH41YY,Behind The Scenes
rvQz-rH41YY,Jaadugar
rvQz-rH41YY,"Jitendra Kumar, Jaaved Jaaferi, Arushi Sharma"
rvQz-rH41YY,Netflix India
zeBTnAIC_98,The Ultimate Law Test Ft. Tovino Thomas & Keerthy Suresh
zeBTnAIC_98,Vaashi
zeBTnAIC_98,Netflix India
EY_4JbRHIGQ,Your Sizzling July Watchlist Is Here
EY_4JbRHIGQ,Netflix For All
EY_4JbRHIGQ,Netflix India
IkF8uIC4W5k,Magic Meenu Ki Cycle Trick
IkF8uIC4W5k,"Jitendra Kumar, Arushi Sharma"
IkF8uIC4W5k,Jaadugar
IkF8uIC4W5k,Netflix India
XMwvgZR35wo,Becoming Vecna Ft. Jamie Campbell Bower
XMwvgZR35wo,Behind The Scenes
XMwvgZR35wo,Stranger Things 4
XMwvgZR35wo,Netflix India
SJuptHVO0s4,What Does It Mean To Be A Soldier?
SJuptHVO0s4,Major
SJuptHVO0s4,Netflix India #Shorts
jS_lxIZZN8w,Rapid Fire With A Twist Ft.Tovino Thomas And Keerthy Suresh
jS_lxIZZN8w,Vaashi
jS_lxIZZN8w,Netflix India
mG4khaXzLsA,@Baklolvideo Goes On A Wild Adventure!
mG4khaXzLsA,Ranveer Vs Wild With Bear Grylls
mG4khaXzLsA,Netflix India
0sgj8ltvUOQ,Nani & Nazriyas Adorable Moments
0sgj8ltvUOQ,Ante Sundaraniki
0sgj8ltvUOQ,Netflix India #Shorts
5hwv9ubfbv8,Meeting Pados Ki Aunty After A Trip Ft. Rj Sukirti
5hwv9ubfbv8,Yeh Jawaani Hai Deewani
5hwv9ubfbv8,#Shorts
g9U5gCIZUmc,Unfiltered With Jitendra Kumar Ft. @Unfilteredbysamdish
g9U5gCIZUmc,Jaadugar
g9U5gCIZUmc,Netflix India
1e0qq-8fqks,Letter From A Serial Killer
1e0qq-8fqks,Indian Predator: The Butcher Of Delhi
1e0qq-8fqks,Netflix India
XwCJxackVpI,Pick Up Lines Battle - Magic Edition
XwCJxackVpI,"Jitendra Kumar, Arushi Sharma"
XwCJxackVpI,Jaadugar
Rwo70OVgvt0,Delhi Crime Season 2 Is Coming Soon
Rwo70OVgvt0,Netflix India #Shorts
rExZeNAxJu4,Masaba Masaba: Season 2
rExZeNAxJu4,Official Trailer
rExZeNAxJu4,"Masaba Gupta, Neena Gupta, Kusha Kapila, Barkha Singh"
ikgCK6YMElU,11 Years Of Zindagi Na Milegi Dobara
ikgCK6YMElU,"Farhan Akhtar, Hritik Roshan, Abhay Deol"
ikgCK6YMElU,#Shorts
6vuXYVYJX4k,Vaashi
6vuXYVYJX4k,Official Trailer
6vuXYVYJX4k,"Tovino Thomas, Keerthy Suresh"
6vuXYVYJX4k,Netflix India
Dzx2hnXrkQE,Nani And Nazriya Take A Trip To Kerala
Dzx2hnXrkQE,Ante Sundaraniki
Dzx2hnXrkQE,Netflix India
DfE2NtGK3mQ,Our Favourites Are Back With Season Twos
DfE2NtGK3mQ,"Mismatched, Delhi Crime, Jamtara & More"
DfE2NtGK3mQ,Netflix India
uEnBbXEbaQc,Tudum: A Netflix Global Fan Event
uEnBbXEbaQc,Date Announce
uEnBbXEbaQc,24 September
uEnBbXEbaQc,Netflix India
q1zKRLgrJvQ,Tovino Plans Darshana'S Wedding
q1zKRLgrJvQ,Dear Friend
q1zKRLgrJvQ,Netflix India
4MKW3S2pL9w,Remembering Major Sandeep Unnikrishnan
4MKW3S2pL9w,Adivi Sesh
4MKW3S2pL9w,Major
4MKW3S2pL9w,Netflix India
GTLS6QCTm3I,Jitendra Kumars Ultimate Magic Show For Kids
GTLS6QCTm3I,Jaadugar
GTLS6QCTm3I,Netflix India
aZrgi-02Y9c,Ranveer'S Description Of Deepika Is
aZrgi-02Y9c,Ranveer Vs Wild With Bear Grylls
aZrgi-02Y9c,Netflix India #Shorts
U-3QHCuKW4U,A Wild Food Journey With Bear Grylls Ft. Kishen Das
U-3QHCuKW4U,Menu Please
U-3QHCuKW4U,Ranveer Vs Wild With Bear Grylls
hewaloVB6JQ,Major Sandeep Executes An Underwater Attack
hewaloVB6JQ,Major
hewaloVB6JQ,Netflix India
bcpnmw6vCC4,Get A Chance To Meet The Gray Man Ft. Vicky Kaushal
bcpnmw6vCC4,The Gray Man
bcpnmw6vCC4,Netflix India
xrm2P0ehYdc,Game Ka Prem Lyric Video
xrm2P0ehYdc,"Divya Kumar, Nilotpal Bora"
xrm2P0ehYdc,"Jitendra Kumar, Jaaved Jaaferi"
xrm2P0ehYdc,Jaadugar
cdyuHqIyNm8,Day Shift
cdyuHqIyNm8,"Jamie Foxx, Dave Franco, And Snoop Dogg"
cdyuHqIyNm8,Official Trailer
cdyuHqIyNm8,Netflix India
D346arxIYBk,Dhanush Fights Ryan Gosling And Ana De Armas
D346arxIYBk,The Gray Man
D346arxIYBk,Netflix India
dywZA69ehsU,Button Dabao @Slayypointofficial Ko Nachao!
dywZA69ehsU,Ranveer Vs Wild With Bear Grylls
dywZA69ehsU,Netflix India
QbdYDayDfns,Nani Convinces Anupama To Lie
QbdYDayDfns,Ante Sundaraniki
QbdYDayDfns,Netflix India
TJrHoWytRDQ,@Karansinghmagic Blows Jeetu Bhaiyas Mind
TJrHoWytRDQ,Jaadugar
TJrHoWytRDQ,Netflix India
SF85FdixGvQ,The Russo Brothers Have A Special Announcement Ft. Dhanush
SF85FdixGvQ,The Gray Man
SF85FdixGvQ,Netflix India
Yz9Xju10CmY,"Reacting To Stranger Things 4 Vol 2 With @Rohanjoshi8016, @Kushakapila5643 & Ashish"
Yz9Xju10CmY,@Tanmaybhat Reacts
_86v8UZ83AA,Tovino Thomas And Gang Have A Terrace Party
_86v8UZ83AA,Dear Friend
_86v8UZ83AA,Netflix India
aqwPd6DlkX4,Things We Do In Monsoons Ft. @Anu._18
aqwPd6DlkX4,Jab We Met
aqwPd6DlkX4,Netflix India #Shorts
TcCuEnWMFig,Bee Becomes A Buzz Kill For Rowan Atkinson
TcCuEnWMFig,Man Vs. Bee Hindi Scene
TcCuEnWMFig,Netflix India
4vjA_sRRSY0,@Myvillageshow Ft. Rana Daggubati & Sai Pallavi
4vjA_sRRSY0,Virata Parvam
4vjA_sRRSY0,Netflix India
EGG-2VJQe6Q,Jaadugari (Acapella Version) Ft @Yashrajmukhateofficial
EGG-2VJQe6Q,Nilotpal Bora
EGG-2VJQe6Q,Jaadugar
EGG-2VJQe6Q,Netflix India
9NXD048klnc,Major Sandeep And Squad Plan A Counter Attack
9NXD048klnc,Major
9NXD048klnc,Netflix India
cJbjEgd9Mko,Behind The Scenes With The Cast Of Stranger Things
cJbjEgd9Mko,Netflix India
RHUAG8UZ-pc,Dil Darega Nahi Karega Music Video
RHUAG8UZ-pc,"Ranveer Singh, Kaam Bhaari & More"
RHUAG8UZ-pc,Ranveer Vs Wild
5DF8PEUiZeo,Ranveer Singh'S Ready For The Wild
5DF8PEUiZeo,Jungle Edition
5DF8PEUiZeo,#Ranveervswildwithbeargrylls
5DF8PEUiZeo,Netflix India
5X01WsH9TbE,Dear Friend
5X01WsH9TbE,Official Trailer
5X01WsH9TbE,"Tovino Thomas, Darshana, Sanchana Natarajan, Basil Joseph"
RK3YzH4iWjA,Ranveer Singh'S Ready For The Wild
RK3YzH4iWjA,Food Edition
RK3YzH4iWjA,#Ranveervswildwithbeargrylls
RK3YzH4iWjA,Netflix India
904Ik_9m5b4,The Words Of Vennela
904Ik_9m5b4,Virata Parvam
904Ik_9m5b4,Netflix India #Shorts
j3x3Ox8Fz_g,Becoming Sandeep Unnikrishnan Ft. Adivi Sesh
j3x3Ox8Fz_g,Major
j3x3Ox8Fz_g,Netflix India
3jAyt9u8LTs,Kya Meenu Ka Jaadu Chal Payega?
3jAyt9u8LTs,Jitendra Kumar
3jAyt9u8LTs,Jaadugar
3jAyt9u8LTs,Netflix India
kg3Xd260qIY,Ante Sundaraniki
kg3Xd260qIY,Official Trailer
kg3Xd260qIY,"Nani, Nazriya Nazim"
kg3Xd260qIY,Netflix India
Me0LLk7FXZ4,Ranveer Singh'S Ready For The Wild - Fashion Edition
Me0LLk7FXZ4,#Ranveervswildwithbeargrylls
Me0LLk7FXZ4,Netflix India
Ny_24QMdyYM,Darlings
Ny_24QMdyYM,Official Teaser
Ny_24QMdyYM,"Alia Bhatt, Shefali Shah, Vijay Varma, Roshan Mathew"
Ny_24QMdyYM,Netflix India
nTZMZL8PTzw,Magic Meenu Character Promo
nTZMZL8PTzw,Jitendra Kumar
nTZMZL8PTzw,Jaadugar
nTZMZL8PTzw,Netflix India
A99NJTFob4Q,Kya Hai Darlings?
A99NJTFob4Q,"Alia Bhatt, Shefali Shah, Vijay Varma, Roshan Mathew"
A99NJTFob4Q,Netflix India
IBMyqh92CFc,Shot By Shot Breakdown Ft. Adivi Sesh & Sashi Kiran Tikka
IBMyqh92CFc,Major
IBMyqh92CFc,Netflix India
4o0q1hQDK2o,The Rise Of Ravanna
4o0q1hQDK2o,Rana Daggubati
4o0q1hQDK2o,Virata Parvam
4o0q1hQDK2o,Netflix India #Shorts
wJalxZ3UbVw,Sakshi Tanwar Is On A Mission
wJalxZ3UbVw,Mai Scene
wJalxZ3UbVw,Netflix India
dmIFhpQe9Zk,Stranger Things 4
dmIFhpQe9Zk,Eddie Munson'S Upside Down Guitar Scene
dmIFhpQe9Zk,Netflix India
owK9H-cnND8,The Making Of Squid Game - Episode 4: Marbles
owK9H-cnND8,Netflix India
BL3ytBo6kV4,Getting Into The Character
BL3ytBo6kV4,Ayushmann Khurrana
BL3ytBo6kV4,Behind The Scenes
BL3ytBo6kV4,Anek
BL3ytBo6kV4,Netflix India
nXQVoJdDdBg,Jr. Ntr'S Palace Entry Scene
nXQVoJdDdBg,Rrr
nXQVoJdDdBg,Netflix India
fcSqg11QKEY,Dishing Delicious Secrets With Andrea Kevichsa
fcSqg11QKEY,Anek
fcSqg11QKEY,Menu Please
fcSqg11QKEY,Netflix India
w1UU3cMRtRE,Sai Pallavi Goes In Search Of Rana Daggubati
w1UU3cMRtRE,Virata Parvam
w1UU3cMRtRE,Netflix India
00skpoG10AY,Stranger Things 4 Volume 2 Is Now Streaming!
00skpoG10AY,Netflix India #Shorts
L5jpfFrOilc,What Went Behind Maxs Running Up That Hill Scene?
L5jpfFrOilc,Stranger Things
L5jpfFrOilc,Sadie Sink
L5jpfFrOilc,Netflix India
MLLU4U_86x4,If Eleven Was Your Friend Ft. @Dushyant_Kukreja & Priyal Kukreja
MLLU4U_86x4,Stranger Things #Shorts
p3nfFI7YWos,We Have Good News!
p3nfFI7YWos,Masaba Masaba Season 2
p3nfFI7YWos,Date Announcement
p3nfFI7YWos,"Masaba Gupta, Neena Gupta"
TFW-abYoAt8,Bandar Bachi Bamai!
TFW-abYoAt8,Ranveer Vs Wild With Bear Grylls
TFW-abYoAt8,Netflix India #Shorts
N4CtctYMzl0,Ayushmann Khurrana Plays Truth Or Lie?
N4CtctYMzl0,Anek
N4CtctYMzl0,Netflix India
hNL91YjEhSo,Kartik Aaryan Finds All The Gold
hNL91YjEhSo,Bhool Bhulaiyaa 2 Movie Scene
hNL91YjEhSo,Netflix India
ErYEPkzNm9M,Stranger Things Cast Recaps Season 4 Volume 1
ErYEPkzNm9M,"Sadie Sink, Joe Keery & More"
ErYEPkzNm9M,Netflix India
IOKt2EuPOCE,Ranveer Singh Ft. Dj Owls
IOKt2EuPOCE,Ranveer Vs Wild With Bear Grylls
IOKt2EuPOCE,Netflix India #Shorts
4RLJs6YefbU,Nayak Character Promo
4RLJs6YefbU,She Season 2
4RLJs6YefbU,"Kishore Kumar, Aaditi Pohankar"
4RLJs6YefbU,Netflix India
qtI1HnBmcew,Imtiaz Ali & Arif Alis Netflix Recommendations
qtI1HnBmcew,She Season 2
qtI1HnBmcew,Netflix India #Shorts
_Nx5qg9Yejw,Indian Predator: The Butcher Of Delhi
_Nx5qg9Yejw,Official Trailer
_Nx5qg9Yejw,Netflix India
pyOIo6p6cUQ,Types Of Bros Ft. Lakshman
pyOIo6p6cUQ,Netflix India #Shorts
Ae7plcH0xaA,Panda-Monium In The Wild
Ae7plcH0xaA,Ranveer Vs Wild With Bear Grylls
Ae7plcH0xaA,Netflix India #Shorts
pTtU59-JH6A,Indian Predator: The Butcher Of Delhi
pTtU59-JH6A,Teaser
pTtU59-JH6A,Netflix India #Shorts
14qAupmfWF4,Ayushmann Khurrana Plays 'Guess The State'
14qAupmfWF4,Anek
14qAupmfWF4,Netflix India
0IylZ0FE2SU,Kartik & Kiara Is The Best Jodi
0IylZ0FE2SU,Bhool Bhulaiyaa 2
0IylZ0FE2SU,Netflix India #Shorts
zpNYWsdPhq8,Stranger Things & The Strangest Theories
zpNYWsdPhq8,Decode With @Dhruvrathee
zpNYWsdPhq8,Netflix India
J4tI9NJvEzk,Aaditi Pohankar Tests Vishwas Kinis Mumbai Slangs
J4tI9NJvEzk,She
J4tI9NJvEzk,Netflix India #Shorts
PY01T-Lt83g,Darr Ka Dance
PY01T-Lt83g,@Nicoleconcessao & Chinmay Khedekar
PY01T-Lt83g,Bhool Bhulaiyaa 2
PY01T-Lt83g,Netflix India #Shorts
TqDqN0ukE7o,The Making Of Squid Game - Episode 3: Tug Of War
TqDqN0ukE7o,Netflix India
2V69tiQ2Dc4,Jaadugari Music Video
2V69tiQ2Dc4,"Jitendra Kumar, Arushi Sharma"
2V69tiQ2Dc4,Nilotpal Bora
2V69tiQ2Dc4,Jaadugar
2V69tiQ2Dc4,Netflix India
joH3je2HrxA,Ranveer Vs Wild With Bear Grylls
joH3je2HrxA,Official Trailer
joH3je2HrxA,Netflix India
2fdRGblZ5Hc,Kishore Unfiltered Ft. Kishen Das
2fdRGblZ5Hc,She Season 2
2fdRGblZ5Hc,Netflix India
uxZSgCSO9fY,Money Heist: Korea - Joint Economic Area
uxZSgCSO9fY,Now Streaming
uxZSgCSO9fY,Netflix India
-1KKiwdWn10,@Tanmaybhat & Naveed React To The Blockbusterrr Rrr
-1KKiwdWn10,Netflix India
eIY03l7lEUQ,She Ate And Clearly Left No Crumbs
eIY03l7lEUQ,She Season 2
eIY03l7lEUQ,Netflix India #Shorts
aO8XJPMQYRY,"The Perfect Blend Ft. Aaditi Pohankar, Dolly Singh & Rytasha Rathore"
aO8XJPMQYRY,She
aO8XJPMQYRY,Netflix
V0oFxeGqFdU,Box Mein Se Kya Niklega?
V0oFxeGqFdU,Kartik Aaryan
V0oFxeGqFdU,Bhool Bhulaiyaa 2
V0oFxeGqFdU,Netflix India #Shorts
l5OAxkuq850,Stranger Things 4
l5OAxkuq850,Volume 2 Hindi Trailer
l5OAxkuq850,Netflix India
uctztNtbsck,Happy Birthday Thalapathy Vijay!
uctztNtbsck,"Beast, Mersal, Sarkar"
uctztNtbsck,Netflix India #Shorts
r5oDqWJRoFo,Stranger Things 4
r5oDqWJRoFo,Volume 2 Trailer
r5oDqWJRoFo,Netflix India
ks933lmUMu4,Money Heist: Korea - Joint Economic Area
ks933lmUMu4,Meet The Cast
ks933lmUMu4,Netflix India
i7yFiUio0u0,Jaadugar
i7yFiUio0u0,Official Trailer
i7yFiUio0u0,"Jitendra Kumar, Jaaved Jaaferi, Arushi Sharma"
i7yFiUio0u0,Netflix India
N21mMaIRQQ8,What To Tune Into This June?
N21mMaIRQQ8,"Rrr, Bhool Bhulaiyaa 2, Spiderhead"
N21mMaIRQQ8,Netflix For All
N21mMaIRQQ8,Netflix India
g6S9uomLG1k,Cast Reacts To Badass Moments In She Season 2
g6S9uomLG1k,"Aaditi Pohankar, Vishwas Kini, Kishore Kumar"
dKzlFmgO8aY,Rajpal Yadav Recreates Iconic Memes
dKzlFmgO8aY,Bhool Bhulaiyaa 2
dKzlFmgO8aY,Netflix India
fUC7qpH6Pmw,@Tanmaybhat Reacts To Kal Ho Naa Ho Ft. Delnaaz Irani & Dheepesh Bhatt
fUC7qpH6Pmw,Netflix India
HVj2vViC0mY,Happy Fathers Day
HVj2vViC0mY,"Aamir Khan, Rajinikanth, David Harbour, Pankaj Kapoor & More"
HVj2vViC0mY,Netflix India
ZRnUVILQ82A,Kartik Aaryan And Kiara Advani Did What?!
ZRnUVILQ82A,Ft. @Aakashgupta
ZRnUVILQ82A,Bhool Bhulaiyaa 2
X0zIZR-Lwqk,Sivakarthikeyan Gets Into Trouble
X0zIZR-Lwqk,Don Movie Scene
X0zIZR-Lwqk,Netflix India
s-UvmjTo7nM,The Making Of Squid Game - Episode 2: Honeycomb
s-UvmjTo7nM,Netflix India
aNcBgWvwpCk,Vijay Varma Confronts Aaditi Pohankar
aNcBgWvwpCk,She Season 2
aNcBgWvwpCk,Netflix India
qoJJl-WU0yw,Bhool Bhulaiyaa 2
qoJJl-WU0yw,Announcement
qoJJl-WU0yw,Kartik Aaryan
qoJJl-WU0yw,Kiara Advani
qoJJl-WU0yw,Tabu
qoJJl-WU0yw,Netflix India
jQxM_TUxWcg,She Season 2
jQxM_TUxWcg,Watch Now
jQxM_TUxWcg,"Aaditi Pohankar, Vishwas Kini, Kishore Kumar"
jQxM_TUxWcg,Netflix India
0W3aiSZ6Aq4,The Ultimate Undercover Mission Ft. @Round2Hell
0W3aiSZ6Aq4,She Season 2
0W3aiSZ6Aq4,Aaditi Pohankar
0W3aiSZ6Aq4,Netflix India
mUf24Vjev1A,She S2 Official Telugu Trailer
mUf24Vjev1A,"Aaditi Pohankar, Kishore, Vishwas Kini"
mUf24Vjev1A,Netflix India
EgIYsNkyBlE,Imtiaz Alis Love For Filmmaking!
EgIYsNkyBlE,"The Creative Indians, Jab We Met, Tamasha & More"
EgIYsNkyBlE,Netflix India
r2Q9sLD-z1E,She Season 2
r2Q9sLD-z1E,One Day To Go
r2Q9sLD-z1E,"Aaditi Pohankar, Kishore Kumar, Vishwas Kini"
r2Q9sLD-z1E,Netflix India
Gi_7hrQ2lrs,She S2 Official Tamil Trailer
Gi_7hrQ2lrs,"Aaditi Pohankar, Kishore, Vishwas Kini"
Gi_7hrQ2lrs,Netflix India
B2TtbJhBfn0,Will Bhumi Gain Nayaks Trust?
B2TtbJhBfn0,She Season 2
B2TtbJhBfn0,"Aaditi Pohankar, Kishore Kumar"
B2TtbJhBfn0,Netflix India
MSGY4vOoyO4,All The Peters Assemble!
MSGY4vOoyO4,Spiderman: No Way Home
MSGY4vOoyO4,Netflix India
vj5wFI_VhUY,Bhumi Character Promo
vj5wFI_VhUY,She Season 2
vj5wFI_VhUY,Aaditi Pohankar
vj5wFI_VhUY,Netflix India
DnS76XzOTEs,Sivakarthikeyan Conducts Exams For Teachers
DnS76XzOTEs,Don
DnS76XzOTEs,Netflix India
qiy10lDSFuY,The Sandman
qiy10lDSFuY,Date Announcement
qiy10lDSFuY,Netflix India
2bviJV1clD4,If Peaky Blinders Was Set In Tamil Nadu
2bviJV1clD4,@Nakkalitestamil
2bviJV1clD4,Netflix India
UEVvLKG6jrU,Sivakarthikeyan Stands Up For Engineering Students
UEVvLKG6jrU,Don
UEVvLKG6jrU,Netflix India
3lAuUdTye78,"The Making Of Squid Game - Episode 1: Red Light, Green Light"
3lAuUdTye78,Netflix India
vgnDpwsN0WA,Stranger Things 4
vgnDpwsN0WA,Volume 2 Sneak Peek
vgnDpwsN0WA,Netflix India
YyJG0BnX_s4,Peaky Blinders Season 1-5 Recap
YyJG0BnX_s4,Season 6 Now Streaming
YyJG0BnX_s4,Netflix India
Ic6Xjm0w4BU,Ranveer Vs Wild With Bear Grylls
Ic6Xjm0w4BU,Official Teaser
Ic6Xjm0w4BU,Netflix India
Q8UuV_T6v2Y,Don - Now Streaming Ft. Sivakarthikeyan & Sj Suryah
Q8UuV_T6v2Y,Netflix India
xuPw_myGt6w,A Stranger Things Dungeons & Dragons Adventure: The Hellfire Club
xuPw_myGt6w,Geeked Week
xuPw_myGt6w,Netflix India
UkdQALIOgpA,Stranger Things 4 Vol. 1: Unlocked
UkdQALIOgpA,Full Spoilers Official After Show
UkdQALIOgpA,Netflix Geeked Week
mHCFYJ9OvH4,The Memes Of Phir Hera Pheri
mHCFYJ9OvH4,"Akshay Kumar, Suniel Shetty, Paresh Rawal"
mHCFYJ9OvH4,Netflix India
bjqR5FTGB7s,"Deadly Forests, Wild Animals & An Unforgettable Adventure!"
bjqR5FTGB7s,Ranveer Vs Wild
bjqR5FTGB7s,Netflix India
G2nIAZw4zr8,Peaky Blinders Season 6
G2nIAZw4zr8,Mood Teaser
G2nIAZw4zr8,Thomas Shelby
G2nIAZw4zr8,Netflix India
LjaaoWOvUWM,Eleven Fights 002
LjaaoWOvUWM,Millie Bobby Brown
LjaaoWOvUWM,Stranger Things 4
LjaaoWOvUWM,Netflix India
HFr4GOsj_kw,She S2 Official Trailer
HFr4GOsj_kw,"Aaditi Pohankar, Kishore, Vishwas Kini"
HFr4GOsj_kw,Netflix India
Qm9G5pDZS6s,The Gray Man
Qm9G5pDZS6s,Ryan Gosling Vs. Chris Evans
Qm9G5pDZS6s,Exclusive Clip
Qm9G5pDZS6s,Netflix India
TvKoei-9FS0,The School For Good & Evil Cast Panel + Teaser Reveal
TvKoei-9FS0,Netflix Geeked Week
TvKoei-9FS0,Netflix India
bU6q7FmOTlA,Spiderhead
bU6q7FmOTlA,Chris Hemsworth
bU6q7FmOTlA,Exclusive Clip
bU6q7FmOTlA,Geeked Week
bU6q7FmOTlA,Netflix India
HASOwS3Jayg,The Gray Man Panel + Exclusive Clip
HASOwS3Jayg,Netflix Geeked Week
HASOwS3Jayg,Netflix India
zYbbp6kf7YI,"Geeked Week 2022: Film Showcase Feat. Spiderhead, The Sea Beast And More!"
zYbbp6kf7YI,Netflix India
f2eRPbthYgA,Jaadugar
f2eRPbthYgA,Announcement
f2eRPbthYgA,"Jitendra Kumar, Arushi Sharma, Jaaved Jaaferi"
f2eRPbthYgA,Netflix India
hsjdKsksPJE,Umbrella Academy: Season 3 - Specialty Hotel
hsjdKsksPJE,Netflix India
5cOXDvV95Z8,The Umbrella Academy Cast Panel + Exclusive Clips
5cOXDvV95Z8,Netflix Geeked Week
2O-uxI-6SaY,The Sandman Cast Panel + Date Announcement
2O-uxI-6SaY,Netflix Geeked Week
tEJql12gwxg,All Of Us Are Dead
tEJql12gwxg,Season 2 Announcement
tEJql12gwxg,Netflix India
I8eMzcqwjf4,"Geeked Week 2022: Series Showcase Feat. Resident Evil, Manifest And More!"
I8eMzcqwjf4,Netflix India
uoUlX9HSoYU,Bhumi Shares Her Number With A Stranger
uoUlX9HSoYU,She Season 2
uoUlX9HSoYU,Netflix India
en4dS92zClM,Irrfan And Parvathys First Date
en4dS92zClM,Qarib Qarib Singlle
en4dS92zClM,Netflix India
4MvVHhKQjqc,Epic Action Crossover Ft. Rrr & Baahubali 2
4MvVHhKQjqc,S. S. Rajamouli
4MvVHhKQjqc,Netflix India
4J4WrrnHT5U,@Theharshbeniwal & @Mythpat: The Ultimate Rrr Stunt
4J4WrrnHT5U,S.S. Rajamouli
4J4WrrnHT5U,Netflix India
fNEtMv79QCY,She Season 2 Teaser
fNEtMv79QCY,"Aaditi Pohankar, Vishwas Kini, Kishore & More"
fNEtMv79QCY,Netflix India
fpnfIoal4kA,The Deadly Scream Of Siren
fpnfIoal4kA,Love Death & Robots
fpnfIoal4kA,Netflix India
bzlo8GyBUd0,Professor Urges Students To Rise Up And Protest
bzlo8GyBUd0,Jana Gana Mana
bzlo8GyBUd0,Classroom Scene
bzlo8GyBUd0,Netflix India
IQmZy6DsRdY,When The World Turned Upside Down
IQmZy6DsRdY,Stranger Things 4
IQmZy6DsRdY,"India, New York, Spain & More"
jvGgBN-v3Z8,Is Mewtwo Unbeatable?
jvGgBN-v3Z8,Pokmon: Mewtwo Strikes Back
jvGgBN-v3Z8,Netflix India
P9zouOSirLQ,She Season 1 Recap
P9zouOSirLQ,"Aaditi Pohankar, Vijay Verma, Kishore, Vishwas Kini"
P9zouOSirLQ,Netflix India
8Ww7Kl2HWJM,Kutralu Kutantralu Ft. Jeevan Kumar
8Ww7Kl2HWJM,Stranger Things
8Ww7Kl2HWJM,Netflix India
YBk3J9Cq274,Paresh Rawal Being Hilarious For One Minute Straight
YBk3J9Cq274,"Phir Hera Pheri, Chup Chup Ke, Welcome & More"
OWRv66xc-Ps,Mumbai Goes Upside Down
OWRv66xc-Ps,Stranger Things Season 4
OWRv66xc-Ps,Netflix India
zEThdNtc568,Shahid Kapoor Celebrates His Victory
zEThdNtc568,Jersey Movie Scene
zEThdNtc568,Netflix India
j_S_NBhQNTs,Jr. Ntr'S Entry Scene
j_S_NBhQNTs,Rrr (Hindi)
j_S_NBhQNTs,Netflix India
NQyBjHWC4No,Powerplay With Shahid Kapoor Ft. Kishen Das
NQyBjHWC4No,Jersey
NQyBjHWC4No,Netflix India
H_56Ty2-vt4,Oreo X Stranger Things Title Sequence
H_56Ty2-vt4,Netflix India
OKiIE3Ou3KI,Stranger Things Cast Reacts To Insane Fan Theories
OKiIE3Ou3KI,Netflix India
OryyR6ad2rQ,The Gray Man
OryyR6ad2rQ,Official Malayalam Trailer
OryyR6ad2rQ,Netflix India
Fnsb3VuBms8,The Gray Man
Fnsb3VuBms8,Official Telugu Trailer
Fnsb3VuBms8,Netflix India
pfLY_2f44pc,The Gray Man
pfLY_2f44pc,Official Tamil Trailer
pfLY_2f44pc,Netflix India
AFiAk8FRuuA,Ilaiyaraaja X Stranger Things
AFiAk8FRuuA,Music Video
AFiAk8FRuuA,Netflix India
c1ICmUAe92E,The Gray Man
c1ICmUAe92E,Official Trailer
c1ICmUAe92E,Netflix India
POLixFkmK9A,The Gray Man
POLixFkmK9A,Official Hindi Trailer
POLixFkmK9A,Netflix India
pkuE0gs60yk,"Shahid Kapoor & Mrunal Thakur Play Guess The Cricketer, And Other Games"
pkuE0gs60yk,Jersey
pkuE0gs60yk,Netflix India
uHfOz-Fpg6k,"Is Darlings Coming To Netflix? Alia Bhatt, Shefali Shah, Vijay Varma, Roshan Mathew"
uHfOz-Fpg6k,Netflix India
5W1X3L91LZc,Stranger Things 4
5W1X3L91LZc,Volume 1 Final Trailer
5W1X3L91LZc,Netflix India
MI8VQmS7RRo,Pankaj Kapur & Shahid Kapoors Father-Son Bond
MI8VQmS7RRo,Jersey
MI8VQmS7RRo,Behind The Scenes
MI8VQmS7RRo,Netflix India
_XNqlYs0rO0,Ram Charan Saves Jr Ntr At The Party
_XNqlYs0rO0,Rrr (Hindi) Movie Scene
_XNqlYs0rO0,Netflix India
Kh1TpZKUe_Y,Different Shades Of Harshvarrdhan Kapoor
Kh1TpZKUe_Y,"Ak Vs. Ak, Ray, Thar, Bhavesh Joshi Superhero"
coD54N5F61U,Rrr Teaser
coD54N5F61U,"Ram Charan, Jr. Ntr, S. S. Rajamouli"
coD54N5F61U,Netflix India
dSxGAoWOxuk,Ram Charan And Jr Ntr Meet For The First Time
dSxGAoWOxuk,Rrr (Hindi) Movie Scene
dSxGAoWOxuk,Netflix India
cdGXEvYtH-0,Shahid Kapoor & Mrunal Thakur React To Fan Comments
cdGXEvYtH-0,Jersey
cdGXEvYtH-0,Netflix India
ZtNlLk1jRcg,Shahid Kapoor Tries To Buy A Jersey For His Son
ZtNlLk1jRcg,Jersey Movie Scene
ZtNlLk1jRcg,Netflix India
c21mw2R86gI,Stranger Things Are Happening With @Oreoindia
c21mw2R86gI,Stranger Things
c21mw2R86gI,Netflix India
EJqK_V6RQCw,Rrr
EJqK_V6RQCw,Now Streaming
EJqK_V6RQCw,"Jr Ntr, Ram Charan, Alia Bhatt"
EJqK_V6RQCw,Netflix India
2v-_mzlRJfM,"Gangubai Kathiawadi, Jersey, Rrr, Thar Aur Beast!"
2v-_mzlRJfM,Theres A #Netflixforall
2v-_mzlRJfM,Netflix India
ZK1cQLcMY0k,Entering The World Of Stranger Things Ft. @Ayushmehra0007 & @Bonusfeatureswithyd
ZK1cQLcMY0k,Netflix India
1pEN3Q_2-6E,Spiderhead
1pEN3Q_2-6E,Chris Hemsworth
1pEN3Q_2-6E,Official Hindi Trailer
1pEN3Q_2-6E,Netflix India
kIJdBtI9vjY,Spiderhead
kIJdBtI9vjY,Chris Hemsworth
kIJdBtI9vjY,Official Trailer
kIJdBtI9vjY,Netflix India
1bdkx3Fluew,Harshvarrdhan Kapoor Vlogs His #Thar Experience
1bdkx3Fluew,Thar
1bdkx3Fluew,Netflix India
E5BlE6oql7A,Beast Paavangal Ft. @Parithabangal
E5BlE6oql7A,Gopi & Sudhakar
E5BlE6oql7A,Beast
E5BlE6oql7A,Netflix India
yhEyxfLCNv0,Geeked Week 2022
yhEyxfLCNv0,Official Trailer
yhEyxfLCNv0,Coming June 6Th - 10Th
yhEyxfLCNv0,Netflix India
BS-e9vP4zjw,Thalapathy Vijay Showcases His Strength
BS-e9vP4zjw,Beast
BS-e9vP4zjw,Netflix India
ho0wk1SxaKs,The Strangest Interview Ever Ft. Varun Dhawan
ho0wk1SxaKs,Stranger Things
ho0wk1SxaKs,Netflix India
DVYnf5D4Q8M,Thar
DVYnf5D4Q8M,Official Trailer #2
DVYnf5D4Q8M,"Anil Kapoor, Harshvarrdhan Kapoor, Fatima Sana Shaikh"
DVYnf5D4Q8M,Netflix India
mI_LjbbYf08,Stranger Things Tamil Recap
mI_LjbbYf08,Stranger Things-Um 120 Rubaiyum
mI_LjbbYf08,Netflix India
l_fNPSrJKu0,@Tanmaybhat & Vineeth Beep Kumar (@Jordindian) React To Vijay Thalapathys Beast
l_fNPSrJKu0,Netflix India
_x5BvWZavQ8,The Archies
_x5BvWZavQ8,Cast Announcement
_x5BvWZavQ8,Zoya Akhtar
_x5BvWZavQ8,Netflix India
PxZ5gGfPtCQ,Peaky Blinders Season 6 Official Trailer
PxZ5gGfPtCQ,Netflix India
zLrIcrX-wzU,What If Welcome Was A Horror Film?
zLrIcrX-wzU,Trailer
zLrIcrX-wzU,Welcome
zLrIcrX-wzU,Netflix India
Bs4CskXw0Lw,Anil Kapoor Reacts To Anil Kapoor Memes
Bs4CskXw0Lw,Thar
Bs4CskXw0Lw,Netflix India
nawWsZPZIww,Beast On Netflix
nawWsZPZIww,Thalapathy Vijay
nawWsZPZIww,Netflix India
nawWsZPZIww,Malayalam
oLEH_H5NTzg,Beast On Netflix
oLEH_H5NTzg,Thalapathy Vijay
oLEH_H5NTzg,Netflix India
oLEH_H5NTzg,Telugu
7h-DVpJSSYE,Beast On Netflix
7h-DVpJSSYE,Thalapathy Vijay
7h-DVpJSSYE,Netflix India
7h-DVpJSSYE,Tamil
16Ffc-H3HM0,"Desert Delicacies Ft. Anil Kapoor, Harshvarrdhan Kapoor And Fatima Sana Shaikh"
16Ffc-H3HM0,Menu Please
16Ffc-H3HM0,Thar
UWKTzX0JoH0,Vijay Meets Pooja Hegde For The First Time
UWKTzX0JoH0,Beast Movie Scene
UWKTzX0JoH0,Netflix India
qj86Ph-3ITg,Love Death + Robots Volume 3
qj86Ph-3ITg,Official Hindi Trailer
qj86Ph-3ITg,Netflix India
0_SDtR307mc,Anil Kapoor And Harshvarrdhan Kapoor Unfiltered
0_SDtR307mc,Thar
0_SDtR307mc,Netflix India
JrPZQ8QV8n4,Prabhas Predicts Pooja Hegdes Future
JrPZQ8QV8n4,Radhe Shyam (Hindi)
JrPZQ8QV8n4,Netflix India
yLXrdq4Uty8,@Tanmaybhat & Darsheel Safary React To Taare Zameen Par
yLXrdq4Uty8,Mother'S Day Special
yLXrdq4Uty8,Netflix India
ML4yztPoDCo,How This Mother Saved Her Daughter From A Trafficking Racket
ML4yztPoDCo,Mai
ML4yztPoDCo,Netflix India X Vice
ta-10q4yKpY,6 Introverts We Love
ta-10q4yKpY,"Deepika Padukone, Rajkummar Rao, Farhan Akhtar, And More"
ta-10q4yKpY,Netflix India
xlectlA9oc0,Thar
xlectlA9oc0,Now Streaming
xlectlA9oc0,"Anil Kapoor, Harshvarrdhan Kapoor, Fatima Sana Sheikh"
xlectlA9oc0,Netflix India
fCTWkSt8Kec,Prabhas & Pooja Hegde Talk For The First Time
fCTWkSt8Kec,Radhe Shyam (Hindi)
fCTWkSt8Kec,Netflix India
f4LM97j0iYE,Roshan Mathew & Anna Ben'S Puttu Adventure Ft. @Kishendasyt
f4LM97j0iYE,Menu Please
f4LM97j0iYE,Netflix India
lAgRU0Iru34,How Will Aishwarya'S Dad React To Too Hot To Handle?
lAgRU0Iru34,Aish Vlogs
lAgRU0Iru34,@Aishmrj
1iT1fAjZols,Thar'S World: An Exclusive Look
1iT1fAjZols,"Anil Kapoor, Harshvarrdhan Kapoor, Fatima Sana Sheikh"
QkO4X-6nRjo,Aishwarya Rai Bachchan Almost Confesses Her Love
QkO4X-6nRjo,Jeans Movie Scene
QkO4X-6nRjo,Netflix India
CNn7cG-rJdM,Gangubai Wins The Election!
CNn7cG-rJdM,Alia Bhatt
CNn7cG-rJdM,Gangubai Kathiawadi
CNn7cG-rJdM,Netflix India
TTLqo6MqeIw,Harshvarrdhan Kapoor Reacts To Comments
TTLqo6MqeIw,Thar
TTLqo6MqeIw,Netflix India
SbrY-Gc10mQ,Mumbai Indians & The Love For Ipl
SbrY-Gc10mQ,Cricket Fever: Mumbai Indians
SbrY-Gc10mQ,Netflix India
nt0jMfcgFv4,Naruto & Sasuke Battle It Out!
nt0jMfcgFv4,Naruto
nt0jMfcgFv4,Netflix India
KoLOdkpEiAw,Alia Bhatt'S Speech In Azad Maidan
KoLOdkpEiAw,Gangubai Kathiawadi
KoLOdkpEiAw,Netflix India
I7_TVa9rMhg,Stranger Things Season 3 Recap: Back To Hawkins!
I7_TVa9rMhg,Netflix India
CsNhdyGIkDM,Money Heist: Korea - Joint Economic Area
CsNhdyGIkDM,Date Announcement
CsNhdyGIkDM,Netflix
oyRN86Dmv58,@Tanmaybhat & @Mythpat React To Doraemon
oyRN86Dmv58,Stand By Me Doraemon 2
oyRN86Dmv58,Netflix India
ysKOLNgHRxY,If Gangubai Was In Your Office Ft. @Shortsbreak_Official
ysKOLNgHRxY,Gangubai Kathiawadi
ysKOLNgHRxY,Netflix India
_J7tNBa9yVg,Ajay Devgn Protects Alia Bhatt
_J7tNBa9yVg,Gangubai Kathiawadi
_J7tNBa9yVg,Netflix India
Mtc8Se5qgxs,Thar
Mtc8Se5qgxs,Who Is He?
Mtc8Se5qgxs,"Anil Kapoor, Harshvarrdhan Kapoor, Fatima Sana Shaikh"
Mtc8Se5qgxs,Promo
Mtc8Se5qgxs,Netflix India
1awooHZvJMc,Gangubai Takes Over Mumbai
1awooHZvJMc,Gangubai Kathiawadi
1awooHZvJMc,Alia Bhatt
1awooHZvJMc,Netflix India
WCDp2oHrv-k,Azadi Ki Amrit Kahaniyan : Incredible Stories Of Incredible Women
WCDp2oHrv-k,Netflix India
kbGQWb2J9jw,How Sanjay Leela Bhansali Created Gangus World
kbGQWb2J9jw,Gangubai Kathiawadi
kbGQWb2J9jw,Alia Bhatt
kbGQWb2J9jw,Netflix India
_54W_M7GSBQ,Shah Rukh Khan Sings For Sushmita Sen
_54W_M7GSBQ,Main Hoon Na
_54W_M7GSBQ,Netflix India
d8MRiTszGf4,Stuart Little Gets Chased By Snowbell
d8MRiTszGf4,Netflix India
vFrIJV_Fd1o,From Nimrat Kaur To Bimla Devi
vFrIJV_Fd1o,Behind The Scenes
vFrIJV_Fd1o,Dasvi
vFrIJV_Fd1o,Netflix India
NtOPxiPYsRU,Ranbir Kapoor'S Funny Argument
NtOPxiPYsRU,Ajab Prem Ki Ghazab Kahani
NtOPxiPYsRU,Netflix India
Va2mn29pGLE,"Dasvi Preparations In Jail Ft. Abhishek Bachchan, Yami Gautam & Nimrat Kaur"
Va2mn29pGLE,Behind The Scenes
TSrm5dGV678,Tasting Ghar Ka Khana With Mai
TSrm5dGV678,Sakshi Tanwar & Wamiqa Gabbi
TSrm5dGV678,Menu Please
TSrm5dGV678,Netflix India
ZOldovwNOdk,Was It An Accident Or Murder?
ZOldovwNOdk,Sakshi Tanwar
ZOldovwNOdk,Mai
Wz2dhjANVtg,There'S Something For Everyone
Wz2dhjANVtg,Netflix For All
Wz2dhjANVtg,Netflix India
Rq8DSIKoxig,Indrajith Stops Anna Ben And Roshan Mathew
Rq8DSIKoxig,Night Drive
Rq8DSIKoxig,Netflix India
rLe66LyOrDY,@Tanmaybhat & @Shehnaazgillofficial React To Andaz Apna Apna
rLe66LyOrDY,Netflix India
EJmGsXA9bps,Swagat Hai Gangubai Ka
EJmGsXA9bps,Gangubai Kathiawadi
EJmGsXA9bps,Alia Bhatt
EJmGsXA9bps,Sanjay Leela Bhansali
EJmGsXA9bps,Netflix India
y6k23UZP2k4,Raima Sen Needs The Key!
y6k23UZP2k4,Mai
y6k23UZP2k4,Netflix India
jO5othqAMnI,"Wrestling Mania Ft. Aamir Khan, Fatima Sana Shaikh And Sanya Malhotra"
jO5othqAMnI,Dangal
jO5othqAMnI,Netflix India
Z4OyzkewkDE,@Triggeredinsaan Plays Never Have I Ever With His Mom Ft. @Dimplemalhanvlogs
Z4OyzkewkDE,Mai
Z4OyzkewkDE,Netflix India
8SdUGQkJYEs,Thar
8SdUGQkJYEs,Official Trailer
8SdUGQkJYEs,"Anil Kapoor, Harshvarrdhan Kapoor, Fatima Sana Shaikh"
8SdUGQkJYEs,Netflix India
p7yLKGcYbkw,A Mother'S Rage
p7yLKGcYbkw,Mai
p7yLKGcYbkw,Sakshi Tanwar
p7yLKGcYbkw,Netflix India
3lC_CA5huJE,Raima Sen Interrogates Sakshi Tanwar
3lC_CA5huJE,Mai
3lC_CA5huJE,Netflix India
6ROBk1o3_fE,Pankaj Tripathi Tries To Crack A Deal With Kriti Sanon
6ROBk1o3_fE,Mimi
6ROBk1o3_fE,Netflix India
8r5HHb5Ol-o,Mai
8r5HHb5Ol-o,Now Streaming
8r5HHb5Ol-o,"Sakshi Tanwar, Wamiqa Gabbi, Raima Sen & More"
8r5HHb5Ol-o,Netflix India
Jwow0hEb8vg,@Ashishchanchlanivines And @Rohanjoshi8016 React To Stranger Things 4 Trailer
Jwow0hEb8vg,Netflix India
6Uhp8ygp4rM,"Tamil New Year Sirappu Pattimandram Ft. Raja, @Jagankrishnanjaggenius, Mirchi Vijay"
6Uhp8ygp4rM,Netflix India
9qth9dHXO9U,Stranger Things 4
9qth9dHXO9U,Official Telugu Trailer
9qth9dHXO9U,Netflix India
OvblHC3wSU0,Motu Patlu Set Out For An Adventure!
OvblHC3wSU0,Motu Patlu In Dragons World
OvblHC3wSU0,Netflix India
EV3liGzfdJ4,"Kids Quiz Abhishek Bachchan, Yami Gautam & Nimrat Kaur"
EV3liGzfdJ4,Dasvi
EV3liGzfdJ4,Netflix India
EYVve79ty8w,Anup Soni Investigates Mai'S Story
EYVve79ty8w,Sakshi Tanwar
EYVve79ty8w,Netflix India
kzzZCZAjm1U,Yami Gautam Teaches Abhishek Bachchan A Lesson
kzzZCZAjm1U,Dasvi
kzzZCZAjm1U,Netflix India
053t3PR0VEk,Gully Cricketers Vs. Professional Cricketers: Who Will Win?
053t3PR0VEk,@Rachitrojha
053t3PR0VEk,83
053t3PR0VEk,Netflix India
cCFMbT2-BT8,Abhishek Bachchan Is Impressed By Nimrat Kaur
cCFMbT2-BT8,Dasvi
cCFMbT2-BT8,Netflix India
8BX3MPOgzP0,Suriya Gets A Call From Priyanka Mohan For The First Time
8BX3MPOgzP0,Etharkkum Thunindhavan
8BX3MPOgzP0,Netflix India
kdnOdogVKRo,Ankur Ratan As Farooque
kdnOdogVKRo,Teaser
kdnOdogVKRo,Mai
kdnOdogVKRo,Netflix India
Eh4dss4SDFI,Busting The Most Popular Lgbtq+ Myths
Eh4dss4SDFI,"@Sushantdivgikarranikohenur, Anjali Sivaraman"
Eh4dss4SDFI,Cobalt Blue
I25lMkfXh1U,Suriya Impresses Priyanka Mohan
I25lMkfXh1U,Etharkkum Thunindhavan
I25lMkfXh1U,Coming Soon
I25lMkfXh1U,Netflix India
XdhF3VgdvBk,Raima Sen As Neelam
XdhF3VgdvBk,Teaser
XdhF3VgdvBk,Mai
XdhF3VgdvBk,Netflix India
DxQhPryA5SQ,Why Is Abhishek Bachchan Angry?
DxQhPryA5SQ,Leaked Audition Tape
DxQhPryA5SQ,Dasvi
DxQhPryA5SQ,Netflix India
5pToev59l_Y,Meet Prashant
5pToev59l_Y,Teaser
5pToev59l_Y,Mai
5pToev59l_Y,Netflix India
sc1iWvVtYAM,Can @Triggeredinsaan Pass 10Th Board Exams?
sc1iWvVtYAM,Dasvi
sc1iWvVtYAM,Netflix India
SwkPVh85KgY,Meet Jawahar
SwkPVh85KgY,Teaser
SwkPVh85KgY,Mai
SwkPVh85KgY,Netflix India
h37wR-Kp_Ng,Dulquer Salmaans Dating Tips Ft. Rj Vijay
h37wR-Kp_Ng,Hey Sinamika
h37wR-Kp_Ng,Netflix India
VmOJidC_AI8,What If Sex Education Happened In Bollywood
VmOJidC_AI8,Mihir Ahuja
VmOJidC_AI8,Netflix India
YrHMnE00-Ho,Why I Was Named After Kapil Dev
YrHMnE00-Ho,@Kapilsharmak9: Im Not Done Yet
YrHMnE00-Ho,Stand Up Comedy
YrHMnE00-Ho,Netflix India
9FfMLf6EUBE,I Can'T Believe I Met Madhuri Dixit
9FfMLf6EUBE,@Aishmrj
9FfMLf6EUBE,Aishvlogs
9FfMLf6EUBE,The Fame Game
hx6PDa7STiY,@Tanmaybhat & @Varunthakurofficial React To 83
hx6PDa7STiY,Netflix India
ui_ZmkAGxAw,Zombie Paavangal Ft. @Parithabangal
ui_ZmkAGxAw,All Of Us Are Dead
ui_ZmkAGxAw,Gopi & Sudhakar
ui_ZmkAGxAw,Netflix India
Evslg1cBbm8,Cobalt Blue
Evslg1cBbm8,Official Trailer
Evslg1cBbm8,"Prateik Babbar, Anjali Sivaraman, Neelay Mehendale"
Evslg1cBbm8,Netflix India
f2371CjayMA,Ozark: Season 4
f2371CjayMA,Part 2 Official Hindi Trailer
f2371CjayMA,Netflix India
OxRikNXSk4k,The Best Relationship Advice
OxRikNXSk4k,"Rahul Bose, Vihaan Samat"
OxRikNXSk4k,Eternally Confused And Eager For Love
NdBY5TcXr6o,The Ultimate Bollywood Road Trip Ft. @Wanderershub
NdBY5TcXr6o,"Jab We Met, Yeh Jawaani Hai Deewani, Tamasha"
Iwj9SwOOw38,The Cast Of Bridgerton Reacts To Bollywood Romances
Iwj9SwOOw38,Charithra Chandran And Nicola Coughlan
8uJgtegurag,Sakshi Tanwar Reacts To Comments
8uJgtegurag,Mai
8uJgtegurag,Netflix India
ol4KKPJripE,Dulquer Salmaan & Aditi Rao Hydari'S Romantic First Meeting
ol4KKPJripE,Hey Sinamika
ol4KKPJripE,Netflix India
tNOXvofcp2U,Will Prakash Raj & R. Madhavan Escape?
tNOXvofcp2U,Kannathil Muthamittal
tNOXvofcp2U,Netflix India
FmZzno7aRM0,Never Make An Indian Dad Wait!
FmZzno7aRM0,"Rahul Bose, Vihaan Samat"
FmZzno7aRM0,Eternally Confused & Eager For Love
_JC2nb3QGBY,Daya & Tapu Sena Go On A Fun Ride
_JC2nb3QGBY,Taarak Mehta Kka Chhota Chashmah
_JC2nb3QGBY,Netflix India
DmgPYFCSWq0,Ranveer Singh Motivates The Indian Cricket Team
DmgPYFCSWq0,83
DmgPYFCSWq0,Netflix India
Ohg8Iee4WCo,Click Here To Top Your Exams!!
Ohg8Iee4WCo,@Slayypointofficial
Ohg8Iee4WCo,Netflix India
m89P-tsA65c,@Kapilsharmak9 On Poha & Elevators
m89P-tsA65c,Standup Comedy
m89P-tsA65c,Kapil Sharma: I Am Not Done Yet
m89P-tsA65c,Netflix India
lT_ud0NY_MU,Mai
lT_ud0NY_MU,Official Trailer
lT_ud0NY_MU,"Sakshi Tanwar, Raima Sen, Wamiqa Gabbi"
lT_ud0NY_MU,Netflix India
mO-poxO4m1o,83
mO-poxO4m1o,Kannada Trailer
mO-poxO4m1o,"Ranveer Singh, Deepika Padukone, Pankaj Tripathi & More"
mO-poxO4m1o,Netflix India
DPxDnyOdUWU,83
DPxDnyOdUWU,Malayalam Trailer
DPxDnyOdUWU,"Ranveer Singh, Deepika Padukone, Pankaj Tripathi & More"
DPxDnyOdUWU,Netflix India
HEZAi9O2pIM,Kapil Dev'S Emotional Surprise For Fans
HEZAi9O2pIM,83
HEZAi9O2pIM,Netflix India
UWQOv0f8LVU,83
UWQOv0f8LVU,Telugu Trailer
UWQOv0f8LVU,"Ranveer Singh, Deepika Padukone, Pankaj Tripathi & More"
UWQOv0f8LVU,Netflix India
UEReI2rn7GU,83
UEReI2rn7GU,Tamil Trailer
UEReI2rn7GU,"Ranveer Singh, Deepika Padukone, Pankaj Tripathi & More"
UEReI2rn7GU,Netflix India
FTY1eutDWCU,Team India'S Impossible Dream
FTY1eutDWCU,"Ranveer Singh, Deepika Padukone, Pankaj Tripathi, And More!"
FTY1eutDWCU,83
yBK1gUPR_48,The Best First Date Food
yBK1gUPR_48,"Rahul Bose, Vihaan Samat & Suchitra Pillai"
yBK1gUPR_48,Menu Please
yBK1gUPR_48,Netflix India
J1Z0nSqCK3I,"The Eternally Confused Show Ft. Vihaan Samat, @Uroojashfaq9701, @Bonusfeatureswithyd And More!"
vR2pyKATTw4,Kapil Devs Untold Stories From The 83 World Cup Ft. Gaurav Kapur
vR2pyKATTw4,83
vR2pyKATTw4,Netflix India
j_9nbOLon-Q,Ranbir Kapoor'S Emotional Breakup Scene
j_9nbOLon-Q,Barfi!
j_9nbOLon-Q,Netflix India
6FvuOls3tQc,Rajinikanth And Vijay Sethupathi'S Killer Action Ft. Nawazuddin Siddiqui
6FvuOls3tQc,Petta
6FvuOls3tQc,Netflix India
iBhbSbVzGdk,"@Tanmaybhat, Jim Sarbh & Vihaan Samat React To Eternally Confused & Eager For Love"
iBhbSbVzGdk,Netflix India
5nX3XT-r_ss,Aamir Khans Motivational Message
5nX3XT-r_ss,"Lagaan, Taare Zameen Par, 3 Idiots, Dangal & Rang De Basanti"
ZjWdkkcmrio,Sword Dance
ZjWdkkcmrio,"Kim Tae-Hyung, Choi Min-Ho, Park Seo-Joon & More"
ZjWdkkcmrio,Hwarang: The Poet Warrior Youth
eknnOXJnVXM,Pranked On A Date!
eknnOXJnVXM,"Aisha, @Sakshi_Shivdasani, @Tarini_Shah"
eknnOXJnVXM,Eternally Confused And Eager For Love
TNNeJNHnX04,The Singh Family Project Ft. @Dollysinghofficial
TNNeJNHnX04,The Adam Project
TNNeJNHnX04,Netflix India
PSKVTiqasro,Behind The Screens: Eternally Confused & Eager For Love
PSKVTiqasro,"Zoya Akhtar, Farhan Akhtar & Reema Kagti"
1JU1uxQCG-E,Rang Ki Bahaar Aayi!
1JU1uxQCG-E,@Mymissanand12
1JU1uxQCG-E,Mighty Little Bheem: Festival Of Colours
pBOIHeA-sfM,We Have An Announcement!
pBOIHeA-sfM,"Kareena Kapoor Khan, Jaideep Ahlawat, Vijay Varma"
pBOIHeA-sfM,Netflix India
sRKgcD3gHSM,@Tanmaybhat Reacts To Formula 1: Drive To Survive Season 4 Ft. @Rohanjoshi8016 & @Theashishshakya
QOA07YwPc3I,Dating As An Introvert
QOA07YwPc3I,"Vihaan, Rahul Bose, Suchitra Pillai"
QOA07YwPc3I,Eternally Confused And Eager For Love
Qg9a030KTGI,How To Be A Perfect Wife?
Qg9a030KTGI,Bhumi Pednekar & Sheeba Chaddha
Qg9a030KTGI,Badhaai Do
Qg9a030KTGI,Netflix India
djC1_5uSlDA,Can They Survive The Fame Game?
djC1_5uSlDA,"@Mythpat, @Aishmrj, @Rjabhinavv, @Dhanashreeverma"
_yTtx6eLKSQ,Can We Time Travel? Ft. @Rimoravvlogs
_yTtx6eLKSQ,The Adam Project
_yTtx6eLKSQ,Netflix India
Ezh1uxguF_4,Rajkummar Rao & Bhumi Pednekar Check What'S In The Box
Ezh1uxguF_4,Badhaai Do
Ezh1uxguF_4,Netflix India
XEPNiWMFbbQ,@Rjabhinavv Tells Us Whats New On Netflix
XEPNiWMFbbQ,"The Fame Game, Bridgerton, & More"
XEPNiWMFbbQ,Netflix India
uPdpHCklnzA,Who Is The Real Madhuri Dixit?
uPdpHCklnzA,The Fame Game
uPdpHCklnzA,Behind The Scenes
uPdpHCklnzA,Madhuri Dixit
MCy9FQZnkLc,The Bubble
MCy9FQZnkLc,Official Trailer
MCy9FQZnkLc,"Vir Das, Pedro Pascal & More!"
MCy9FQZnkLc,A Judd Apatow Comedy
MCy9FQZnkLc,Netflix India
qCDvr-6Auas,The Adam Project
qCDvr-6Auas,"Ryan Reynolds, Mark Ruffalo & More!"
qCDvr-6Auas,Now Streaming
qCDvr-6Auas,Netflix India
hh5ci27__Q0,Karan Johar And Shawn Levy Talk Films
hh5ci27__Q0,The Adam Project
hh5ci27__Q0,Netflix India
Mx8nUsNkjAM,Formula 1: Drive To Survive S4
Mx8nUsNkjAM,Official Trailer
Mx8nUsNkjAM,Netflix
e0-QRL-_whg,"Behensplaining Women In Films Ft. Kusha, Srishti, Mrunal, Taapsee, Aaditi, Anchal & Amruta"
QQEy6QsbdUY,Meet The Anands: Behind The Scenes
QQEy6QsbdUY,"Madhuri Dixit, Sanjay Kapoor"
QQEy6QsbdUY,The Fame Game
QQEy6QsbdUY,Netflix India
0CJIYcRHhx0,Trust No One: The Hunt For The Crypto King
0CJIYcRHhx0,Official Trailer
0CJIYcRHhx0,Netflix India
sWoimTmTD3c,How Not To Dance With Your Crush
sWoimTmTD3c,Eternally Confused And Eager For Love
sWoimTmTD3c,Netflix India
1vG53O6cdYI,@Irfansview1 & Kishen Das Try Food From Chennais Popular Messes
1vG53O6cdYI,Menu Please
1vG53O6cdYI,Netflix India
p9ZABBSa3vE,Akshay Kumars Action Packed Chase Scene
p9ZABBSa3vE,Sooryavanshi
p9ZABBSa3vE,Netflix India
CntZyNFY0Jo,He Proposed. Now What?
CntZyNFY0Jo,@Aishmrj
CntZyNFY0Jo,Aishvlogs
CntZyNFY0Jo,Netflix India
LaSNsv7jFVY,Her Kahaani Hai Zaruri
LaSNsv7jFVY,Womens Day
LaSNsv7jFVY,Now Streeming
LaSNsv7jFVY,Netflix India
Dpo_522-N_I,The Game Changer Ft. Madhuri Dixit And Karan Johar
Dpo_522-N_I,The Fame Game
Dpo_522-N_I,Netflix India
uyQSG9XQGMk,5 Reasons To Watch The Fame Game
uyQSG9XQGMk,"Madhuri Dixit, Manav Kaul, Sanjay Kapoor"
uyQSG9XQGMk,Netflix India
AT7anFFlqGY,Eternally Confused And Eager For Love
AT7anFFlqGY,Official Hindi Trailer
AT7anFFlqGY,Netflix India
pEMdMQe8DNc,Kathal
pEMdMQe8DNc,Official Announcement
pEMdMQe8DNc,Sanya Malhotra
pEMdMQe8DNc,Netflix India
aBEBA3dm-Yo,What To Watch On Netflix
aBEBA3dm-Yo,March 2022
aBEBA3dm-Yo,Netflix India
4R6sirlwtJk,Killer Soup
4R6sirlwtJk,Official Announcement
4R6sirlwtJk,Manoj Bajpayee & Konkona Sensharma
4R6sirlwtJk,Netflix India
oEgFgA022jM,Allu Arjun Just Cant Lie
oEgFgA022jM,Ala Vaikhuntapurramuloo
oEgFgA022jM,Netflix India
bGf_MAzDQKg,When You Are A K-Drama Fan
bGf_MAzDQKg,@Radhikabangiaofficialchannel
bGf_MAzDQKg,Netflix India
nCGjeBAdmY8,Majnu Bhai Vs. Dr. Ghungroo
nCGjeBAdmY8,Welcome
nCGjeBAdmY8,Comedy Scene
nCGjeBAdmY8,"Anil Kapoor, Paresh Rawal, Nana Patekar"
Q45Mg0LKNoE,The Adam Project
Q45Mg0LKNoE,Official Telugu Trailer
Q45Mg0LKNoE,"Ryan Reynolds, Mark Ruffalo & More!"
Q45Mg0LKNoE,Netflix India
YmcMTf_zN6c,The Adam Project
YmcMTf_zN6c,Official Tamil Trailer
YmcMTf_zN6c,"Ryan Reynolds, Mark Ruffalo & More!"
YmcMTf_zN6c,Netflix India
E5WTcvs1FRI,The Adam Project
E5WTcvs1FRI,Official Hindi Trailer
E5WTcvs1FRI,"Ryan Reynolds, Mark Ruffalo & More!"
E5WTcvs1FRI,Netflix India
JwKDASotCxk,The Adam Project
JwKDASotCxk,Official Trailer
JwKDASotCxk,"Ryan Reynolds, Mark Ruffalo & More!"
JwKDASotCxk,Netflix India
bDGwNcggFWQ,The Tudum Jingalala Anthem
bDGwNcggFWQ,Netflix On Tata Play
mVhJvkPap5I,Sanjay Dutt'S Hospital Has A Visitor Ft. Nawazuddin Siddiqui
mVhJvkPap5I,Munna Bhai M.B.B.S.
mVhJvkPap5I,Netflix India
E-A_43zFWiM,Matched@Netflix
E-A_43zFWiM,Ep. 4: Will I Find My Perfect Match? Ft. @Anandkothari5467
E-A_43zFWiM,Netflix India
eEjy4dAW6i8,Why Are Rom-Coms Called Chick-Flicks?
eEjy4dAW6i8,"@Dollysinghofficial, Srishti, Sushant, @Ankushbahuguna"
eToHipi_utc,Dupatta Mera: Official Music Video
eToHipi_utc,Madhuri Dixit
eToHipi_utc,The Fame Game
eToHipi_utc,Netflix India
GVUxdV5qs1U,Jethalal & Bapuji Shocked By Daya'S Garba
GVUxdV5qs1U,Taarak Mehta Kka Chhota Chashmah
GVUxdV5qs1U,Netflix India
48ZXhON2TBY,Anamika Anand & Manish Khannas Chemistry
48ZXhON2TBY,The Fame Game
48ZXhON2TBY,Netflix India
iqnD2I7KWgs,Breaking Bad Tamil Recap Ft. Rj Balaji
iqnD2I7KWgs,Breaking Bad-Um 120 Rubaiyum
iqnD2I7KWgs,Netflix India
bnb1HOcUmIE,The Fame Game: Solve The Mystery
bnb1HOcUmIE,Netflix India
NKPPeEpaMm4,Tyson Vs. Kai: The Ultimate Beyblade Battle
NKPPeEpaMm4,Dragoon & Dranzer
NKPPeEpaMm4,Beyblade
NKPPeEpaMm4,Netflix India
v26XYo_ssnw,Zombie Attack Ft. @Mythpat
v26XYo_ssnw,All Of Us Are Dead
v26XYo_ssnw,Netflix India
Zd65VbG8GnI,When Your Parents Find You A Date
Zd65VbG8GnI,Eternally Confused And Eager For Love
Zd65VbG8GnI,Netflix India
TmCLjO8tPrM,Madhuri Dixit Nene: The Queen Of Emotions
TmCLjO8tPrM,"Hum Aapke Hain Koun, Dedh Ishqiya & More I Netflix India"
t3nNxjex2CI,"@Blackpink Sings ""Lean On"""
t3nNxjex2CI,Blackpink: Light Up The Sky
t3nNxjex2CI,Netflix India
IThYkH06XnY,Its Vikrants Turn Now
IThYkH06XnY,Yeh Kaali Kaali Ankhein
IThYkH06XnY,"Tahir Raj Bhasin, Shweta Tripathi Sharma"
hDulf7189zs,Hrithik Roshan Vs. Aishwarya Rai Bachchan
hDulf7189zs,Jodhaa Akbar
hDulf7189zs,Netflix India
gdbNjetarbk,Tiger Shroffs Amazing Martial Arts Training
gdbNjetarbk,Baaghi
gdbNjetarbk,Netflix India
Cz0JljAqEms,"Night Shift Ft. Arun Pradeep, Raffi Dq"
Cz0JljAqEms,Malayalam Sketch
Cz0JljAqEms,Money Heist
Cz0JljAqEms,Netflix India
k8rHdfbKrpk,Matched@Netflix
k8rHdfbKrpk,Ep. 3: The Boyfriend Hunt Ft. Rj Meha
k8rHdfbKrpk,Netflix India
Ts14TpMZwaE,Vijay'S Most Badass Moments
Ts14TpMZwaE,Sarkar
Ts14TpMZwaE,Netflix India
mQ5BF2BlUN4,Best Sandwich Challenge
mQ5BF2BlUN4,Teen Titans Go!
mQ5BF2BlUN4,Netflix India
H68UT2uf6IE,Vikrant Against The World
H68UT2uf6IE,Yeh Kaali Kaali Ankhein
H68UT2uf6IE,"Tahir Bhasin Raj, Shweta Tripathi Sharma"
dv1LUMJPB5Y,Hustle
dv1LUMJPB5Y,Official Teaser
dv1LUMJPB5Y,Adam Sandler
dv1LUMJPB5Y,Netflix India
Ilxpl3eYO0k,Meet The Anands
Ilxpl3eYO0k,The Fame Game
Ilxpl3eYO0k,"Madhuri Dixit Nene, Sanjay Kapoor, Manav Kaul"
Ilxpl3eYO0k,Netflix India
ZHGLjlSzOCU,Eternally Confused And Eager For Love
ZHGLjlSzOCU,Official Trailer
ZHGLjlSzOCU,Netflix India
GQpMA_vJJJo,All Of Us Are Dead Ft. @Sherryshroff
GQpMA_vJJJo,@Tanmaybhat Reacts
GQpMA_vJJJo,Netflix India
LgxqiYObmA8,"Prices = Lit , Dadi = Cool"
LgxqiYObmA8,#Netflixforall
LgxqiYObmA8,Netflix India
u5ZOrEbEVLE,We Have An Announcement!
u5ZOrEbEVLE,Eternally Confused And Eager For Love
u5ZOrEbEVLE,Netflix India
fYBBK6w5u04,Deepika Padukone & Shah Rukh Khan'S Romantic Reunion
fYBBK6w5u04,Om Shanti Om
fYBBK6w5u04,Netflix India
_jp7xMkEjeA,When Your Friend Doesn'T Take Your Recommendations
_jp7xMkEjeA,"@Thatssoviraj, @Tarini_Shah"
_jp7xMkEjeA,Netflix India
O6UBtr8YHlg,@Tanmaybhat & @Jokesingh React To The Tinder Swindler
O6UBtr8YHlg,Netflix India
KBOuXYrNVYc,Matched@Netflix
KBOuXYrNVYc,Ep. 2: Will She Find Her Valentine?
KBOuXYrNVYc,Netflix India
JXwrfU6fuDM,Mumbai'S Middle Eastern Delicacies
JXwrfU6fuDM,Menu Please Ft. Shreya Dhanwanthary
jkflHulY7UM,Valentine'S Day Special: Kishen Dial Seidha Yen Ft. Gautham Vasudev Menon
jkflHulY7UM,Netflix India
2Zb9MvbVYO8,Humare Zamane Ka Valentines Ft. Neena Gupta & Gajraj Rao
2Zb9MvbVYO8,Netflix India
xI1YfAfEdSo,Madhuri Dixit Nene Reacts To Your Comments
xI1YfAfEdSo,The Fame Game
xI1YfAfEdSo,Netflix India
D-ug3G4uOrE,Netflix Aapki Bhaasha Mein!
D-ug3G4uOrE,#Netflixforall
D-ug3G4uOrE,Netflix India
q3HEQsu_s3M,Vikings: Valhalla
q3HEQsu_s3M,Official Hindi Trailer
q3HEQsu_s3M,Netflix India
2EnMuY1g664,The Fame Game
2EnMuY1g664,Official Trailer
2EnMuY1g664,"Madhuri Dixit Nene, Sanjay Kapoor, Manav Kaul"
2EnMuY1g664,Netflix India
196BTFrqcKw,We Found Ryuk From Death Note In Real Life! Ft. @Mythpat & Lali
196BTFrqcKw,Netflix India
MnYrSvUmu2w,The Fame Game
MnYrSvUmu2w,Trailer Out Tomorrow
MnYrSvUmu2w,"Madhuri Dixit, Sanjay Kapoor, Manav Kaul"
MnYrSvUmu2w,Netflix India
aA9aZ752AV4,Prabhas Falls In Love At First Sight
aA9aZ752AV4,Baahubali 2: The Conclusion
aA9aZ752AV4,Netflix India
eiiCdxfyRUA,Matched@Netflix
eiiCdxfyRUA,Ep 1: Ek Vishesh Love Story
eiiCdxfyRUA,@Visheshmilind
eiiCdxfyRUA,Netflix India
jH3BM2fHhtM,Vikings: Valhalla
jH3BM2fHhtM,Official Trailer
jH3BM2fHhtM,Netflix India
rSxnqzwbf3U,Matched@Netflix: A New Age Dating Show
rSxnqzwbf3U,Promo
rSxnqzwbf3U,Exclusively On Netflix Indias Youtube Channel
Dpz30MGXtmA,Lola'S Chant
Dpz30MGXtmA,@Hanumankind Feat. Kalmi
Dpz30MGXtmA,Looop Lapeta
Dpz30MGXtmA,Music Video
Dpz30MGXtmA,Netflix India
lCZaTvDp6zw,Robert Downey Jr. Talks To Animals
lCZaTvDp6zw,Dolittle
lCZaTvDp6zw,Netflix India
NcCO-p-YQog,The Ultimate Live Chess!
NcCO-p-YQog,"@Mythpat, @Samayrainaofficial, Taapsee Pannu, Tahir Raj Bhasin"
NcCO-p-YQog,Looop Lapeta
GLLhHMRMmsM,Parents React To Kapil Sharma
GLLhHMRMmsM,"Ft @Aishmrj, @Therahuldua & Rytasha Rathore"
GLLhHMRMmsM,Netflix India
L9J8Jd9VagY,All Of Us Are Dead
L9J8Jd9VagY,Meet The Cast
L9J8Jd9VagY,Netflix India
GLBp-hCtSxs,@Tanmaybhat & @Aishmrj React To Jab We Met
GLBp-hCtSxs,Netflix India
cX9_dOJvt1w,"Taapsee Pannu Pranks Shayan Roy, Taaruk Raina, @Thetaneeshow And @Jakesitlani"
cX9_dOJvt1w,Looop Lapeta
t7cLWHX-ZxU,Netflix 2022 Movie Preview
t7cLWHX-ZxU,Official Trailer
t7cLWHX-ZxU,New Movies Every Week
t7cLWHX-ZxU,#Netflixforall
8lyWKvsy5Us,Yogi Babu Gets Vip Treatment
8lyWKvsy5Us,Mandela
8lyWKvsy5Us,Netflix India
9r44EKwIR-s,"Looop It Or Lose It! Ft. @Rohanjoshi8016, @Kushakapila5643 , Neha Dhupia, Maheep Kapoor, Cyrus Sahukar"
wn8p6BF657I,Kapil Reacts To Fan Comments
wn8p6BF657I,Kapil Sharma: Im Not Done Yet
wn8p6BF657I,Netflix India
IVksyuty3EA,"Yeh Kaali Kaali Ankhein Jukebox L Tahir Raj Bhasin, Shweta Tripathi Singh, Anchal Singh"
5LkK9e7Zbqo,All Of Us Are Dead
5LkK9e7Zbqo,Behind The Scenes
5LkK9e7Zbqo,Netflix India
HL0JGgpjEiw,Texas Chainsaw Massacre
HL0JGgpjEiw,Official Trailer
HL0JGgpjEiw,Netflix India
rSaNLNHj8uI,Nawazuddin Siddiqui: The Story Of A Legend
rSaNLNHj8uI,Poetry
rSaNLNHj8uI,Netflix India
LbxMz0bCDks,Akhil Akkineni Gets Consoled By Vennela Kishore
LbxMz0bCDks,Most Eligible Bachelor
LbxMz0bCDks,Netflix India
gp1-SO8TRBU,Shriya Saran Revisits Sivaji Ft. Kishen Das
gp1-SO8TRBU,Netflix India
Mf43MkmBZrI,Taapsee Pannu And Tahir Raj Bhasin Take The Smoothie Challenge
Mf43MkmBZrI,Looop Lapeta
Mf43MkmBZrI,Netflix India
AtjuRwJVnms,Sakhi Re Music Video
AtjuRwJVnms,"Tahir Raj Bhasin, Anchal Singh L Yeh Kaali Kaali Ankhein"
IKKHZbRk1FA,Stories From Korea: 2022
IKKHZbRk1FA,Announcement
IKKHZbRk1FA,Netflix India
Z8mAThD44eY,Kapil Sharma: Fans Ka Hungama
Z8mAThD44eY,Netflix Stand-Up Special Fan Event
Z8mAThD44eY,Netflix India
dZARUSMEbNI,Bahaano Baahano Music Video
dZARUSMEbNI,"Tahir Raj Bhasin, Shweta Tripathi Sharma L Yeh Kaali Kaali Ankhein"
4E1AuVKIsg4,Nani Takes Sai Pallavi On A Boat Ride
4E1AuVKIsg4,Shyam Singha Roy
4E1AuVKIsg4,Netflix India
LjvKo4pjAWs,Space Force: Season 2
LjvKo4pjAWs,Official Trailer
LjvKo4pjAWs,Netflix India
07DUyY1inxM,Kapil Gets A New Job
07DUyY1inxM,Kapil Sharma: Im Not Done Yet Is Now Streaming
07DUyY1inxM,Netflix India
Ba7Ken9fO0w,Yeh Kaali Kaali Ankhein
Ba7Ken9fO0w,Behind The Scenes
Ba7Ken9fO0w,"Tahir Raj Bhasin, Shweta Tripathi Sharma, Anchal Singh"
Jx987D-5udk,Kapil Sharma Is Unstoppable
Jx987D-5udk,Kapil Sharma: Im Not Done Yet
Jx987D-5udk,Netflix India
PqPg8Kx18mY,Looop Lapeta Title Track
PqPg8Kx18mY,Music Video
PqPg8Kx18mY,"Taapsee Pannu, Tahir Raj Bhasin"
PqPg8Kx18mY,Netflix India
2OvbNYON_nQ,Mighty Little Bheems Trip To The Moon
2OvbNYON_nQ,Netflix India
bwL5zEq9wuY,Would You Rather?
bwL5zEq9wuY,"Shweta Tripathi Sharma, Tahir Raj Bhasin, Anchal Singh"
bwL5zEq9wuY,Yeh Kaali Kaali Ankhein
PtYNuGHWQyc,Guillermo Del Toros Pinocchio
PtYNuGHWQyc,Official Teaser
PtYNuGHWQyc,Netflix India
6eqMbWPVaDw,Taapsee Pannu & Tahir Raj Bhasin In A Looop Of Lies
6eqMbWPVaDw,Looop Lapeta
6eqMbWPVaDw,Netflix India
ZsI82MHVhcI,@Anubhavsinghbassi Interviews Kapil Sharma
ZsI82MHVhcI,Kapil Sharma: Im Not Done Yet
T1dBvOBquws,Nawazuddin Siddiqui & Vir Das : Conversations In New York City Ft. @Kushakapila5643
T1dBvOBquws,Netflix India
wGbzk6Tge_8,It'S Time For Your Short Film!
wGbzk6Tge_8,Taketen: An Initiative By @Filmcompanionstudios & Netflix India
OE2m37oU_Io,@Yashrajmukhateofficial Is Not Done Yet
OE2m37oU_Io,Kapil Sharma: Im Not Done Yet
OE2m37oU_Io,Netflix India
DqKFx0F7kls,Why You Shouldn'T Mess With Yogi Babu
DqKFx0F7kls,Doctor
DqKFx0F7kls,Netflix India
GCYwcmXDfD0,The Behens Takeover New York
GCYwcmXDfD0,@Kushakapila5643 & @Niharikanm
GCYwcmXDfD0,Netflix India
X1B05Dpfbkw,Mimi Keene & Asa Butterfield'S Candid Conversation
X1B05Dpfbkw,Sex Education
X1B05Dpfbkw,Netflix India
0cdapmsgRhI,Tahir Raj Bhasin Meets Anchal Singh
0cdapmsgRhI,Yeh Kaali Kaali Ankhein
0cdapmsgRhI,Netflix India
TK7AzkVgrqk,Bhaari Drop
TK7AzkVgrqk,#Netflixforall
TK7AzkVgrqk,Netflix India
77uORsn6UCE,Saitama Reveals His Superhero Secret
77uORsn6UCE,One Punch Man
77uORsn6UCE,Netflix India
1aojy1pS_f8,Making Of Minnal Murali
1aojy1pS_f8,"Tovino Thomas, Basil Joseph, Sophia Paul"
1aojy1pS_f8,Netflix India
y4AjN5PnplI,Taapsee Pannu And Tahir Raj Bhasin Get A Second Chance
y4AjN5PnplI,Looop Lapeta
y4AjN5PnplI,Netflix India
4MLUec5Pf_8,Little Singham Fights Lord Boga
4MLUec5Pf_8,Netflix India
AJZZi-vibHI,Money Heist: Korea - Joint Economic Area
AJZZi-vibHI,Title Announcement
AJZZi-vibHI,Netflix India
jBLCQPhv8p0,Presenting The Yeh Kaali Kaali Ankhein Kajal
jBLCQPhv8p0,"Shweta Tripathi Sharma, Anchal Singh"
jBLCQPhv8p0,Netflix India
yhDx81hGbp0,Maar Dhaad Ya Pyaar Vyaar?
yhDx81hGbp0,#Netflixforall
yhDx81hGbp0,Netflix India
AwIoGj6GvEM,All Of Us Are Dead
AwIoGj6GvEM,Official Trailer
AwIoGj6GvEM,Netflix India
0HUhGUVoUfQ,Money Heist Korea Announcement: A Message From Park Hae-Soo
0HUhGUVoUfQ,Netflix India
GScqYHotv1A,Teri Baari Music Video
GScqYHotv1A,"Tahir Raj Bhasin, Shweta Tripathi Sharma"
GScqYHotv1A,Yeh Kaali Kaali Ankhein
tCxUu-tn03E,How I Proposed To My Wife
tCxUu-tn03E,Kapil Sharma: Im Not Done Yet
tCxUu-tn03E,Netflix India
r3PHOYBdyM0,Behind The Scenes With Ayushmann Khurrana & Vaani Kapoor
r3PHOYBdyM0,Chandigarh Kare Aashiqui
r3PHOYBdyM0,Netflix India
6SE7t2Ag6yg,Guess These Ayushmann Khurrana Songs
6SE7t2Ag6yg,@Pulkitkocharofficial
6SE7t2Ag6yg,Chandigarh Kare Aashiqui
6SE7t2Ag6yg,Netflix India
Y_Rovgk1vJU,Taapsee Pannu And Tahir Raj Bhasin Get Into Trouble
Y_Rovgk1vJU,Looop Lapeta
Y_Rovgk1vJU,Netflix India
SU6c83hLp5s,Shibu: The Supervillain
SU6c83hLp5s,Kannada
SU6c83hLp5s,Minnal Murali
SU6c83hLp5s,Guru Somasundaram
SU6c83hLp5s,Netflix India
rzFOnCJqlsk,Shibu: The Supervillain
rzFOnCJqlsk,Telugu
rzFOnCJqlsk,Minnal Murali
rzFOnCJqlsk,Guru Somasundaram
rzFOnCJqlsk,Netflix India
QdaDMM83kdg,Shibu: The Supervillain
QdaDMM83kdg,Hindi
QdaDMM83kdg,Minnal Murali
QdaDMM83kdg,Guru Somasundaram
QdaDMM83kdg,Netflix India
50DkvOXS_eA,Shibu: The Supervillain
50DkvOXS_eA,Malayalam
50DkvOXS_eA,Minnal Murali
50DkvOXS_eA,Guru Somasundaram
50DkvOXS_eA,Netflix India
P2hw2tB3kzs,Shibu: The Supervillain
P2hw2tB3kzs,Tamil
P2hw2tB3kzs,Minnal Murali
P2hw2tB3kzs,Guru Somasundaram
P2hw2tB3kzs,Netflix India
wie3HR_mfzI,Yeh Kaali Kaali Ankhein
wie3HR_mfzI,Now Streaming
wie3HR_mfzI,"Tahir Raj Bhasin, Shweta Tripathi Sharma, Anchal Singh"
QNbFkqCaOwA,Kishen Das Learns To Cook Pongal Ft. @Chefdamusmulticuisine
QNbFkqCaOwA,Menu Please
QNbFkqCaOwA,Netflix India
bmkDYrMgOMQ,Ayushmann Khurrana In A Jeep Pulling Contest
bmkDYrMgOMQ,Chandigarh Kare Aashiqui
bmkDYrMgOMQ,Netflix India
bRN5m0sBJy8,Looop Lapeta
bRN5m0sBJy8,Official Trailer
bRN5m0sBJy8,"Taapsee Pannu, Tahir Raj Bhasin"
bRN5m0sBJy8,Netflix India
tYr_r4Pzspg,Anchal Singh As Purva
tYr_r4Pzspg,Teaser
tYr_r4Pzspg,Yeh Kaali Kaali Ankhein
tYr_r4Pzspg,Netflix India
20KqgqI9OZs,Bheega Bheega Music Video
20KqgqI9OZs,"Tahir Raj Bhasin, Shweta Tripathi Sharma"
20KqgqI9OZs,Yeh Kaali Kaali Ankhein
DIuqg2arRoc,Ep 4: How To Fomo
DIuqg2arRoc,How To Fall In Love
DIuqg2arRoc,"Ayush Mehra, Tanya Maniktala"
DIuqg2arRoc,Netflix India
3xAE97ZDBEo,Tahir Raj Bhasin As Vikrant Singh Chauhan
3xAE97ZDBEo,Teaser
3xAE97ZDBEo,Yeh Kaali Kaali Ankhein
3xAE97ZDBEo,Netflix India
Kd3SBl2UtGw,Shweta Tripathi Sharma As Shikha
Kd3SBl2UtGw,Teaser
Kd3SBl2UtGw,Yeh Kaali Kaali Ankhein
Kd3SBl2UtGw,Netflix India
MYH9sMe4b2Q,Midnight Asia: Eat Dance Dream
MYH9sMe4b2Q,Official Trailer
MYH9sMe4b2Q,Netflix India
i0jgz7S-6Iw,Kapil Sharma: I'M Not Done Yet
i0jgz7S-6Iw,Stand Up Special
i0jgz7S-6Iw,Official Trailer
i0jgz7S-6Iw,Netflix India
3KQUDG5ZU4A,Giving Healthy Food A Shot
3KQUDG5ZU4A,"Taaruk Raina, Vaani Kapoor"
3KQUDG5ZU4A,Menu Please
3KQUDG5ZU4A,Chandigarh Kare Aashiqui
3WIvyJ5yl9E,Toh Baat Pakki?
3WIvyJ5yl9E,#Netflixforall
3WIvyJ5yl9E,Netflix India
rRHj6O-2Qhw,Arya Gets Caught By The Police
rRHj6O-2Qhw,R Madhavan
rRHj6O-2Qhw,Decoupled
rRHj6O-2Qhw,Netflix India
O2qBQGeCyOE,Ayushmann Khurrana Reacts To Comments
O2qBQGeCyOE,Chandigarh Kare Aashiqui
O2qBQGeCyOE,Netflix India
BjprUjcOoUY,Manu Meets Manvi
BjprUjcOoUY,"Ayushmann Khurrana, Vaani Kapoor"
BjprUjcOoUY,Chandigarh Kare Aashiqui
BjprUjcOoUY,Netflix India
cpso3RckWmA,Kamal Haasan Market Fight Scene
cpso3RckWmA,Avvai Shanmughi
cpso3RckWmA,Netflix India
P7fRcF6BR5s,Ozark: Season 4
P7fRcF6BR5s,Part 1 Trailer
P7fRcF6BR5s,Netflix India
WriyhHlM0Z0,Chakda Xpress
WriyhHlM0Z0,Official Announcement
WriyhHlM0Z0,Anushka Sharma
WriyhHlM0Z0,Netflix India
ex0-0Jqc1lw,My War With Twitter
ex0-0Jqc1lw,Kapil Sharma: I'M Not Done Yet
ex0-0Jqc1lw,Netflix India
nweqkaQBm7Q,Kapil Sharma Is Finally Coming To Netflix!
nweqkaQBm7Q,Kapil Sharma: I'M Not Done Yet
nweqkaQBm7Q,Netflix India
tFuHI_MwD6U,The Best Of @Tanmaybhat Reacts
tFuHI_MwD6U,The Tanmay Reacts Award Show
tFuHI_MwD6U,Netflix India
6PcY7fn3ptc,Yeh Kaali Kaali Ankhein
6PcY7fn3ptc,Official Trailer
6PcY7fn3ptc,"Tahir Raj Bhasin, Shweta Tripathi, Anchal Singh"
j8qt4bnp0x0,Bheem Vs The Puppy
j8qt4bnp0x0,Mighty Little Bheem
j8qt4bnp0x0,Netflix India
sL06-vMW4Fc,Who Did This To The Song?
sL06-vMW4Fc,Bheega Bheega Song Ruined
sL06-vMW4Fc,Yeh Kaali Kaali Ankhein
sL06-vMW4Fc,Netflix India
rJVptjMonvQ,Bheega Bheega Song Promo
rJVptjMonvQ,Yeh Kaali Kaali Ankhein
rJVptjMonvQ,"Tahir Raj Bhasin, Shweta Tripathi, Anchal Singh"
RiJdBAOtL5Y,Leonardo Dicaprio & Jennifer Lawrence'S Interview Goes Wrong!
RiJdBAOtL5Y,Dont Look Up
RiJdBAOtL5Y,Netflix India
R7P7HrV-Zbw,"The Biggest Pizza Pt. 2 Ft. Tovino Thomas, Basil Joseph & Abish Mathew"
R7P7HrV-Zbw,Menu Please
R7P7HrV-Zbw,Minnal Murali
M7w4MsUfqyM,New Years Resolution: I Quit!
M7w4MsUfqyM,@Technogamerzofficial
M7w4MsUfqyM,Netflix India
qlRJZkxDeLU,Best Of R. Madhavan
qlRJZkxDeLU,"Rang De Basanti, 3 Idiots, Anbe Sivam, Guru, Tanu Weds Manu"
qlRJZkxDeLU,Netflix India
9ZcCLu3qUps,Tovino Thomas Learns About His Superpowers
9ZcCLu3qUps,Minnal Murali
9ZcCLu3qUps,Netflix India
cnsyOV5KKrk,"The Biggest Pizza Pt. 1 Ft. Tovino Thomas, Basil Joseph & Abish Mathew"
cnsyOV5KKrk,Menu Please
cnsyOV5KKrk,Minnal Murali
AlPPP1iKf8o,Deepika Padukone & Ranbir Kapoor'S New Year Celebration
AlPPP1iKf8o,Yeh Jawaani Hai Deewani
AlPPP1iKf8o,Netflix India
xiQ685WYmf0,Tovino Thomas Gets Struck By Lightning
xiQ685WYmf0,The Birth Of Minnal Murali
xiQ685WYmf0,Netflix India
LOZU263ByZQ,Now Revising : 2021 Ft. @Aishmrj
LOZU263ByZQ,"Money Heist, Kota Factory & More!"
LOZU263ByZQ,Netflix India
KfA8vUCdym4,Leonardo Dicaprio Explains Don'T Look Up
KfA8vUCdym4,Netflix India
4wrHALUeIrE,2021 Netflix Top 10 Ft. Suresh Kumar
4wrHALUeIrE,Netflix India
9eUox06RGPA,Directors' Roundtable 2021
9eUox06RGPA,"@Rajmas, Basil Joseph, Neeraj Ghaywan And More!"
9eUox06RGPA,Netflix India
y7YKSW42bqY,Leonardo Dicaprio & Jennifer Lawrence Break Down Don'T Look Up
y7YKSW42bqY,Shot By Shot
y7YKSW42bqY,Netflix India
Vu7Youzca2k,Minnal Murali At Ain Dubai
Vu7Youzca2k,"Tovino Thomas, Basil Joseph"
Vu7Youzca2k,Netflix India
tAKQu7_OKPc,The Directors' Roundtable Teaser
tAKQu7_OKPc,"@Rajmas, Basil Joseph, Neeraj Ghaywan & More!"
7uyEfa6B18s,What Does Netflix Want From Us?
7uyEfa6B18s,"@Mythpat, @Slayypointofficial, @Mostlysane & More!"
7uyEfa6B18s,Netflix India
gxZjJl93Snk,Acting Masterclass With Guru Somasundaram Ft. Kishen Das
gxZjJl93Snk,Minnal Murali
gxZjJl93Snk,Netflix India
4Mym5yCrOgY,Actors' Roundtable 2021
4Mym5yCrOgY,"@Rajmas, Tovino Thomas, Taapsee Pannu, And More!"
4Mym5yCrOgY,Netflix India
C3RVZdoN9to,Squid Game Paavangal Ft. @Parithabangal
C3RVZdoN9to,Tamil Squid Game
C3RVZdoN9to,Gopi & Sudhakar
C3RVZdoN9to,Netflix India
MXKORKpAOHo,The Actors' Roundtable Teaser
MXKORKpAOHo,"@Rajmas, Tovino Thomas, Taapsee Pannu, Sanya Malhotra & More!"
8fL0Mk3pxbA,Toh Baat Pakki?
8fL0Mk3pxbA,#Netflixforall
8fL0Mk3pxbA,Netflix India
50_C-3OKuLk,Dulquer Salmaan Is In Trouble
50_C-3OKuLk,Kurup
50_C-3OKuLk,Netflix India
Ewft-3FOSHQ,The Minnal Murali Express
Ewft-3FOSHQ,Netflix India
xmRvHhjbQfA,Are You Ready For Shaadi?
xmRvHhjbQfA,@Slayypointofficial
xmRvHhjbQfA,Netflix India
yOnELC2doXc,@Tanmaybhat Reacts: Christmas Special
yOnELC2doXc,"@Rohanjoshi8016, @Theashishshakya, Kumar Varun"
yOnELC2doXc,Netflix India
WYtCctAxfNQ,Arya Or Shruti: Who Would It Be?
WYtCctAxfNQ,Decoupled
WYtCctAxfNQ,"R Madhavan, Surveen Chawla"
WYtCctAxfNQ,Netflix India
hXezYKuhx-8,Tovino Thomas Surprises Fans
hXezYKuhx-8,Minnal Murali: Now Streaming!
hXezYKuhx-8,Netflix India
hGZewl_ak2g,Tovino Thomas Best Moments
hGZewl_ak2g,"Forensic, Uyare & More!"
hGZewl_ak2g,Netflix India
tMW3Q9h67y4,R Madhavan Reacts To His Scenes In Decoupled
tMW3Q9h67y4,Netflix India
KbZuBENAR8Y,Yuvraj Singh Puts Minnal Murali To The Test
KbZuBENAR8Y,Making Of A Superhero
KbZuBENAR8Y,Tovino Thomas
KbZuBENAR8Y,Netflix India
aHzRdPED2NQ,R. Madhavan & Surveen Chawla Break The Big News
aHzRdPED2NQ,Decoupled
aHzRdPED2NQ,Netflix India
qSiO0_LFdlo,"Netflix India Playback 2021 Ft. @Shehnaazgillofficial, @Tanmaybhat, Nawazuddin Siddiqui, Sonu Sood & More!"
7nN7iRl0PEM,What If Money Heist Characters Were Wedding Planners?
7nN7iRl0PEM,Telugu Sketch
7nN7iRl0PEM,Netflix India
lG69F7oUD3g,Yeh Kaali Kaali Ankhein
lG69F7oUD3g,Teaser
lG69F7oUD3g,"Tahir Raj Bhasin, Shweta Tripathi, Anchal Singh"
lG69F7oUD3g,Netflix India
ilR8KywwK4s,#Minnattelife Directed By Basil Joseph
ilR8KywwK4s,Minnal Murali X Muthoot Fincorp
ilR8KywwK4s,Netflix India
u0387M52G98,55 Seconds Of Sanya Malhotra Being Adorable
u0387M52G98,"Meenakshi Sundareshwar, Ludo & More!"
u0387M52G98,Netflix India
7wrxP2PPzLA,R Madhavan Vs. Chetan Bhagat: War Of The Writers
7wrxP2PPzLA,Decoupled
7wrxP2PPzLA,Netflix India
OssFtKmCrRs,Periya Pandi Persuades His Brother
OssFtKmCrRs,Kadaseela Biryani
OssFtKmCrRs,"Vasanth Selvam, Hakkim Shah"
OssFtKmCrRs,Netflix India
MnWCe5oCRP4,"The Yummiest Fusion Food Ft. R Madhavan, Surveen Chawla"
MnWCe5oCRP4,Menu Please
MnWCe5oCRP4,Decoupled
MnWCe5oCRP4,Netflix India
INK38yEsM2Y,Minnal Murali: Making Of A Superhero Ft. The Great Khali
INK38yEsM2Y,Tovino Thomas
INK38yEsM2Y,Netflix India
BRKnep-ip_s,R Madhavan & Surveen Chawla Judge People At A Dinner Date
BRKnep-ip_s,Decoupled
BRKnep-ip_s,Netflix India
L-_Mk6yRwxI,Brewing Love: Holiday Special
L-_Mk6yRwxI,Unofficial Trailer
L-_Mk6yRwxI,Behens Edition
L-_Mk6yRwxI,"Ahsaas Channa, Revathi Pillai"
agqcsj2f_ow,Minnal Murali: Making Of A Superhero
agqcsj2f_ow,Tovino Thomas
agqcsj2f_ow,Netflix India
GjHd0R5t_-A,The Witcher Season 1 Recap In 60 Seconds
GjHd0R5t_-A,"Henry Cavill, Anya Chalotra"
GjHd0R5t_-A,The Witcher
GjHd0R5t_-A,Netflix India
a0OHJrnSMh8,Dulquer Salmaan & Sobhita Dhulipala React To Fan Tweets
a0OHJrnSMh8,Kurup
a0OHJrnSMh8,Netflix India
rhhosrOi6OQ,The Ultimate Roast Battle
rhhosrOi6OQ,"R Madhavan, Surveen Chawla, @Aakashgupta, @Therahuldua & More"
rhhosrOi6OQ,Decoupled
RyF37CeK30c,Spider-Man Saves The City
RyF37CeK30c,Andrew Garfield
RyF37CeK30c,The Amazing Spider-Man
RyF37CeK30c,Netflix India
S0BLZPW1Z_E,Surveen Chawlas Savage Relationship Advice
S0BLZPW1Z_E,Decoupled
S0BLZPW1Z_E,Netflix India
QE_6KTYCa0k,Raveena Tandon Has A Message For You
QE_6KTYCa0k,Aranyak
QE_6KTYCa0k,Netflix India
D77XJ0R7pj4,Dulquer Salmaan And Sobhita Dhulipala Take The Smoothie Challenge
D77XJ0R7pj4,Kurup
D77XJ0R7pj4,Netflix India
v3uSUKqHCDs,Neymar: The Perfect Chaos
v3uSUKqHCDs,Official Teaser
v3uSUKqHCDs,Netflix India
gMtYfm_FggA,The Biggest Drop Ft. Alia Bhatt
gMtYfm_FggA,#Happynewprices
gMtYfm_FggA,Netflix India
tUngXqLJnQg,Spider-Man Saves The Day
tUngXqLJnQg,Tom Holland
tUngXqLJnQg,Spider-Man: Far From Home
tUngXqLJnQg,Netflix India
kbp04AS5VB0,On The Sets Of Aranyak
kbp04AS5VB0,Netflix India
iJYFeqnYLVw,Alia Bhatts Big Announcement
iJYFeqnYLVw,Happy New Prices!
iJYFeqnYLVw,Netflix India
NdFWkj_Uv18,Learn Korean With Squid Games' Ali Abdul
NdFWkj_Uv18,Anupam Tripathi
NdFWkj_Uv18,Netflix India
nMaB87coyCQ,Reel Vs Real Ft. R. Madhavan And Surveen Chawla
nMaB87coyCQ,Decoupled
nMaB87coyCQ,Netflix India
RI5lP3q8HG4,Looop Lapeta
RI5lP3q8HG4,Announcement
RI5lP3q8HG4,"Taapsee Pannu, Tahir Raj Bhasin"
RI5lP3q8HG4,Netflix India
ssz9L3vsXo8,Squid Games' Ali Abdul Reacts To Love From India
ssz9L3vsXo8,Anupam Tripathi
ssz9L3vsXo8,Netflix India
9a3WZ6b-HCE,Thalaivar Rajinikanth Mass Entry Scenes
9a3WZ6b-HCE,"Muthu, Petta, Sivaji & Annaatthe"
9a3WZ6b-HCE,Netflix India
ORKOb4sdEks,Trying Vegan Food With Raveena Tandon
ORKOb4sdEks,Menu Please
ORKOb4sdEks,Aranyak
ORKOb4sdEks,Netflix India
yf-FwlB1SNo,You Are A Part Of The Legacy
yf-FwlB1SNo,Money Heist
yf-FwlB1SNo,Netflix India
-9PxZ1wQk9I,Squid Game Scene Breakdown Ft. Ali Abdul
-9PxZ1wQk9I,Anupam Tripathi
-9PxZ1wQk9I,Netflix India
xVN95Df_yIY,Money Heist
xVN95Df_yIY,Long Live The Resistance
xVN95Df_yIY,Netflix India
vw0IwHmr-pg,Money Heist Street Art In India
vw0IwHmr-pg,Mural Tribute
vw0IwHmr-pg,Netflix India
XTp8oD3ZLQw,Raveena Tandons Audition: Leaked L Aranyak Now Streaming L Netflix India
Ve_wyfMx-R4,Aranyak
Ve_wyfMx-R4,Now Streaming
Ve_wyfMx-R4,"Raveena Tandon, Parambrata Chatterjee, Ashutosh Rana"
Ve_wyfMx-R4,Netflix India
gAb_Wnf1zH0,Squid Game Or Game Over?
gAb_Wnf1zH0,Part 2
gAb_Wnf1zH0,"@Mythpat, @Slayypointofficial, @Rjabhinavv, @Aakashgupta And More!"
1a0WmTt8u-A,Money Heist Casts First & Last Day
1a0WmTt8u-A,Netflix India
naqz6CI4C1Q,We Want A Wedding!
naqz6CI4C1Q,Sahelis
naqz6CI4C1Q,"Srishti Dixit, @Kushakapila5643, @Dollysinghofficial"
naqz6CI4C1Q,Friends
naqz6CI4C1Q,Netflix India
3f44sn9zpIQ,Money Heist: Behind The Scenes & Bloopers
3f44sn9zpIQ,Netflix India
Ga4TzjAeJIc,The Ultimate Money Heist Fans
Ga4TzjAeJIc,"Baba Sehgal, Munawar Faruqui, Vminor & Verve Logic"
Ga4TzjAeJIc,Netflix India
g57ZJ2uTIOM,Minnal Murali
g57ZJ2uTIOM,"Priyanka C. Jonas, Tovino Thomas, Basil Joseph, Smriti Kiran"
g57ZJ2uTIOM,Jiomami
g57ZJ2uTIOM,Netflix India
eRCspHm7j50,Parambrata Chatterjee As Angad Malik
eRCspHm7j50,Teaser
eRCspHm7j50,Aranyak
eRCspHm7j50,Netflix India
3dy5xE7eQmk,Ashutosh Rana As Mahadev Dogra
3dy5xE7eQmk,Teaser
3dy5xE7eQmk,Aranyak
3dy5xE7eQmk,Netflix India
jOMDoRELKLk,Raveena Tandon As Kasturi Dogra
jOMDoRELKLk,Teaser
jOMDoRELKLk,Aranyak
jOMDoRELKLk,Netflix India
CEURXi1uSvo,@Mythpat & @Mostlysane Recreate Rohit Shetty Stunts
CEURXi1uSvo,Sooryavanshi
CEURXi1uSvo,Netflix India
juIcenNQWLs,Bella Ciao: One Last Time
juIcenNQWLs,Money Heist Part 5 Vol. 2
juIcenNQWLs,Netflix India
dM-lmcCt_PQ,Akshay Kumar Reacts To Akshay Kumar Memes
dM-lmcCt_PQ,Sooryavanshi
dM-lmcCt_PQ,Netflix India
Inm451w2gWM,Bhuvan Bam Meets The Money Heist Cast In Spain!
Inm451w2gWM,@Bbkivines Vlog
Inm451w2gWM,Netflix India
cxEMqx0jUEU,Thank You India! Ft. Money Heist Cast
cxEMqx0jUEU,Netflix India
XFeqoKQV534,The End Of Money Heist Part 5 Vol. 1
XFeqoKQV534,Netflix India
g7e8I7F4kZI,Ed Sheeran'S Leaked Money Heist Audition Ft. The Professor
g7e8I7F4kZI,Netflix India
8SXSI-clUYI,Money Heist Tamil Recap Ft. Rj Balaji
8SXSI-clUYI,Money Heist-Um 120 Rubaiyum
8SXSI-clUYI,Netflix India
Q59aCUnrFLQ,Money Heist
Q59aCUnrFLQ,Series Trailer
Q59aCUnrFLQ,Netflix India
hiPsSXP4M9Q,@Bbkivines Interviews The Professor
hiPsSXP4M9Q,Money Heist
hiPsSXP4M9Q,Netflix India
ZRiqha2WJ60,Minnal Murali
ZRiqha2WJ60,Kannada Bonus Trailer
ZRiqha2WJ60,Tovino Thomas
ZRiqha2WJ60,Basil Joseph
ZRiqha2WJ60,Sophia Paul
ZRiqha2WJ60,Netflix India
T7rDY5XDhak,Minnal Murali
T7rDY5XDhak,Telugu Bonus Trailer
T7rDY5XDhak,Tovino Thomas
T7rDY5XDhak,Basil Joseph
T7rDY5XDhak,Sophia Paul
T7rDY5XDhak,Netflix India
8x676km4ONg,Minnal Murali
8x676km4ONg,Tamil Bonus Trailer
8x676km4ONg,Tovino Thomas
8x676km4ONg,Basil Joseph
8x676km4ONg,Sophia Paul
8x676km4ONg,Netflix India
PI5m7TcIrTg,Minnal Murali
PI5m7TcIrTg,Hindi Bonus Trailer
PI5m7TcIrTg,Tovino Thomas
PI5m7TcIrTg,Basil Joseph
PI5m7TcIrTg,Sophia Paul
PI5m7TcIrTg,Netflix India
xRlK8X9r14E,Minnal Murali
xRlK8X9r14E,Official Bonus Trailer
xRlK8X9r14E,Tovino Thomas
xRlK8X9r14E,Basil Joseph
xRlK8X9r14E,Sophia Paul
xRlK8X9r14E,Netflix India
Sq01sCDiot0,Can You Guess The Quote? Ft. The Professor & Lisbon
Sq01sCDiot0,Money Heist
Sq01sCDiot0,Netflix India
RMTpFsYzpXM,Denver And Moscow Open The Bank'S Vault
RMTpFsYzpXM,Money Heist
RMTpFsYzpXM,Netflix India
2Eyna9U4ZDY,Tokyo'S Emotional Farewell
2Eyna9U4ZDY,Rsula Corber
2Eyna9U4ZDY,Money Heist
2Eyna9U4ZDY,Netflix India
e0dea7qrLdk,"No Longer A Heist, This Is War!"
e0dea7qrLdk,Money Heist
e0dea7qrLdk,Netflix India
vaq0p9Vxocs,The Ultimate Money Heist Recap Ft. Ayushmann Khurrana
vaq0p9Vxocs,"@Tanmaybhat, @Kushakapila5643 & @Therahuldua"
C7LWjfwjV6k,The Resistance Is Coming
C7LWjfwjV6k,Money Heist
C7LWjfwjV6k,Netflix India
MCDK6LF5jTw,Ayushmann Khurrana: Sabse Bada Fan Bole Ciao
MCDK6LF5jTw,#Indiaboleciao
MCDK6LF5jTw,Money Heist
MCDK6LF5jTw,Netflix India
f4UQuMbLp9g,Hellbound
f4UQuMbLp9g,Final Trailer
f4UQuMbLp9g,Now Streaming
f4UQuMbLp9g,Netflix India
sEeJw8k6-OA,Red Notice Bloopers
sEeJw8k6-OA,"Dwayne Johnson, Ryan Reynolds & Gal Gadot"
sEeJw8k6-OA,Netflix India
XToW5-3tEr8,Rajinikanth Meets Prakash Raj At The Police Station
XToW5-3tEr8,Annaatthe
XToW5-3tEr8,Netflix India
wGlXX5rbPIU,Dont Look Up
wGlXX5rbPIU,Official Hindi Trailer
wGlXX5rbPIU,Netflix India
X9Lux8h1ifg,The Dhamaka Ar News Experience
X9Lux8h1ifg,Kartik Aaryan
X9Lux8h1ifg,Netflix India
eUX0h6ruvMY,Fabulous Lives Of Bollywood Wives Season 2
eUX0h6ruvMY,Announcement
eUX0h6ruvMY,Netflix India
DDCck9aeMSo,Ed Sheeran'S 'Perfect' Surprise
DDCck9aeMSo,"Dwayne Johnson, Gal Gadot"
DDCck9aeMSo,Red Notice
DDCck9aeMSo,Netflix India
GTvvnY7kTOg,Interview With A Twist Ft. Pooja Hegde
GTvvnY7kTOg,Most Eligible Bachelor
GTvvnY7kTOg,Netflix India
ReM4nmU7olw,Aranyak Trailer Launch Event
ReM4nmU7olw,"Raveena Tandon, Ashutosh Rana & More"
ReM4nmU7olw,Netflix India
3tRi8zIv5Gw,Best Advice From Dear Zindagi
3tRi8zIv5Gw,"Shah Rukh Khan, Alia Bhatt"
3tRi8zIv5Gw,Netflix India
ceGuvcl45Xs,Annaatthe
ceGuvcl45Xs,Now Streaming
ceGuvcl45Xs,"Rajinikanth, Keerthy Suresh, Nayanthara"
ceGuvcl45Xs,Netflix India
OqCuz_9DQiw,@Tanmaybhat Reacts To Red Notice
OqCuz_9DQiw,"@Kennysebastian , Rahul Subramanian"
OqCuz_9DQiw,Netflix India
ZcgZirys6S0,Every Mean Boss Ever Ft. Amruta Subhash
ZcgZirys6S0,Dhamaka
ZcgZirys6S0,Netflix India
9UW5A-1WWzk,Kartik Aaryan Reacts To Your Comments
9UW5A-1WWzk,Dhamaka
9UW5A-1WWzk,Netflix India
oanwTx3kpzo,The Money Heist Fan Anthem: Part 2
oanwTx3kpzo,"Radhika Apte, Vikrant Massey, Anil Kapoor & More!"
KcWcu1ytazY,Aranyak
KcWcu1ytazY,Official Trailer
KcWcu1ytazY,"Raveena Tandon, Parambrata Chatterjee, Ashutosh Rana"
KcWcu1ytazY,Netflix India
ctVUTQfIxuA,Akshay Kumar Action Scenes
ctVUTQfIxuA,"Rowdy Rathore, Gabbar Is Back, Boss And More"
ctVUTQfIxuA,Netflix India
HsXdE8Z5IMQ,Dwayne Johnson & Ryan Reynolds Escape Prison
HsXdE8Z5IMQ,Red Notice
HsXdE8Z5IMQ,Netflix India
0Q01RmribAA,Dhamaka
0Q01RmribAA,Now Streaming
0Q01RmribAA,Kartik Aaryan
0Q01RmribAA,Ram Madhvani
0Q01RmribAA,Netflix India
MYJVPAxGh2Y,Emily In Paris Season 2
MYJVPAxGh2Y,Official Trailer
MYJVPAxGh2Y,Netflix India
zYfu4HmfBwI,Elite: Short Stories 2
zYfu4HmfBwI,Official Trailer
zYfu4HmfBwI,Netflix India
dYHwB-1c0H4,Doctor Metro Fight Scene
dYHwB-1c0H4,Sivakarthikeyan & Yogi Babu Vs Raghu & Rajiv
dYHwB-1c0H4,Netflix India
CzRlI0Ktl10,Teaser Vol. 2
CzRlI0Ktl10,Money Heist
CzRlI0Ktl10,Netflix India
4tSruK586QI,Behensplaining: Bathroom Besties
4tSruK586QI,"Ahsaas Channa, @Dollysinghofficial, @Kushakapila5643 & Srishti Dixit"
XOf46XeU7jo,Dont Look Up
XOf46XeU7jo,Official Trailer
XOf46XeU7jo,Netflix India
WEJRErOEq4s,Love Through Mani Ratnam'S Eyes
WEJRErOEq4s,"Bombay, O Kadhal Kanmani, Dil Se, & More"
WEJRErOEq4s,Netflix India
I1kA5YSYuEU,Sex Talk Ft. Bhagyaraj
I1kA5YSYuEU,Sex Education
I1kA5YSYuEU,Netflix India
fGZULK8usag,Money Heist Cast Plays 'Who Said It?'
fGZULK8usag,Money Heist Part 5 Vol. 2
fGZULK8usag,Netflix India
Ls2apW__D4U,Joey Vs Ross: Who Was Better For Rachel?
Ls2apW__D4U,@Aishmrj And Akshay Nayar
Ls2apW__D4U,Netflix India
fOgL3f3l5a4,Sex Education Season 3
fOgL3f3l5a4,The Most Hilarious Bloopers
fOgL3f3l5a4,Netflix India
WNWMRdEqjYc,Iconic Bollywood Characters Reunite!
WNWMRdEqjYc,"Srishti, Mallika, Aadar, Saurabh"
WNWMRdEqjYc,Children'S Day Special
C5I_Gnq28gs,Welcome To The Wedding Jungle
C5I_Gnq28gs,"Prashasti Singh, Veer Rajwant Singh, Delnaaz Irani & More!"
7xcIdpdINLU,Ratti Ratti Music Video
7xcIdpdINLU,"Sanya Malhotra, Abhimanyu Dassani"
7xcIdpdINLU,Meenakshi Sundareshwar
7xcIdpdINLU,Netflix India
cj1mWQ1WUW0,Khoya Paaya Music Video
cj1mWQ1WUW0,Dhamaka
cj1mWQ1WUW0,"Kartik Aaryan, Ram Madhvani, Vishal Khurana, Amit Trivedi"
wFMemNlnyrg,Decoding Bollywood Vocabulary
wFMemNlnyrg,"Aahana, Ayush, Radhika, Soni"
wFMemNlnyrg,Call My Agent Bollywood
kpaw7bcNVp0,"Welcome, Single People!"
kpaw7bcNVp0,@Samayrainaofficial & @Suhanishah
kpaw7bcNVp0,Singles Club
kpaw7bcNVp0,Netflix India
lC8VAIAYX9Y,"Dwayne Johnson, Ryan Reynolds & Gal Gadot React To Indian Fan Comments"
lC8VAIAYX9Y,Red Notice
lC8VAIAYX9Y,Netflix India
TnNywMMuUNE,Dhamaka
TnNywMMuUNE,Promo
TnNywMMuUNE,Kartik Aaryan
TnNywMMuUNE,Ram Madhvani
TnNywMMuUNE,Netflix India
QWd0F7UJ2F0,Decoupled
QWd0F7UJ2F0,Official Trailer
QWd0F7UJ2F0,"R Madhavan, Surveen Chawla"
QWd0F7UJ2F0,A Netflix Series
deUMZlz_CXI,Aranyak
deUMZlz_CXI,Official Teaser
deUMZlz_CXI,"Raveena Tandon, Parambrata Chatterjee, Ashutosh Rana"
deUMZlz_CXI,Netflix India
ILc1UQ1EV0M,Bach Ke Rehna: Red Notice
ILc1UQ1EV0M,Music Video
ILc1UQ1EV0M,"Badshah, Divine, Jonita, Mikey Mccleary"
ILc1UQ1EV0M,Netflix India
PZE7c2H-VK8,Redin Kingsley Is Given A Task
PZE7c2H-VK8,Doctor
PZE7c2H-VK8,Netflix India
0CK_0LoDSVg,Cricket Vs. Dance Battle Ft. Yuzvendra Chahal & @Dhanashreeverma
0CK_0LoDSVg,Meenakshi Sundareshwar
Jz5dbRVb6IU,Stranger Things 4
Jz5dbRVb6IU,Title Tease
Jz5dbRVb6IU,Netflix India
sktDMP53uX4,Stranger Things 4
sktDMP53uX4,Welcome To California
sktDMP53uX4,Netflix India
nZa0U-ARSgQ,Diwali Special Kaju Katli Recipe
nZa0U-ARSgQ,@Kabitaskitchen
nZa0U-ARSgQ,Menu Please
nZa0U-ARSgQ,Netflix India
7MQsKzyCbB4,Doctor
7MQsKzyCbB4,Now Streaming
7MQsKzyCbB4,"Sivakarthikeyan, Yogi Babu And Redin Kingsley"
7MQsKzyCbB4,Netflix India
Oa63y8Ajezo,Can They Really Save Their Agency?
Oa63y8Ajezo,"Aahana, Ayush, Rajat, Soni"
Oa63y8Ajezo,Call My Agent Bollywood
m8JddML1Sow,"@Tanmaybhat, @Therahuldua, Prashasti Singh & Kumar Varun React To K3G"
m8JddML1Sow,Diwali Special
BC77pzewjvM,Bheem'S Diwali Decorations
BC77pzewjvM,Mighty Little Bheem: Diwali
BC77pzewjvM,Netflix India
vZdDMtzaLWU,Vaada Machaney
vZdDMtzaLWU,Music Video
vZdDMtzaLWU,Sanya Malhotra & Abhimanyu Dassani
vZdDMtzaLWU,Meenakshi Sundareshwar
gMxKQfEGENA,Naina Meets Bunny
gMxKQfEGENA,"Deepika Padukone, Ranbir Kapoor"
gMxKQfEGENA,Yeh Jawaani Hai Deewani
gMxKQfEGENA,Netflix India
eH2vGqytjag,The One With The Monica Of Your Group
eH2vGqytjag,Yashaswini Dayama
eH2vGqytjag,Friends
eH2vGqytjag,Netflix India
IAhf6tFIGzc,The Ultimate Horror House
IAhf6tFIGzc,"@Mythpat, @Slayypointofficial, @Aishmrj, @Kareemabarry27, Aakash Shah"
vZ9q_Kir3O0,Tovino Thomas Solves A Difficult Case
vZ9q_Kir3O0,Forensic
vZ9q_Kir3O0,Netflix India
9mHgUj775Lo,Sanya Malhotra & Abhimanyu Dassani'S Date Night
9mHgUj775Lo,Meenakshi Sundareshwar
9mHgUj775Lo,Netflix India
OjIzevxwzqE,Jackie Shroffs Romantic Scene
OjIzevxwzqE,Call My Agent Bollywood
OjIzevxwzqE,"Nandita Das, Aahana K."
OjIzevxwzqE,Netflix India
jcIeGrUUzn4,Minnal Murali
jcIeGrUUzn4,Official Kannada Trailer
jcIeGrUUzn4,Tovino Thomas
jcIeGrUUzn4,Basil Joseph
jcIeGrUUzn4,Sophia Paul
jcIeGrUUzn4,Netflix India
HDg3YtIrtrY,Minnal Murali
HDg3YtIrtrY,Official Telugu Trailer
HDg3YtIrtrY,Tovino Thomas
HDg3YtIrtrY,Basil Joseph
HDg3YtIrtrY,Sophia Paul
HDg3YtIrtrY,Netflix India
OJHlagfrL0c,Minnal Murali
OJHlagfrL0c,Official Tamil Trailer
OJHlagfrL0c,Tovino Thomas
OJHlagfrL0c,Basil Joseph
OJHlagfrL0c,Sophia Paul
OJHlagfrL0c,Netflix India
Vctn-pq6MEs,Minnal Murali
Vctn-pq6MEs,Official Hindi Trailer
Vctn-pq6MEs,Tovino Thomas
Vctn-pq6MEs,Basil Joseph
Vctn-pq6MEs,Sophia Paul
Vctn-pq6MEs,Netflix India
yJQqmcHmiDM,Mann Kesar Kesar
yJQqmcHmiDM,Music Video
yJQqmcHmiDM,Meenakshi Sundareshwar
yJQqmcHmiDM,"Sanya Malhotra, Abhimanyu Dassani"
OQ21QF_UieA,Minnal Murali Trailer Reaction
OQ21QF_UieA,"@Tanmaybhat, Rohan Joshi, Naveed Manakkodan"
OQ21QF_UieA,Netflix India
zAUAliz1TKA,Minnal Murali
zAUAliz1TKA,Official Trailer
zAUAliz1TKA,Tovino Thomas
zAUAliz1TKA,Basil Joseph
zAUAliz1TKA,Sophia Paul
zAUAliz1TKA,Netflix India
_Q2RRoHIZ-A,@Angryprashreal Does A Kirana Heist
_Q2RRoHIZ-A,Money Heist
_Q2RRoHIZ-A,Netflix India
bfHqMD9c3UY,Dhruv & Kavya'S Goodbye
bfHqMD9c3UY,"Mithila Palkar, Dhruv Sehgal"
bfHqMD9c3UY,Little Things
bfHqMD9c3UY,@Dicemediaindia
bfHqMD9c3UY,Netflix India
qj7hdpPwdqA,Jab We Met: Geet Vs Anshuman
qj7hdpPwdqA,"Apoorva Arora, Akshay Nayar"
qj7hdpPwdqA,Netflix India
g-AdZa_rD7w,Money Heist: Part 5 Volume 2
g-AdZa_rD7w,Sneak Peek
g-AdZa_rD7w,Netflix India
Ts4PDPuJ1LQ,Dhruv And Mithila React To Fan Art & Comments
Ts4PDPuJ1LQ,Little Things 4
Ts4PDPuJ1LQ,@Dicemediaindia
Ts4PDPuJ1LQ,Netflix India
duQ_tKD8I3A,Anil Kapoor'S Important Message For You
duQ_tKD8I3A,Netflix India
4TYSCuwdOEE,"Reacting To Little Things Ft. Urooj, Kareema, Aadar & Nirmal"
4TYSCuwdOEE,@Dicemediaindia
4TYSCuwdOEE,Netflix India
_bBfGNYsfv0,Chess Khelein?
_bBfGNYsfv0,"@Samayrainaofficial, @Suhanishah , @Taniasachdevchess & Sagar Shah"
_bBfGNYsfv0,The Queen'S Gambit
EijkPs-JQkk,Kaun Banega Aapka Agent?
EijkPs-JQkk,Call My Agent Bollywood
EijkPs-JQkk,Netflix India
2JVhuUlnPGs,Tittar Bittar
2JVhuUlnPGs,Lyric Video
2JVhuUlnPGs,"Sanya Malhotra, Abhimanyu Dassani"
2JVhuUlnPGs,Meenakshi Sundareshwar
0qRwrs3_j90,Red Notice
0qRwrs3_j90,Official Telugu Trailer
0qRwrs3_j90,"Dwayne Johnson, Ryan Reynolds, Gal Gadot"
0qRwrs3_j90,Netflix India
AHRQ3cpslIY,Red Notice
AHRQ3cpslIY,Official Tamil Trailer
AHRQ3cpslIY,"Dwayne Johnson, Ryan Reynolds, Gal Gadot"
AHRQ3cpslIY,Netflix India
sGsabVSiPXY,Red Notice
sGsabVSiPXY,Official Hindi Trailer
sGsabVSiPXY,"Dwayne Johnson, Ryan Reynolds, Gal Gadot"
sGsabVSiPXY,Netflix India
ZzpLS6h2Jq0,Red Notice
ZzpLS6h2Jq0,Official Trailer
ZzpLS6h2Jq0,"Dwayne Johnson, Ryan Reynolds, Gal Gadot"
ZzpLS6h2Jq0,Netflix India
YzcjhEDel1c,Meenakshi Sundareshwar
YzcjhEDel1c,Official Trailer
YzcjhEDel1c,"Sanya Malhotra, Abhimanyu Dassani"
YzcjhEDel1c,Netflix India
TIJUgooS2Fg,Cinema Bandi Ft. @Mahathalli & Alekhya
TIJUgooS2Fg,Teashop Talkies
TIJUgooS2Fg,Netflix India
TmC6XalDJdU,The Best Pujo Food In Kolkata Ft. @Thebongguyofficial
TmC6XalDJdU,Menu Please
TmC6XalDJdU,Netflix India
ogq5xZg9SAU,Dulquer Salmaan & Nithya Menen Meet On A Train
ogq5xZg9SAU,O Kadhal Kanmani
ogq5xZg9SAU,Netflix India
qRESnWFYYho,Dhamaka
qRESnWFYYho,Official Trailer
qRESnWFYYho,Kartik Aaryan
qRESnWFYYho,Ram Madhvani
qRESnWFYYho,Netflix India
n1c2WEsSxgU,Relationshit Advice With Raunaq Rajani
n1c2WEsSxgU,Mithila Palkar
n1c2WEsSxgU,Dhruv Sehgal
n1c2WEsSxgU,Little Things
C6A2bc24fU8,House Of Secrets: The Burari Deaths
C6A2bc24fU8,Watch Now
C6A2bc24fU8,Netflix India
y4rnxMiYSAQ,The Squid Game Cast Tries The Dalgona Challenge
y4rnxMiYSAQ,Netflix India
kt6sWoUsO7c,Ash & Pikachu Make A New Friend
kt6sWoUsO7c,Pokmon The Movie: Secrets Of The Jungle
kt6sWoUsO7c,Netflix India
PeuE5FOQxYc,Minecraft Story Mode Ft. @Mythpat & @Technogamerzofficial
PeuE5FOQxYc,Netflix India
TDAY3ZrwMZM,Little Endings
TDAY3ZrwMZM,Mithila Palkar
TDAY3ZrwMZM,Dhruv Sehgal
TDAY3ZrwMZM,Little Things 4
TDAY3ZrwMZM,@Dicemediaindia
TDAY3ZrwMZM,Netflix India
oaSOowkub9k,Little Things: The Final Recap
oaSOowkub9k,Mithila Palkar
oaSOowkub9k,Dhruv Sehgal
oaSOowkub9k,@Dicemediaindia
oaSOowkub9k,Netflix India
JDEx51O3Juk,Money Heist: Part 5
JDEx51O3Juk,Volume 2 Telugu Teaser
JDEx51O3Juk,Netflix India
g4V3ulMBBbQ,Money Heist: Part 5
g4V3ulMBBbQ,Volume 2 Tamil Teaser
g4V3ulMBBbQ,Netflix India
RAp-1XNOuIQ,Money Heist: Part 5
RAp-1XNOuIQ,Volume 2 Hindi Teaser
RAp-1XNOuIQ,Netflix India
vESCmbKGkD8,Money Heist: Part 5
vESCmbKGkD8,Volume 2 Teaser
vESCmbKGkD8,Netflix India
mO32aTHfUtU,Couples React To Little Things
mO32aTHfUtU,"Awez , Nagma, Aadar & Aparna"
mO32aTHfUtU,@Dicemediaindia
mO32aTHfUtU,Netflix India
PrUUJku7x58,@Slayypointofficial: Yeh Kya Chal Raha Hai?!
PrUUJku7x58,Now Memeing
PrUUJku7x58,Netflix India
CMd4Cyy1MzI,Dhruv & Kavya Discuss Their Future
CMd4Cyy1MzI,Little Things 4
CMd4Cyy1MzI,@Dicemediaindia
CMd4Cyy1MzI,Netflix India
f7AHllmuLyg,Meenakshi Sundareshwar
f7AHllmuLyg,Official Teaser
f7AHllmuLyg,"Sanya Malhotra, Abhimanyu Dassani"
f7AHllmuLyg,Netflix India
DRxtM98X4A4,Abhimanyu Dassani: Matrimonial Bio
DRxtM98X4A4,Meenakshi Sundareshwar
DRxtM98X4A4,Netflix India
csv5p07nkas,Sanya Malhotra: Matrimonial Bio
csv5p07nkas,Meenakshi Sundareshwar
csv5p07nkas,Netflix India
pCKicUIz6Ws,Talk About It
pCKicUIz6Ws,World Mental Health Day
pCKicUIz6Ws,Netflix India
LGVRerqSwI4,90S Kids Revisit Jeans
LGVRerqSwI4,"Satshya, Kishen, Nirmal, Nagma, Arjun & Guru"
LGVRerqSwI4,Netflix India
9sw6WNegYco,@Tanmaybhat & @Rohanjoshi8016 React To Squid Game
9sw6WNegYco,Netflix India
afugxj2LJr0,Mithila Palkar & Dhruv Sehgal Enjoy The Little Things
afugxj2LJr0,@Dicemediaindia
afugxj2LJr0,Netflix India
2UsNCO3h2AQ,Never Have I Ever: Engineers Edition
2UsNCO3h2AQ,"@Rjabhinavv, Sumukhi, Rahul, Ashish, Prashasti"
r4g_Y9bIABQ,Ruby Vs Maeve: Whos Best For Otis?
r4g_Y9bIABQ,@Agasthyashah & @Tarini_Shah
r4g_Y9bIABQ,Sex Education
r4g_Y9bIABQ,Netflix India
XRXwjgfZPW4,Mithila Palkar Vs Dhruv Sehgal: The Nerf Gun Battle
XRXwjgfZPW4,Little Things 4
XRXwjgfZPW4,@Dicemediaindia
XRXwjgfZPW4,Netflix India
ht4yVGdRe6Y,House Of Secrets: The Burari Deaths
ht4yVGdRe6Y,Now Streaming
ht4yVGdRe6Y,Netflix India
HJGtb9QYVRU,Call My Agent Bollywood
HJGtb9QYVRU,Official Trailer
HJGtb9QYVRU,"Aahana Kumra, Ayush Mehra, Rajat Kapoor, Soni Razdan"
4HWh5zNKaOI,6 Days Of Period
4HWh5zNKaOI,Yashaswini Dayama
4HWh5zNKaOI,Netflix India
UrvQCDDqQmc,"Tick, Tick...Boom!"
UrvQCDDqQmc,Official Trailer
UrvQCDDqQmc,Andrew Garfield
UrvQCDDqQmc,Netflix India
Wn7zrAxeadk,Mandela : Yogi Babu In Full Form
Wn7zrAxeadk,"Jagan Krishnan, Mervyn Rozz"
Wn7zrAxeadk,Teashop Talkies
Wn7zrAxeadk,Netflix India
Gp3OmiJMGjc,The Discovery
Gp3OmiJMGjc,House Of Secrets: The Burari Deaths
Gp3OmiJMGjc,Netflix India
XjF8oo0Zzzo,Kaanthaa
XjF8oo0Zzzo,Song
XjF8oo0Zzzo,"Mithila Palkar, Dhruv Sehgal"
XjF8oo0Zzzo,Little Things 4
XjF8oo0Zzzo,@Dicemediaindia
XjF8oo0Zzzo,Netflix India
fjBzZZWUvOg,Will @Mythpat Pass This Engineering Test?
fjBzZZWUvOg,Netflix India
UeKbWS0onqY,Stylish Star Allu Arjun
UeKbWS0onqY,Ala Vaikunthapurramuloo
UeKbWS0onqY,Netflix India
3F4x4tswK-c,The Diary Entries
3F4x4tswK-c,House Of Secrets: The Burari Deaths
3F4x4tswK-c,Netflix India
oYHJJlTsMTI,Not Easy For Anyone
oYHJJlTsMTI,Kota Factory 2
oYHJJlTsMTI,"Ahsaas, Revathi, Urvi"
oYHJJlTsMTI,Tvf
oYHJJlTsMTI,Netflix India
sry7BoNHIPs,Squid Game
sry7BoNHIPs,Behind The Scenes
sry7BoNHIPs,Netflix India
N1r7uaMm1oM,Mumbai Memories Ft. Freida Pinto
N1r7uaMm1oM,Intrusion
N1r7uaMm1oM,Netflix India
r2Wk-cI7i9c,Can Anil Kapoor Guess The Plot?
r2Wk-cI7i9c,Netflix India
DLxpxiOmR3s,Understanding Internet Lingo With @Beyounick & @Sakshi_Shivdasani
DLxpxiOmR3s,Netflix India
xN5J-Ld3G1s,House Of Secrets: The Burari Deaths
xN5J-Ld3G1s,Official Trailer
xN5J-Ld3G1s,Netflix India
hEqk10Kbgh4,Squid Game
hEqk10Kbgh4,Official Hindi Trailer
hEqk10Kbgh4,Netflix India
mN1QAgs079w,The Kota Factory Cast Takes A Science Quiz
mN1QAgs079w,Tvf
mN1QAgs079w,Netflix India
g1dUmuCnYFI,6 Reasons Why We Love Eric
g1dUmuCnYFI,Sex Education
g1dUmuCnYFI,Netflix India
AjYAuAW00EQ,Bheem Goes On A Night-Time Adventure
AjYAuAW00EQ,Mighty Little Bheem
AjYAuAW00EQ,Netflix India
10BrCNwri0I,Which Anime Universe Would You Like To Visit?
10BrCNwri0I,"One Punch Man, Death Note, And More!"
10BrCNwri0I,Netflix India
Lw2i_S-oOkc,Ranbir Kapoor'S Cutest Moments
Lw2i_S-oOkc,Ranbir Kapoor
Lw2i_S-oOkc,Birthday Special
Lw2i_S-oOkc,Netflix India
pEk7-0R_ygw,Mayur More Vs. Ranjan Raj: Impressing Ahsaas Channa
pEk7-0R_ygw,Charm Battle
pEk7-0R_ygw,Kota Factory Season 2
pEk7-0R_ygw,Tvf
YFUECGINK-c,Little Things Season 4 Official Trailer
YFUECGINK-c,"Mithila Palkar, Dhruv Sehgal"
YFUECGINK-c,@Dicemediaindia
YFUECGINK-c,Netflix India
mDxwdw5dLKE,Jeetu Bhaiya
mDxwdw5dLKE,Teaser
mDxwdw5dLKE,Kota Factory Season 2
mDxwdw5dLKE,Tvf
mDxwdw5dLKE,Netflix India
gBz7Pb6QI2A,"Ankush, Yashaswini, Akshay And Avanti React To Sex Education Season 3"
gBz7Pb6QI2A,Netflix India
7racLNobw3A,"Honest Dates Ft. Riteish Deshmukh, Tamannaah Bhatia"
7racLNobw3A,Plan A Plan B
7racLNobw3A,Netflix India
EKIxqFDCUQ4,Kota Factory Vs Mismatched
EKIxqFDCUQ4,"Jitendra Kumar, Prajakta Koli, Rohit Saraf & More!"
EKIxqFDCUQ4,Netflix India
4qnZqk6ujx4,Tu Yahin Hai Song Promo
4qnZqk6ujx4,Meenakshi Sundareshwar
4qnZqk6ujx4,"Sanya Malhotra, Abhimanyu Dassani"
4qnZqk6ujx4,Netflix India
kdK6s_LH73Y,Heeramandi
kdK6s_LH73Y,Sanjay Leela Bhansali
kdK6s_LH73Y,Exclusive Interview
kdK6s_LH73Y,Netflix India
Mew2ZYxFDbw,The Fame Game
Mew2ZYxFDbw,Teaser
Mew2ZYxFDbw,Madhuri Dixit
Mew2ZYxFDbw,Netflix India
JJpuW6a_24o,Aranyak
JJpuW6a_24o,Sneak Peek
JJpuW6a_24o,"Raveena Tandon, Ashutosh Rana, Parambrata Chatterjee"
JJpuW6a_24o,Netflix India
xcBhgGvgDF0,Khufiya
xcBhgGvgDF0,Official Teaser
xcBhgGvgDF0,"Vishal Bhardwaj, Ali Fazal, Tabu, Wamiqa Gabbi"
xcBhgGvgDF0,Netflix India
YBUKclK5xoc,The World Of Minnal Murali
YBUKclK5xoc,Exclusive Interview
YBUKclK5xoc,Tovino Thomas
YBUKclK5xoc,Basil Joseph
YBUKclK5xoc,Netflix India
3lKKoTBFIF0,Dhamaka
3lKKoTBFIF0,Mood Promo
3lKKoTBFIF0,Kartik Aaryan
3lKKoTBFIF0,Ram Madhvani
3lKKoTBFIF0,Netflix India
8_SDE0knJuA,Road To Season 2 Trailer
8_SDE0knJuA,The Witcher
8_SDE0knJuA,Netflix India
CKBAcDG5QKk,Dont Look Up
CKBAcDG5QKk,Netflix Tudum Tease: Sit Tight And Assess
51KpljH1Mv0,Army Of Thieves
51KpljH1Mv0,Official Trailer
51KpljH1Mv0,Zack Snyder
51KpljH1Mv0,Netflix India
TuyKS7599ww,20 Things About The Umbrella Academy
TuyKS7599ww,Netflix India
artSZhXhXTo,Extraction 2
artSZhXhXTo,Official Teaser
artSZhXhXTo,Chris Hemsworth
artSZhXhXTo,Netflix India
h9jrj1aXcTw,Red Notice
h9jrj1aXcTw,Exclusive Clip
h9jrj1aXcTw,"Dwayne Johnson, Ryan Reynolds, Gal Gadot"
h9jrj1aXcTw,Netflix India
BIzkqNo8zOc,Tudum: India Spotlight
BIzkqNo8zOc,Netflix India
ojlOsV7pzKk,Pehla Pehla Pyaar
ojlOsV7pzKk,Kota Factory 2
ojlOsV7pzKk,Tvf
ojlOsV7pzKk,"Jitendra Kumar, Mayur More, Alam Khan"
ojlOsV7pzKk,Netflix India
UfGtOEH8Pww,Mumbai Ki Ankahi Kahaniya
UfGtOEH8Pww,"Ashwiny Iyer Tiwari, Abhishek Banerjee, @Varungrovercomedy"
UfGtOEH8Pww,Netflix India
_XxvfHwI5y0,Every Coaching Class Ever Ft. @Satishray1
_XxvfHwI5y0,Kota Factory Season 2
_XxvfHwI5y0,Tvf
_XxvfHwI5y0,Netflix India
Or3KeGbQiWg,Gangs Of Wasseypur Or Sacred Games
Or3KeGbQiWg,Which Nawazuddin Character Is More Badass?
Or3KeGbQiWg,Netflix India
7tJSGFx4K4c,Jeetu Bhaiya Ke Fundey
7tJSGFx4K4c,Kota Factory Season 2
7tJSGFx4K4c,Tvf
7tJSGFx4K4c,Netflix India
SkxtSb3SBd0,Minnal Murali
SkxtSb3SBd0,Date Announcement
SkxtSb3SBd0,Tovino Thomas
SkxtSb3SBd0,Basil Joseph
SkxtSb3SBd0,Sophia Paul
SkxtSb3SBd0,Netflix India
YYKi6quLMZs,Escape The Undertaker
YYKi6quLMZs,Official Trailer
YYKi6quLMZs,Netflix India
okPK49whYMA,@Mahathalli & Alekhya Harika- Truth Or Dare?
okPK49whYMA,Ee Nagaraniki Emaindi
okPK49whYMA,Teashop Talkies
bUE3yZiMAxU,Balmukund Meena
bUE3yZiMAxU,Teaser
bUE3yZiMAxU,Kota Factory Season 2
bUE3yZiMAxU,Tvf
bUE3yZiMAxU,Netflix India
tGKD95VXnMI,Crime Stories: India Detectives
tGKD95VXnMI,Now Streaming
tGKD95VXnMI,Netflix India
CVDaY7AsQMA,Vaibhav Pandey
CVDaY7AsQMA,Teaser
CVDaY7AsQMA,Kota Factory Season 2
CVDaY7AsQMA,Tvf
CVDaY7AsQMA,Netflix India
FnTROHZAuBc,Matchmaking With @Leezamangaldas1
FnTROHZAuBc,Sex Education
FnTROHZAuBc,Netflix India
tKfME2vYyoE,How To Get Over A Break Up
tKfME2vYyoE,"Zoya Hussain, Kunal Kapoor"
tKfME2vYyoE,Ankahi Kahaniya
tKfME2vYyoE,Netflix India
GBi4YFfwyNU,The Professor'S Plan For Mumbai
GBi4YFfwyNU,Money Heist
GBi4YFfwyNU,Netflix India
DpdjD27qknI,Tudum: India Spotlight
DpdjD27qknI,Official Trailer
DpdjD27qknI,Netflix India
y-zMJySjLuI,Majnu Bhai'S Famous Painting
y-zMJySjLuI,Welcome
y-zMJySjLuI,"Anil Kapoor, Akshay Kumar"
y-zMJySjLuI,Netflix India
7pmEC_Du8i4,Mannequin Challenge
7pmEC_Du8i4,Abhishek Banerjee
7pmEC_Du8i4,Ankahi Kahaniya
7pmEC_Du8i4,Netflix India
XhH4VMJcruo,Aryan & Meera Jukebox
XhH4VMJcruo,All Songs
XhH4VMJcruo,@Architsmit
XhH4VMJcruo,Netflix India
1Iydi9M2QpU,@Souravjvlogs Ki Ankahi Kahaniya
1Iydi9M2QpU,Netflix India
-9fWff_AEA8,Behind The Crime Scene
-9fWff_AEA8,Crime Stories: India Detectives
-9fWff_AEA8,Netflix India
Ngl5uODB9_g,Little Things Season 4 Announcement
Ngl5uODB9_g,"Mithila Palkar, Dhruv Sehgal"
Ngl5uODB9_g,@Dicemediaindia
Ngl5uODB9_g,Netflix India
g_kcQDTsUbQ,Suno Moordale High Ki Kahaani
g_kcQDTsUbQ,"Ankush, Yashaswini, Akshay, Avanti"
g_kcQDTsUbQ,Sex Education Season 3
E9RE5VjoLvg,Directors Talk
E9RE5VjoLvg,"Ashwiny Iyer Tiwari, Saket Chaudhary, Abhishek Chaubey"
E9RE5VjoLvg,Ankahi Kahaniya
I022OHEzxvE,Sex Education
I022OHEzxvE,Season 3
I022OHEzxvE,Trailer 2
I022OHEzxvE,Netflix India
4iaRJpS0ASQ,For Tokyo Ft. @Lisamishramusic
4iaRJpS0ASQ,Fan Tribute Song
4iaRJpS0ASQ,Money Heist
4iaRJpS0ASQ,Netflix India
1dcc7rPYoq4,Tokyo'S Journey Ft. Rsula Corber
1dcc7rPYoq4,Money Heist
1dcc7rPYoq4,Netflix India
gGlZiJVifo8,Tudum: A Global Fan Event
gGlZiJVifo8,Official Trailer
gGlZiJVifo8,Netflix India
MIbIWRQhm1A,Sex Education Season 2 Recap Ft. Otis And Eric
MIbIWRQhm1A,Netflix India
Kwwe9DN4x10,Episode 4: Meant For Each Other?
Kwwe9DN4x10,Aryan & Meera Finale
Kwwe9DN4x10,"Taaruk, Zayn, Ayush Mehra & Aisha Ahmed"
qcO2YnjieGY,Lets Talk Love
qcO2YnjieGY,"Ayush Mehra, Aisha Ahmed, Taaruk Raina & Zayn Marie"
qcO2YnjieGY,Aryan & Meera
qcO2YnjieGY,Netflix India
1f-uHsfO7GM,Sex Education Season 3
1f-uHsfO7GM,Official Hindi Trailer
1f-uHsfO7GM,Netflix India
ErB-Fm77gso,Crime Stories: India Detectives
ErB-Fm77gso,Official Trailer
ErB-Fm77gso,Netflix India
R4DwBHzh_3c,Raashii Khanna Takes The Tamil Slang Challenge
R4DwBHzh_3c,Tughlaq Durbar
R4DwBHzh_3c,Netflix India
9VDhgIkso5Y,Embarrassing Sex Education Stories
9VDhgIkso5Y,"Rahul Subramanian, Srishti Dixit, Leeza Mangaldas, Karan Sareen"
CnZA9RhYxuY,Tokyo Reacts To Indian Fan Art
CnZA9RhYxuY,Money Heist
CnZA9RhYxuY,Rsula Corber
CnZA9RhYxuY,Netflix India
BqM6Rk8bfqs,A Tribute To Tokyo
BqM6Rk8bfqs,Money Heist
BqM6Rk8bfqs,Netflix India
YBNeW8JQrrM,Dil Tumpe Aa Ruka
YBNeW8JQrrM,Lyric Video
YBNeW8JQrrM,Aryan & Meera
YBNeW8JQrrM,"Taaruk Raina, Zayn Marie Khan"
YBNeW8JQrrM,@Architsmit
SSrYFGfPoR0,Celebrating 11 Years Of Vijay Sethupathi
SSrYFGfPoR0,Exclusive Interview
SSrYFGfPoR0,Tughlaq Durbar
SSrYFGfPoR0,Netflix India
gQ33tiQ8xO8,An Ode To Tokyo
gQ33tiQ8xO8,Money Heist
gQ33tiQ8xO8,Netflix India
yBnMBz-0pAQ,Desi Parents & Their Shaadi Obsession
yBnMBz-0pAQ,Ok Boomer!
yBnMBz-0pAQ,@Mostlysane & @Ankushbahuguna
yBnMBz-0pAQ,Netflix India
4WyT9LgmG20,Sex Education: The Best Advice
4WyT9LgmG20,Netflix India
b2Uij_GIRes,Tokyo & Nairobi: What Is Life Like After Death?
b2Uij_GIRes,Money Heist
b2Uij_GIRes,Netflix India
aG8KWYko8VY,Kota Factory 2
aG8KWYko8VY,Official Trailer
aG8KWYko8VY,Tvf
aG8KWYko8VY,Netflix India
9lBIY10MuVQ,Tokyo & The Professor
9lBIY10MuVQ,Money Heist
9lBIY10MuVQ,Netflix India
haeb-1Fhju4,Team Damon Vs Team Stefan
haeb-1Fhju4,The Vampire Diaries
haeb-1Fhju4,"@Aishmrj, Apoorva Arora"
haeb-1Fhju4,Netflix India
2cIa377UWy4,Hyderabadi Veg Meal With Satyadev Ft. @Mahathalli
2cIa377UWy4,Menu Please
2cIa377UWy4,Thimmarusu
2cIa377UWy4,Netflix India
28HLy95UejU,If Tamil Mimicry Artists Dubbed Money Heist
28HLy95UejU,Netflix India
rZOdpTONUu4,Petta: The Best Rajinikanth Tribute?
rZOdpTONUu4,"Jagan Krishnan, Mervyn Rozz"
rZOdpTONUu4,Teashop Talkies
rZOdpTONUu4,Netflix India
Hq9AxTTqKlI,Money Heist Fan Spotlight: Ananya Panday
Hq9AxTTqKlI,"Bse, Mumbai"
Hq9AxTTqKlI,Netflix India
8GRelJ8ngss,The Guilty
8GRelJ8ngss,Official Trailer
8GRelJ8ngss,Jake Gyllenhaal
8GRelJ8ngss,Netflix
zm_PXo1E8iI,Sex Education
zm_PXo1E8iI,Season 3
zm_PXo1E8iI,Official Trailer
zm_PXo1E8iI,Netflix India
PIG5gvhSasg,Ankahi Kahaniya
PIG5gvhSasg,Story Promo
PIG5gvhSasg,Netflix India
wxphQxJ-1X0,Aditi Balan Tries Awful Food Combos Ft. Kishen Das
wxphQxJ-1X0,Menu Please
wxphQxJ-1X0,Netflix India
dcABuuzGZ8Y,Vijay Sethupathi Will Do Anything For Parthiban!
dcABuuzGZ8Y,Tughlaq Durbar
dcABuuzGZ8Y,Netflix India
36P09Z1t5gU,Minnal Murali
36P09Z1t5gU,Official Announcement
36P09Z1t5gU,Tovino Thomas
36P09Z1t5gU,Basil Joseph
36P09Z1t5gU,Sophia Paul
36P09Z1t5gU,Netflix India
rGmc5aFZKwY,Satya Dev'S Ultimate Test
rGmc5aFZKwY,Thimmarusu
rGmc5aFZKwY,Netflix India
FXMnjGNIv78,Jeetu Bhaiya'S Motivational Speech
FXMnjGNIv78,Kota Factory
FXMnjGNIv78,Netflix India
LVKV7or4lQY,The Red Jumpsuit: An Emotion
LVKV7or4lQY,Money Heist
LVKV7or4lQY,Netflix India
Fi0RGhMW_k0,The Money Heist Theme Song Sung By Berlin
Fi0RGhMW_k0,Pedro Alonso
Fi0RGhMW_k0,Netflix India
IwTe8gd6018,A Special Message From The Cast Of Money Heist
IwTe8gd6018,Netflix India
7PJcgVL52Qc,Don'T Be An Arturo
7PJcgVL52Qc,Money Heist: Part 5 Vol.1
7PJcgVL52Qc,Netflix India
U-t8m39ybEI,Berlin Reacts To Indian Fan Theories
U-t8m39ybEI,Money Heist: Part 5
U-t8m39ybEI,Netflix India
k9N2eTBlkBc,Red Notice
k9N2eTBlkBc,Official Teaser
k9N2eTBlkBc,"Dwayne Johnson, Ryan Reynolds, Gal Gadot"
k9N2eTBlkBc,Netflix India
mfcZXXP0kZw,The Money Heist Party Ft. Tiger Shroff
mfcZXXP0kZw,Pepsi X Netflix India
s00tPanWbsY,Ankahi Kahaniya
s00tPanWbsY,Teaser
s00tPanWbsY,Netflix India
LWFghjhtzq8,Post-Finale Behind The Scenes
LWFghjhtzq8,Comedy Premium League
LWFghjhtzq8,Netflix India
LsUZ7DkwPMw,Episode 2 - Anniversary Date Gone Wrong
LsUZ7DkwPMw,Aryan & Meera
LsUZ7DkwPMw,Taaruk Raina & Zayn Marie
LsUZ7DkwPMw,Netflix India
W_G5Lkqeb3s,Breakfast With The Comedians
W_G5Lkqeb3s,Menu Please
W_G5Lkqeb3s,Cpl
W_G5Lkqeb3s,"Tanmay, Prashasti, Rahul S, Rytasha & Kumar Varun"
IKNqeuxQKqk,Tughlaq Durbar
IKNqeuxQKqk,Official Trailer
IKNqeuxQKqk,"Vijay Sethupathi, Raashii Khanna, Manjima Mohan"
IKNqeuxQKqk,Netflix India
MtV4hvJmnSQ,You
MtV4hvJmnSQ,Season 3 Date Announcement
MtV4hvJmnSQ,Netflix India
2EgeSFbgYpQ,Kota Factory 2
2EgeSFbgYpQ,Official Teaser
2EgeSFbgYpQ,Tvf
2EgeSFbgYpQ,Netflix India
CbS5q8FOTMw,Money Heist Part 4: Recap
CbS5q8FOTMw,La Casa De Papel
CbS5q8FOTMw,Netflix India
damfqn6p8UM,Satya Devs Sound Warning
damfqn6p8UM,Thimmarusu
damfqn6p8UM,Netflix India
dwslImphIqA,Aishwarya Rajesh Tries Vegan Food!
dwslImphIqA,Menu Please
dwslImphIqA,Netflix India
nopQrpYBNFs,Elite
nopQrpYBNFs,Season 4
nopQrpYBNFs,Official Telugu Trailer
nopQrpYBNFs,Netflix India
Nj26w5E3Tc0,Elite
Nj26w5E3Tc0,Season 4
Nj26w5E3Tc0,Official Tamil Trailer
Nj26w5E3Tc0,Netflix India
SzREqWl45oY,Which Money Heist Character Are You?
SzREqWl45oY,Netflix India
Z8EU_bIQQgw,The Ultimate Smoothie Challenge Ft. Aryan & Meera
Z8EU_bIQQgw,Taaruk Raina & Zayn Marie
Z8EU_bIQQgw,Netflix India
gDqkfVRnpHg,Who Is Texting Gayathri?
gDqkfVRnpHg,Boomika
gDqkfVRnpHg,Aishwarya Rajesh
gDqkfVRnpHg,Netflix India
ArASWvVJAIw,War Of Wits
ArASWvVJAIw,Comedy Premium League
ArASWvVJAIw,Finale Now Streaming
ArASWvVJAIw,"Tanmay, Urooj, Prashasti & Amit"
Z3alCrFuwY8,Intrusion
Z3alCrFuwY8,Official Trailer
Z3alCrFuwY8,Freida Pinto
Z3alCrFuwY8,Netflix India
f7abFU3u--k,Brooklyn Nine-Nine'S Most Toxic Friendship?
f7abFU3u--k,@Ankushbahuguna Vs. Apoorva Arora
f7abFU3u--k,Netflix India
PA-iTrp_F8E,Who Are You Supporting?
PA-iTrp_F8E,Comedy Premium League
PA-iTrp_F8E,Netflix India
iM3dNhkq4Bs,Call My Agent: Bollywood
iM3dNhkq4Bs,Announcement
iM3dNhkq4Bs,"Aahana Kumra, Ayush Mehra, Rajat Kapoor, Soni Razdan"
6v-dlIRvQnU,Tudum: A Global Fan Event
6v-dlIRvQnU,Official Teaser
6v-dlIRvQnU,Netflix
xsXE4DoTnA8,Episode 1 - Moving In Together!
xsXE4DoTnA8,Aryan & Meera
xsXE4DoTnA8,Taaruk Raina & Zayn Marie
xsXE4DoTnA8,Netflix India
vTw85oKVkaM,Navarasa: An Emotional Review
vTw85oKVkaM,"Alexander Babu, Mervyn Rozz, Jagan Krishnan & Kishen Das"
ZeWZU-CBCgM,Do You Believe In Ghosts?
ZeWZU-CBCgM,Aishwarya Rajesh & Rathindran R Prasad
ZeWZU-CBCgM,Boomika
ZeWZU-CBCgM,Netflix India
Tv5LYJEXJ9Y,Indian Parents Vs. Modern Romance
Tv5LYJEXJ9Y,Ok Boomer!
Tv5LYJEXJ9Y,@Mostlysane & @Ankushbahuguna
Tv5LYJEXJ9Y,Netflix India
VIV0E121y9Y,Whos More Likely To: Comedy Premium League Edition
VIV0E121y9Y,Netflix India
nNDbFYfIU1A,The Money Heist Fan Anthem
nNDbFYfIU1A,"Anil Kapoor, Rana Daggubati, Vikrant Massey, Shruti Haasan & More!"
taWRk6MESqc,The Making Of Navarasa
taWRk6MESqc,"Mani Ratnam, Jayendra"
taWRk6MESqc,Netflix India
Nn_GsAXp-Mc,Satya Dev As Ram
Nn_GsAXp-Mc,Thimmarusu
Nn_GsAXp-Mc,Telugu Film
Nn_GsAXp-Mc,Netflix India
Lv8D0Ora8-4,Aryan & Meera: A Netflix India Youtube Show
Lv8D0Ora8-4,Official Trailer
Lv8D0Ora8-4,"Taaruk Raina, Zayn Marie Khan"
_PghuDwy-G0,Aryan & Meera: A Netflix India Youtube Show
_PghuDwy-G0,Teaser
_PghuDwy-G0,"Taaruk Raina, Zayn Marie"
_PghuDwy-G0,Netflix India
s9Q0HZkmMQU,The Story Of Mahabali Ft. @Pearlemaaneyshow
s9Q0HZkmMQU,Netflix India
oorgtfS5MmQ,Mismatched Season 2
oorgtfS5MmQ,Announcement
oorgtfS5MmQ,"Prajakta Koli, Rohit Saraf"
oorgtfS5MmQ,Netflix India
wKW7pUSSkp8,Spy Cam Confessions
wKW7pUSSkp8,Comedy Premium League
wKW7pUSSkp8,Netflix India
EVg8_T7CX_Q,Onam Sadhya 101 With @Neerajmadhavofficial
EVg8_T7CX_Q,Menu Please
EVg8_T7CX_Q,Netflix India
3rp8znsek24,Comedy Premium League: Now Streaming
3rp8znsek24,Netflix India
M9zv9ghrDVk,The Ultimate Battle Of Comedians
M9zv9ghrDVk,Comedy Premium League
M9zv9ghrDVk,Netflix India
pw1WuzTYM3Q,Ankahi Kahaniya
pw1WuzTYM3Q,Official Trailer
pw1WuzTYM3Q,Netflix India
1EAtI2FJ1Z4,Rajpal Yadav Gets Ready
1EAtI2FJ1Z4,Chup Chup Ke
1EAtI2FJ1Z4,"Kareena Kapoor Khan, Neha Dhupia"
1EAtI2FJ1Z4,Netflix India
Uzn4AMI4vRo,@Thetaneeshow & @Devraiyani Discuss Friendship Rules
Uzn4AMI4vRo,The Kissing Booth 3
Uzn4AMI4vRo,Netflix India
wZWd3C6SBSA,Audition Tapes
wZWd3C6SBSA,Comedy Premium League
wZWd3C6SBSA,"Samay Raina, Tanmay Bhat, Sumukhi & More"
wZWd3C6SBSA,Netflix India
lxohS4RLLMo,Navarasa: Directors Deepdive
lxohS4RLLMo,"Priyadarshan, Karthik Subbaraj And More!"
lxohS4RLLMo,Netflix India
xCr0Jtf0Ftk,Boomika
xCr0Jtf0Ftk,Trailer 2
xCr0Jtf0Ftk,Aishwarya Rajesh
xCr0Jtf0Ftk,Rathindran R Prasad
xCr0Jtf0Ftk,Karthik Subbaraj
xCr0Jtf0Ftk,Netflix India
qGrEjnMQS00,Shah Rukh Khan Brings Electricity To Charanpur
qGrEjnMQS00,Swades
qGrEjnMQS00,Netflix India
a49YgJcaZCo,@Mythpat & @Slayypointofficial Bust Myths About India
a49YgJcaZCo,Independence Day Special
a49YgJcaZCo,Netflix India
JI_eG_kYcUM,Don'T Mess With Singham
JI_eG_kYcUM,"Ajay Devgn, Prakash Raj"
JI_eG_kYcUM,Singham
JI_eG_kYcUM,Netflix India
ZMrc17yO-Ac,7 Best Munna Circuit Moments
ZMrc17yO-Ac,"Sanjay Dutt, Arshad Warsi"
ZMrc17yO-Ac,Netflix India
_IkVlqYF1sg,Ali Fazal Takes The World'S Most Pointless Quiz
_IkVlqYF1sg,Netflix India
2Iuhyuj0u3o,Professor & Berlin Discuss The End Of Money Heist
2Iuhyuj0u3o,Netflix India
X1o3O7gvq8s,"Navarasa Grafitti Tribute: Chennai, Coimbatore And Madurai"
X1o3O7gvq8s,Netflix India
WnO3WaBtnSs,Every Indian Parent Ever
WnO3WaBtnSs,Ok Boomer!
WnO3WaBtnSs,@Mostlysane & @Ankushbahuguna
WnO3WaBtnSs,Netflix India
6BVCcwHxUrc,@Aishmrj Vs. @Sakshi_Shivdasani: The Ultimate Kissing Booth Debate
6BVCcwHxUrc,Netflix India
LxC1V2Yy_IE,Tokyos Most Badass Moments
LxC1V2Yy_IE,Money Heist
LxC1V2Yy_IE,Netflix India
ziRF_uDTMt0,Lucifer
ziRF_uDTMt0,Final Season Trailer
ziRF_uDTMt0,Netflix India
4rZFHT8q1Wo,"@Tanmaybhat , @Rohanjoshi8016 & @Theashishshakya React To Dil Chahta Hai"
4rZFHT8q1Wo,Netflix India
_lKpQqUbqBU,Siddharth & Parvathy Play Two Truths And A Lie
_lKpQqUbqBU,Navarasa
_lKpQqUbqBU,Netflix India
36CGxQiCF34,@Madstuffwithrob'S Dil Chahta Hai Anniversary Special
36CGxQiCF34,Netflix India
CUMiobsYKVk,The Kissing Booth 1 & 2: The Cutest Recap Ever
CUMiobsYKVk,Netflix India
31SdRzmf3_Y,The Roast Rap
31SdRzmf3_Y,Comedy Premium League
31SdRzmf3_Y,Netflix India
DXE8GmL1QO4,The Cutest Proposals
DXE8GmL1QO4,"Friends, Jab We Met & More!"
DXE8GmL1QO4,Netflix India
Ey5SUzJTtDM,Electrifying Entrances
Ey5SUzJTtDM,"Baahubali, Baahubali 2"
Ey5SUzJTtDM,Netflix India
fWlMP_mPhRQ,The Hospital Scene
fWlMP_mPhRQ,"Anil Kapoor, Priyanka Chopra, Ranveer Singh, Shefali Shah"
fWlMP_mPhRQ,Dil Dhadakne Do
EdO3BvZMawc,Noah And Elle After The Party
EdO3BvZMawc,The Kissing Booth
EdO3BvZMawc,Netflix India
RWsrZT38yZc,Dil To Dil Hai
RWsrZT38yZc,Feels Like Ishq - Trailer Song
RWsrZT38yZc,Kartik Shah Ft. Savera Mehta
RWsrZT38yZc,Netflix India
iMsLzpU1SK4,Money Heist: Part 5
iMsLzpU1SK4,Behind The Scenes With Berlin
iMsLzpU1SK4,Pedro Alonso
iMsLzpU1SK4,Netflix India
6rnSqr6LJuo,Stranger Things 4
6rnSqr6LJuo,Sneak Peek
6rnSqr6LJuo,Netflix India
TI1Y0-HJ_Qs,Navarasa On Burj Khalifa
TI1Y0-HJ_Qs,Now Streaming
TI1Y0-HJ_Qs,"Mani Ratnam, Jayendra"
TI1Y0-HJ_Qs,Netflix India
d3OBzM4oG30,Navarasa - Symphony Of Emotions
d3OBzM4oG30,Netflix India
B_LLNN0qDTE,Nairobis Motivational Speech
B_LLNN0qDTE,Money Heist: Part 4
B_LLNN0qDTE,Netflix India
u-LDZSTlf30,The Final Scene
u-LDZSTlf30,Money Heist: Part 4
u-LDZSTlf30,Netflix India
cDVck2bexkg,Is @Flyingbeast320 Pregnant?!
cDVck2bexkg,Mimi
cDVck2bexkg,Netflix India
v2-hbbdeNCE,A Day In The Life Of Rohit Saraf
v2-hbbdeNCE,Feels Like Ishq
v2-hbbdeNCE,Netflix India
cJ1PQHfTdq4,Rajinikanth Arrives In Style
cJ1PQHfTdq4,Petta
cJ1PQHfTdq4,Netflix India
v-qIDg3w-3I,6 Reasons To Watch Feels Like Ishq
v-qIDg3w-3I,"Neeraj Madhav, Tanya Maniktala, Amol Parashar"
v-qIDg3w-3I,Netflix India
Rt6pOXomN8E,"To, My Dearest Office Bff"
Rt6pOXomN8E,"Ft. @Aishmrj, Ahsaas Channa"
Rt6pOXomN8E,Netflix India
w3OTkVhyb_4,"The Feels Like Ishq Roundtable Ft. Dolly Singh, Radhika Madan, Tanya Maniktala And Saba Azad"
5mQ_L_pox-I,Pankaj Tripathi Cooks Special Khichdi Ft. Srishti Dixit
5mQ_L_pox-I,Menu Please
5mQ_L_pox-I,Netflix India
CKFoO7EgMw4,Who Knows Me Better?
CKFoO7EgMw4,"Ahsaas Channa, @Aishaahmed4615 , @Ankushbahuguna"
CKFoO7EgMw4,Never Have I Ever Season 2
3SrS-tE9hDM,Feels Like Ishq: Behind The Scenes
3SrS-tE9hDM,Netflix India
JUCuZIPnk30,Kriti Sanon Answers Questions About Pregnancy
JUCuZIPnk30,Mimi
JUCuZIPnk30,Netflix India
EDrIhSbR7eM,Kinni Soni Ft. Ayushmann Khurrana & Jonita Gandhi
EDrIhSbR7eM,Full Song
EDrIhSbR7eM,Feels Like Ishq
EDrIhSbR7eM,Netflix India
D5D-5nu3e5Q,Can @Mythpat Act?
D5D-5nu3e5Q,Pankaj Tripathis Acting Classes
D5D-5nu3e5Q,Mimi
D5D-5nu3e5Q,Netflix India
38Aj1JhOnrM,Comedy Premium League
38Aj1JhOnrM,Official Trailer
38Aj1JhOnrM,"Tanmay Bhat, Prajakta Koli, Samay Raina & Many More!"
iHgzGAAYrFY,"The Ultimate Love Quiz Ft. @Aishmrj, Rohit Saraf, Amol Parashar, & More!"
iHgzGAAYrFY,Netflix India
1l5Plou0mU8,The Dhanush Power
1l5Plou0mU8,"Jagame Thandhiram, Power Paandi"
1l5Plou0mU8,Netflix India
RGHVvO8Hg1E,Meet Pankaj Tripathi As Bhanu
RGHVvO8Hg1E,Mimi
RGHVvO8Hg1E,Kriti Sanon
RGHVvO8Hg1E,Netflix India
RJsQOAkh9jk,"Monica, O My Darling"
RJsQOAkh9jk,Announcement
RJsQOAkh9jk,"Rajkummar Rao, Radhika Apte, Huma Qureshi, Vasan Bala"
UG1vl1M0rxU,Never Have I Ever Cast Plays Whos More Likely To __?
UG1vl1M0rxU,Netflix India
ZfecUNNGFxs,Meet Mimi
ZfecUNNGFxs,"Kriti Sanon, Pankaj Tripathi"
ZfecUNNGFxs,Netflix India
Go6O1wX8H-c,Navarasa
Go6O1wX8H-c,Official Trailer
Go6O1wX8H-c,"Mani Ratnam, Jayendra"
Go6O1wX8H-c,Netflix India
04Gt4y3FyIM,Money Heist: Part 5
04Gt4y3FyIM,Official Trailer Date Announcement
04Gt4y3FyIM,Netflix India
b8-2tn15USI,@Mostlysane'S Dating Tips
b8-2tn15USI,Prajakta Koli
b8-2tn15USI,Never Have I Ever 2
b8-2tn15USI,Netflix India
zWkMsSUABP0,Army Of Thieves
zWkMsSUABP0,Official Teaser
zWkMsSUABP0,Zack Snyder
zWkMsSUABP0,Netflix India
x1UGN6GcOxQ,Aamir Khan Visits Ishaans Home
x1UGN6GcOxQ,Taare Zameen Par
x1UGN6GcOxQ,Netflix India
Ggylz7RyQmA,Lucifer Final Season
Ggylz7RyQmA,Date Announcement
Ggylz7RyQmA,Netflix India
CdZOaYRweeo,Every Indian Dad Ever! Feat. Anupam Kher
CdZOaYRweeo,"Wake Up Sid, Chup Chup Ke, Vivah"
CdZOaYRweeo,Netflix India
xHfGZ0uDHf8,Behind The Navarasas
xHfGZ0uDHf8,Making Of The Teaser
xHfGZ0uDHf8,"Mani Ratnam, Jayendra, Bharatbala"
xHfGZ0uDHf8,Netflix India
1QFKqjfdQ3M,Haseen Dillruba: Climax Breakdown
1QFKqjfdQ3M,"Taapsee Pannu, Vikrant Massey, Harshvardhan Rane, Vinil Mathew"
PMrb02f0o6Y,Moordale Secondary: Official Advert
PMrb02f0o6Y,Enrol Today For A Brighter Future!
PMrb02f0o6Y,Sex Education
1W2Ap9AMajE,What Does Love Mean To You?
1W2Ap9AMajE,Feels Like Ishq
1W2Ap9AMajE,Netflix India
1PeSKlKX8pQ,Ali Fazal Reads Your Report Card
1PeSKlKX8pQ,Ray
1PeSKlKX8pQ,Netflix India
Xq5JH7dVN_8,Meet Mimis Family
Xq5JH7dVN_8,Mimi
Xq5JH7dVN_8,Kriti Sanon & Pankaj Tripathi
Xq5JH7dVN_8,Netflix India
cDTNL0lgVsQ,The Witcher: Nightmare Of The Wolf
cDTNL0lgVsQ,Official Teaser
cDTNL0lgVsQ,Netflix India
etAPHXnEB8I,Ek Chutki Sindoor
etAPHXnEB8I,"Shahrukh Khan, Deepika Padukone"
etAPHXnEB8I,Om Shanti Om
etAPHXnEB8I,Netflix India
qQQgDlw4vtM,Who Will Win Rohit Saraf'S Heart? Radhika Madan Vs. Saba Azad
qQQgDlw4vtM,Feels Like Ishq
qQQgDlw4vtM,Netflix India
ikVziyFfmrM,Every Monsoon Ever Ft. @Saurabhghadgevines & @Focusedindian
ikVziyFfmrM,Netflix India
tCZFFpDVEac,Bheem Hai Best!
tCZFFpDVEac,Mighty Little Bheem
tCZFFpDVEac,Netflix India
Z9xkCiEthkM,Do They Know Indian Slang?
Z9xkCiEthkM,"Maitreyi Ramakrishnan, Lee Rodriguez & Ramona Young"
Z9xkCiEthkM,Netflix India
1_X0dR0ypWE,Top 5 Hrithik Roshan Moments
1_X0dR0ypWE,"Znmd, Lakshya, Kabhi Khushi Kabhie Gham & More!"
1_X0dR0ypWE,Netflix India
arZ0tOwpRhU,Instant Songwriting Challenge
arZ0tOwpRhU,Saba Azad & Sanjeeta Bhattacharya
arZ0tOwpRhU,Feels Like Ishq
arZ0tOwpRhU,Netflix India
7MFH0j8NbMg,The New Kid At School
7MFH0j8NbMg,Never Have I Ever Season 2
7MFH0j8NbMg,Netflix India
qPvGA5taLnw,@Tanmaybhat & @Samayrainaofficial Prank Call Friends
qPvGA5taLnw,Impractical Jokers
qPvGA5taLnw,Tanmay Reacts
qPvGA5taLnw,Netflix India
yqxE1gy5Xes,Behensplaining
yqxE1gy5Xes,Kusha Kapila And Dolly Singh Review Welcome
yqxE1gy5Xes,Netflix India
DegkGdq9xy0,Masaba Masaba: Season 2
DegkGdq9xy0,Announcement
DegkGdq9xy0,"Masaba Gupta, Neena Gupta"
DegkGdq9xy0,Netflix India
ZHWHbhkmHko,Sima Aunty'S Most Iconic Moments
ZHWHbhkmHko,Indian Matchmaking
ZHWHbhkmHko,Netflix India
XV2nrsIsb04,Games Night With Znmd!
XV2nrsIsb04,"@Suhanishah, @Randomchikibumofficial & @Kushakapila5643"
XV2nrsIsb04,10 Year Celebration
DtAH-xhVCrU,Stranger Things
DtAH-xhVCrU,5 Years Anniversary
DtAH-xhVCrU,Netflix India
JREOxhNQoWg,The Ultimate Never Have I Ever Debate
JREOxhNQoWg,Aisha Ahmed & Yashaswini Dayama
JREOxhNQoWg,Netflix India
UcjVUkIbXMk,Vikrant Massey Wants To Know!
UcjVUkIbXMk,Netflix India
be9C1meIylU,Kriti Sanon: Before V/S After
be9C1meIylU,Mimi
be9C1meIylU,Netflix India
nk7pudNopL8,"Learning Bengali With Ali Fazal, Shweta Basu Prasad & Anindita Bose"
nk7pudNopL8,Ray
nk7pudNopL8,Netflix India
mfg-scusLS8,Vikrant Massey Meets Tapsee Pannu For The First Time
mfg-scusLS8,Haseen Dillruba
mfg-scusLS8,Netflix India
_sc3HyeNxPs,Mimi
_sc3HyeNxPs,Official Trailer
_sc3HyeNxPs,"Kriti Sanon, Pankaj Tripathi"
_sc3HyeNxPs,Netflix India
gu2qsK6yZCY,Never Have I Ever
gu2qsK6yZCY,A @Mostlysane Recap
gu2qsK6yZCY,Netflix India
nWnuJ8bUFwU,Taapsee Pannu Vs Vikrant Massey: Who Will Win??
nWnuJ8bUFwU,Haseen Dillruba
nWnuJ8bUFwU,Netflix India
YMBp8YiEriI,Bheem Aur Cute Princess
YMBp8YiEriI,Mighty Little Bheem
YMBp8YiEriI,Netflix India
tcn3agV4GLk,"Overheard On The Sets Of Haseen Dillruba Ft Taapsee, Vikrant & Harsh"
tcn3agV4GLk,Bts
tcn3agV4GLk,Netflix India
U8XkQBZzwh8,Face To Face With Ali Fazal
U8XkQBZzwh8,Jinal Joshi L Ray L Netflix India
dAGaL2CqVJ8,The Yummiest Bengali Food! Ft. Ali Fazal & Harshvarrdhan Kapoor
dAGaL2CqVJ8,Menu Please
dAGaL2CqVJ8,Netflix India
B0iz-Ym6WfE,Vikrant Massey Vs Harshvardhan Rane: The Ultimate Roast Battle
B0iz-Ym6WfE,Haseen Dillruba
B0iz-Ym6WfE,Netflix India
qAM_GUzgdAI,Behensplaining
qAM_GUzgdAI,Srishti Dixit And Kusha Kapila Review Phir Hera Pheri
qAM_GUzgdAI,Netflix India
MEXvhhXpOQM,Navarasa
MEXvhhXpOQM,Date Announcement
MEXvhhXpOQM,"Mani Ratnam, Jayendra"
MEXvhhXpOQM,Netflix India
3vHiqL8VS9o,Pyaar Ke Funde By Prof Vikrant Massey Aka Rishu Bhaiya
3vHiqL8VS9o,Haseen Dillruba
3vHiqL8VS9o,Netflix India
fy3TqHU7DsU,Namma Stories - The South Anthem
fy3TqHU7DsU,"Nj, Arivu, Siri & Hanumankind"
fy3TqHU7DsU,Netflix India
pBoAsDX07T8,The Kissing Booth 3
pBoAsDX07T8,Official Trailer
pBoAsDX07T8,Netflix India
zsF89cppYxE,Who Has A Better Memory?
zsF89cppYxE,Ali Fazal Vs Anindita Bose Vs Shweta Basu Prasad
zsF89cppYxE,Ray
zsF89cppYxE,Netflix India
Zld_d5pS1Fg,Tovino Thomas And Parvathy Meet For The First Time
Zld_d5pS1Fg,Uyare
Zld_d5pS1Fg,Netflix India
H93uyyFVAqU,Taapsee Pannu And Vikrant Massey Take The Lie Detector Test
H93uyyFVAqU,Haseen Dillruba
H93uyyFVAqU,Netflix India
kA9W1xSt44o,She: Season 2
kA9W1xSt44o,Announcement
kA9W1xSt44o,Aaditi Pohankar
kA9W1xSt44o,Imtiaz Ali
kA9W1xSt44o,Netflix India
1IuxfF9H7DQ,Bheem Ko Aayi Hitchki!
1IuxfF9H7DQ,Mighty Little Bheem
1IuxfF9H7DQ,Netflix India
frucdmP5mzM,Munna Bhai Mbbs Carrom Scene
frucdmP5mzM,"Sanjay Dutt, Arshad Warsi"
frucdmP5mzM,Netflix India
ENQ9AP3o8vs,Behensplaining
ENQ9AP3o8vs,Srishti Dixit & Dolly Singh Review The Vampire Diaries
ENQ9AP3o8vs,Netflix India
qWnK246hkk0,"Charcha With Virender Sehwag, @Theharshbeniwal, Archana P Singh, Anita Hassanandani"
qWnK246hkk0,Haseen Dillruba
EuXrFmMkPAU,Can They Solve This Murder Mystery??
EuXrFmMkPAU,Haseen Dillruba
EuXrFmMkPAU,Netflix India
j-8Xzycm-WI,What Is Kanika Dhillon Hiding?
j-8Xzycm-WI,Haseen Dillruba
j-8Xzycm-WI,The Ultimate Kaunspiracy
j-8Xzycm-WI,Netflix India
A6T_RQOq35g,Does She Know?
A6T_RQOq35g,Haseen Dillruba
A6T_RQOq35g,The Ultimate Kaunspiracy
A6T_RQOq35g,Netflix India
Cbnjj4ADdNw,Feels Like Ishq
Cbnjj4ADdNw,Official Trailer
Cbnjj4ADdNw,"Rohit Saraf, Radhika Madan, Tanya Maniktala, Neeraj Madhav"
hlkHP1z5Kkk,Haseen Dillruba
hlkHP1z5Kkk,The Ultimate Kaunspiracy Feat. Vinil Mathew
WhcoxYWnUwU,Ray: Behind The Scenes
WhcoxYWnUwU,"Manoj Bajpayee, Kay Kay Menon, Ali Fazal, Harshvarrdhan Kapoor"
VUQl9KabMtg,Let'S Make A Movie!
VUQl9KabMtg,Cinema Bandi
VUQl9KabMtg,Raj & Dk
VUQl9KabMtg,Netflix India
PAj2CQh-AsQ,Best Of Babu Bhaiya
PAj2CQh-AsQ,Phir Hera Pheri Funniest Scenes
PAj2CQh-AsQ,"Paresh Rawal, Akshay Kumar"
PAj2CQh-AsQ,Netflix India
7TDgcXd0dV8,An Ode To Satyajit Ray
7TDgcXd0dV8,Ray
7TDgcXd0dV8,Netflix India
JCrkGNx-5i4,Santhosh Narayanan And Dhee Try Tamil Full Meals Ft. Kishen Das
JCrkGNx-5i4,Menu Please
JCrkGNx-5i4,Netflix India
ZuN5znBM7Vk,Rajkummar Rao Fixes Pankaj Tripathis Neck
ZuN5znBM7Vk,Funny Scene
ZuN5znBM7Vk,Bareilly Ki Barfi
ZuN5znBM7Vk,Netflix India
ax4z7HeMMKM,Today I Learned: What It Takes To Be A Pro Wrestler
ax4z7HeMMKM,@Aakanshapushp6115
ax4z7HeMMKM,Dangal
ax4z7HeMMKM,Netflix India
0kuAU3SVCu0,Behensplaining
0kuAU3SVCu0,@Kushakapila5643 & @Mahathalli Review Ala Vaikunthapurramuloo
0kuAU3SVCu0,Netflix India
XU5dE5qEwkU,Bheem Makes The Rain Go Away
XU5dE5qEwkU,Mighty Little Bheem
XU5dE5qEwkU,Netflix India
R2lu4kZxxdI,If Our Favourite Props Had Their Own Movies
R2lu4kZxxdI,"Friends, Money Heist & More!"
R2lu4kZxxdI,Netflix India
P41KJkIq7CU,Spotlight
P41KJkIq7CU,Ray Promo
P41KJkIq7CU,"Harshvarrdhan Kapoor, Akansha Ranjan Kapoor"
P41KJkIq7CU,Netflix India
igocr358Gr0,Harshvardhan Rane As Neel
igocr358Gr0,Teaser
igocr358Gr0,Haseen Dillruba
igocr358Gr0,"Taapsee Pannu, Vikrant Massey"
igocr358Gr0,Netflix India
4HZioQl0uVg,Hungama Hai Kyon Barpa
4HZioQl0uVg,Ray Promo
4HZioQl0uVg,"Manoj Bajpayee, Gajraj Rao"
4HZioQl0uVg,Netflix India
9N8HqQKqJUc,Thalapathy Vijay & Samantha Akkineni Rose Milk Scene
9N8HqQKqJUc,Yogi Babu
9N8HqQKqJUc,Mersal
9N8HqQKqJUc,Netflix India
or7I2W6j6j4,Vikrant Massey As Rishu
or7I2W6j6j4,Teaser
or7I2W6j6j4,Haseen Dillruba
or7I2W6j6j4,"Taapsee Pannu,Harshvardhan Rane"
or7I2W6j6j4,Netflix India
rpv9N-0A8Yc,Bahrupiya
rpv9N-0A8Yc,Ray Promo
rpv9N-0A8Yc,"Kay Kay Menon, Dibyendu Bhattacharya, Bidita Bag"
rpv9N-0A8Yc,Netflix India
JL6uigLdj3M,Taapsee Pannu As Rani
JL6uigLdj3M,Promo
JL6uigLdj3M,Haseen Dillruba
JL6uigLdj3M,"Vikrant Massey, Harshvardhan Rane"
JL6uigLdj3M,Netflix India
cw6JMVH_xm0,Forget Me Not
cw6JMVH_xm0,Ray Promo
cw6JMVH_xm0,"Ali Fazal, Shweta Basu Prasad, Anindita Bose"
cw6JMVH_xm0,Netflix India
7wDY1Bufe3g,The Most Badass Characters
7wDY1Bufe3g,"Dhanush, Shahrukh Khan, Priyanka Chopra & More!"
7wDY1Bufe3g,Netflix India
EDdbx_tXysU,Baap Maan
EDdbx_tXysU,Rap Music Video
EDdbx_tXysU,"@Aakashgupta, @Samayrainaofficial, @Aishmrj"
EDdbx_tXysU,Netflix India
HxcHwwxnvUQ,"Funny Cousin Stories Ft.@Gamerfleet , @Suhanishah & @Pulkitkocharofficial"
HxcHwwxnvUQ,Netflix India
1cuR9LWW7TY,Behensplaining
1cuR9LWW7TY,Srishti Dixit & Dolly Singh Review Mismatched
1cuR9LWW7TY,Netflix India
1yQbzDht_S4,Jagame Thandhiram: The Peel-O-Graph Poster
1yQbzDht_S4,Netflix India
q7DH5ZdLEKM,The Making Of Jagame Thandhiram
q7DH5ZdLEKM,"Dhanush, Karthik Subbaraj, Santhosh Narayanan, Aishwarya Lekshmi"
utS39G45Q-U,Jagame Thandhiram Promo - Old School
utS39G45Q-U,Netflix India
L1u-ol6SK0o,The First Step To Pride Ft. @Sushantdivgikarranikohenur
L1u-ol6SK0o,Netflix India
c7IucshULDQ,"School Life Stories Ft. @Triggeredinsaan, @Suhanishah & @Pulkitkocharofficial"
c7IucshULDQ,Netflix India
SKRYPQGXdsQ,Official Announcement
SKRYPQGXdsQ,"Chale Chalo, Lagaan - A Special Celebration"
SKRYPQGXdsQ,Netflix India
eLSebsZ0tOg,Building A Skate Park For Children
eLSebsZ0tOg,Skater Girl
eLSebsZ0tOg,Netflix India
hUr3ezLesZw,Try Not To Laugh!
hUr3ezLesZw,"Paresh Rawal, Kajol, Shahrukh Khan & More!"
hUr3ezLesZw,Netflix India
GHyJeqhbSvw,"Funny Fail Stories Ft.@Gamerfleet, @Suhanishah & @Pulkitkocharofficial"
GHyJeqhbSvw,Netflix India
dBxBmCemags,@Thatssoviraj Vs Naani: Whos The Better Influencer?
dBxBmCemags,Netflix India
14gRJHZQ5UQ,6 Steps To Be A Good Ally
14gRJHZQ5UQ,"Aditi Rao Hydari, Rohit Saraf, Vijay Sethupathi, Rajkummar Rao & More!"
uIVIAY0CcXI,Introducing Skater Girl
uIVIAY0CcXI,Netflix India
gWuL2CKIhOQ,Behensplaining
gWuL2CKIhOQ,Kusha Kapila & Srishti Dixit Review The Bold Type
gWuL2CKIhOQ,Netflix India
kJz44NT3PIQ,What Happened Between Vikrant & Taapsee?
kJz44NT3PIQ,Haseen Dillruba
kJz44NT3PIQ,Netflix India
zoRCW6p-_qA,The Ultimate Kaunspiracy?
zoRCW6p-_qA,Haseen Dillruba
zoRCW6p-_qA,"Taapsee Pannu, Vikrant Massey"
zoRCW6p-_qA,Netflix India
lt_bDfnXKGM,Haseen Dillruba
lt_bDfnXKGM,Official Trailer
lt_bDfnXKGM,"Taapsee Pannu, Vikrant Massey, Harshvardhan Rane"
lt_bDfnXKGM,Netflix India
6dyZxnc93yM,Huma Qureshi'S Army Of The Dead Scene Breakdown
6dyZxnc93yM,Netflix India
VP5WVyB8z-g,Bheem Eats Spicy Chillies
VP5WVyB8z-g,Mighty Little Bheem
VP5WVyB8z-g,Netflix India
39o51PrSftg,Bhaago Funny Scene
39o51PrSftg,"Shahrukh Khan, Deepika Padukone"
39o51PrSftg,Om Shanti Om
39o51PrSftg,Netflix India
QiqHvUul4wc,"The Best Life Advice Ft. Shahrukh Khan, Ranbir Kapoor, Bojack & More"
QiqHvUul4wc,Netflix India
6CZz03aNaDk,"The Umbrella Academy, Cowboy Bebop & More!"
6CZz03aNaDk,Geeked Week
6CZz03aNaDk,Netflix India
ELBWEmPmk-8,"Craziest Fan Stories Ft. @Mythpat, @Suhanishah & @Pulkitkocharofficial"
ELBWEmPmk-8,Netflix India
P0P_Sfju0-Q,Ray
P0P_Sfju0-Q,Official Trailer
P0P_Sfju0-Q,"Manoj Bajpayee, Ali Fazal, Kay Kay Menon & Harshvarrdhan Kapoor"
o_htHbSvipo,Haseen Dillruba
o_htHbSvipo,Official Teaser
o_htHbSvipo,"Taapsee Pannu, Vikrant Massey, Harshvardhan Rane"
o_htHbSvipo,Netflix India
J_Hz5c0_3Jo,"Best Bollywood One-Liners Ft. Shahrukh, Paresh, Kareena, Akshay, Kajol & More"
J_Hz5c0_3Jo,Netflix India
IxlfZxKzXdU,Little Singham Fights With A Joker
IxlfZxKzXdU,Little Singham Future Mein Satakli
IxlfZxKzXdU,Netflix India
VB76gS_9YZI,Jagame Thandhiram
VB76gS_9YZI,Hindi Trailer
VB76gS_9YZI,"Dhanush, Aishwarya Lekshmi"
VB76gS_9YZI,Karthik Subbaraj
VB76gS_9YZI,Netflix India
xJPOpiM8-jI,When You Can'T Find Your Tv Remote Ft. @Angryprashreal
xJPOpiM8-jI,Netflix India
1BobSUUyMM8,"Craziest Family Stories Ft. @Suhanishah, @Pulkitkocharofficial And Gm@Abish"
1BobSUUyMM8,Netflix India
u0WoKTJ6Clo,Geeked Week
u0WoKTJ6Clo,Official Teaser
u0WoKTJ6Clo,Coming June 7Th - 11Th
u0WoKTJ6Clo,Netflix
q1A8lNBlBOA,Jamie Lorente Raps At A Party
q1A8lNBlBOA,Elite
q1A8lNBlBOA,Netflix India
ozin0XcMpx4,@Tanmaybhat Reacts To The Jagame Thandhiram Trailer Ft. @Aravindsa & Vineeth Kumar
ozin0XcMpx4,Netflix India
0CY4qqkoxjE,Proof That Opposites Attract
0CY4qqkoxjE,"Kareena, Shahid, Ranbir, Konkona & More!"
0CY4qqkoxjE,Netflix India
LIeTJpCgZgw,Jagame Thandhiram
LIeTJpCgZgw,Kannada Trailer
LIeTJpCgZgw,"Dhanush, Aishwarya Lekshmi"
LIeTJpCgZgw,Karthik Subbaraj
LIeTJpCgZgw,Netflix India
Nuo-MF6oKbM,Jagame Thandhiram
Nuo-MF6oKbM,Malayalam Trailer
Nuo-MF6oKbM,"Dhanush, Aishwarya Lekshmi"
Nuo-MF6oKbM,Karthik Subbaraj
Nuo-MF6oKbM,Netflix India
V3io7zm-Its,Jagame Thandhiram
V3io7zm-Its,Telugu Trailer
V3io7zm-Its,"Dhanush, Aishwarya Lekshmi"
V3io7zm-Its,Karthik Subbaraj
V3io7zm-Its,Netflix India
2OtgYcd83Qg,Jagame Thandhiram
2OtgYcd83Qg,Trailer
2OtgYcd83Qg,"Dhanush, Aishwarya Lekshmi"
2OtgYcd83Qg,Karthik Subbaraj
2OtgYcd83Qg,Netflix India
Ms6ciEYQTlk,Dad Explains Thirst Tweets Ft. @Aishmrj
Ms6ciEYQTlk,Lucifer
Ms6ciEYQTlk,Netflix India
gZj4GPFI2RI,A Graffiti Tribute To Dhanush
gZj4GPFI2RI,Nme Graffiti
gZj4GPFI2RI,Jagame Thandhiram
gZj4GPFI2RI,Netflix India
J7D_IYtEClI,If 3 Idiots & Munna Bhai Mbbs Had A Crossover
J7D_IYtEClI,"Aamir Khan, Sanjay Dutt, Boman Irani"
J7D_IYtEClI,Netflix India
MD6kjiMfk2M,Bheem Chases A Flower
MD6kjiMfk2M,Mighty Little Bheem
MD6kjiMfk2M,Netflix India
e2GGoqKQsv8,Mammootty Goes For An Auto Rickshaw Ride
e2GGoqKQsv8,One
e2GGoqKQsv8,Malayalam Film
e2GGoqKQsv8,Netflix India
HqbmVybKhUY,The Disciple
HqbmVybKhUY,Inside Look
HqbmVybKhUY,"Chaitanya Tamhane, Alfonso Cuarn & Vivek Gomber"
HqbmVybKhUY,Netflix India
QIuiV3Dc4H4,"Embarrassing Trip Stories Ft. Suhani, Pulkit And Rider Op"
QIuiV3Dc4H4,Netflix India
4W5ocAI2O3k,Ray
4W5ocAI2O3k,Official Teaser
4W5ocAI2O3k,"Manoj Bajpayee, Ali Fazal, Kay Kay Menon & Harshvarrdhan Kapoor"
rEZnPJsSBXw,Who'S The Biggest Friends Fan?
rEZnPJsSBXw,"Tanmay, Srishti, Ayush, Ahsaas, Yashaswini, Dolly & More!"
TxzorsKQbNY,@Ashishchanchlanivines Helps Arjun Kapoor
TxzorsKQbNY,Sardar Ka Grandson
TxzorsKQbNY,Netflix India
FJccmXd9A-A,The Ultimate Friends Recap
FJccmXd9A-A,All Seasons
FJccmXd9A-A,Netflix India
BSICKwSHopo,The Cutest Soul Sister Moments
BSICKwSHopo,"Stranger Things, Dear Zindagi, Friends & More"
BSICKwSHopo,Netflix India
QLMnCRjZe4A,"Stupidest Life Decisions Ft. Suhani, Pulkit And Rohan"
QLMnCRjZe4A,Netflix India
Vs0nH_Qj84U,Professor Adjusting His Glasses For 30 Seconds
Vs0nH_Qj84U,Money Heist
Vs0nH_Qj84U,La Casa De Papel
Vs0nH_Qj84U,Netflix India
3I5GLn2Rm9I,10 Steps To Make Your Own Film
3I5GLn2Rm9I,Cinema Bandi
3I5GLn2Rm9I,Raj & Dk
3I5GLn2Rm9I,Praveen Kandregula
3I5GLn2Rm9I,Netflix India
PPtVwZxdDc8,Money Heist: Part 5
PPtVwZxdDc8,Date Announcement
PPtVwZxdDc8,Netflix India
M86KtHQi-aI,99 Songs: The Challenge
M86KtHQi-aI,A.R. Rahman
M86KtHQi-aI,Tamil Film
M86KtHQi-aI,"Ehan Bhat, Edilsy Vargas"
M86KtHQi-aI,Netflix India
5pLhmE8z5cw,Life After Iit Ft. @Flyingbeast320
5pLhmE8z5cw,Alma Matters
5pLhmE8z5cw,Netflix India
desbTbgo-18,If Yeh Jawaani Hai Deewani Was Reversed
desbTbgo-18,"Ranbir Kapoor, Deepika Padukone"
desbTbgo-18,Netflix India
9QQ503AqaaM,?
9QQ503AqaaM,Army Of The Dead
9QQ503AqaaM,Hindi Dub
9QQ503AqaaM,"Dave Bautista, Zack Synder"
9QQ503AqaaM,Netflix India
w0UWP19q6-k,"Crazy Rejection Stories Ft. Suhani, Pulkit And Viraj"
w0UWP19q6-k,Netflix India
6MZb0KOqbAo,Nayattu
6MZb0KOqbAo,Official Trailer
6MZb0KOqbAo,Malayalam Film
6MZb0KOqbAo,"Kunchacko Boban, Joju George, Nimisha Sajayan"
xYTmzBYvWGY,"Tanmay Bhat Reacts To Engineering Life Ft. Prashasti, Vipul & Biswapati"
xYTmzBYvWGY,Alma Matters
ob_gOD8fKHs,Bheem Cant Stop Dancing
ob_gOD8fKHs,Mighty Little Bheem
ob_gOD8fKHs,Netflix India
WwjwFQK4s7w,Nayattu Police Station Escape Scene
WwjwFQK4s7w,"Kunchacko Boban, Joju George, Nimisha Sajayan"
WwjwFQK4s7w,Netflix India
-3UIZsN801I,"Juicy Gossip Stories Ft. Suhani, Pulkit And Samay"
-3UIZsN801I,Netflix India
I00NGl0iwPU,Breaking News Ft. Arjun Kapoor & Rakul Preet Singh
I00NGl0iwPU,Sardar Ka Grandson
I00NGl0iwPU,Netflix India
5hj2LSsqcAM,Jab We Met First & Last Dialogues
5hj2LSsqcAM,"Kareena Kapoor Khan, Shahid Kapoor & More"
5hj2LSsqcAM,Netflix India
pn6PPv_Y6Mc,The One Where Chandler Tries A Bubble Bath
pn6PPv_Y6Mc,Friends
pn6PPv_Y6Mc,Netflix India
rffa_XSXV9o,Signs That Your Dadi Is Your Best Friend Ft. Neena Gupta
rffa_XSXV9o,Sardar Ka Grandson
rffa_XSXV9o,Netflix India
hLnC5MKFPfk,Vicky Kaushals Purest Moments
hLnC5MKFPfk,"Lust Stories, Love Per Square Foot"
hLnC5MKFPfk,Netflix India
hqno_-kuLFw,Arjun Kapoor As Amreek
hqno_-kuLFw,Sardar Ka Grandson
hqno_-kuLFw,Netflix India
nlsc4Kof1js,Skater Girl
nlsc4Kof1js,Official Trailer
nlsc4Kof1js,Netflix India
mW7rRsf4y00,"Horror Hour Ft. Suhani, Pulkit And Apoorva"
mW7rRsf4y00,Netflix India
HK5wsi6g3qM,Jugaad Filmmaking At Home
HK5wsi6g3qM,Cinema Bandi
HK5wsi6g3qM,Raj & Dk
HK5wsi6g3qM,Netflix India
HM-_O37YA3I,Signs You Are An Engineering Student
HM-_O37YA3I,"Sacred Games, Jab We Met, Etc."
HM-_O37YA3I,Netflix India
iS5vAVKvyds,Neena Gupta As The Savage Daadi
iS5vAVKvyds,Sardar Ka Grandson
iS5vAVKvyds,Netflix India
07fyCP1gRPM,Kya Gunda Banega Re Tu
07fyCP1gRPM,Phir Hera Pheri Comedy Scene
07fyCP1gRPM,Netflix India
h5tKEHg5_do,"Best School Memories Ft. Suhani, Pulkit And Ankush"
h5tKEHg5_do,Netflix India
1psYdtuIZHE,Iconic Cameos In Bollywood
1psYdtuIZHE,"Shahrukh Khan, Tabu, Ranbir Kapoor, Aamir Khan & More"
1psYdtuIZHE,Netflix India
a_1-qQoPHes,"Milestone Scene Breakdown Ft. Ivan Ayr, Survinder Vicky, Lakshvir Saran"
a_1-qQoPHes,Milestone
a_1-qQoPHes,Netflix India
RPmNgpY_5TQ,Aditi Rao Hydari & Konkona Become Best Friends
RPmNgpY_5TQ,Ajeeb Dastaans
RPmNgpY_5TQ,Netflix India
mDcE9A7N9gc,Types Of Iit-Ians
mDcE9A7N9gc,Alma Matters: Inside The Iit Dream
mDcE9A7N9gc,Netflix India
MXKubuezJb4,Things Moms Say Vs What Moms Mean
MXKubuezJb4,"Kajol, Neena Gupta, Ratna Pathak Shah & More"
MXKubuezJb4,Netflix India
mSrjAprANMY,Shahrukh & Alia Sing Together
mSrjAprANMY,Musical Kursi
mSrjAprANMY,Dear Zindagi
mSrjAprANMY,Netflix India
ovBhe_we5CM,"Anti-Heroes We Secretly Love Ft. Shahrukh Khan, Pankaj Tripathi, Tabu & More"
ovBhe_we5CM,Netflix India
MixfE6OHMRA,Motu Ne Khaaye Italy Mein Samose!
MixfE6OHMRA,Motu Patlu In The Game Of Zones
MixfE6OHMRA,Netflix India
KqmKZOPqfIY,@Tanmaybhat Reacts To Lava Ka Dhaava Ft. Jaaved Jaaferi
KqmKZOPqfIY,Netflix India
Kqd0u8liEMg,Professor Shows You How To Play Something
Kqd0u8liEMg,Money Heist
Kqd0u8liEMg,La Casa De Papel
Kqd0u8liEMg,Netflix India
KXxbNKB2yBo,Paresh Rawal Threatens Akshay Kumar??
KXxbNKB2yBo,Comedy Scene
KXxbNKB2yBo,Awara Paagal Deewana
KXxbNKB2yBo,Netflix India
jDPY8IiLQo0,"5 Signs That Someone Loves You Ft. Rajkummar Rao, Aditi Rao Hydari & More"
jDPY8IiLQo0,Netflix India
SmX_4LmPyu8,"Most Embarrassing Relationship Stories! Ft Suhani Shah, Pulkit Kochar & Aishwarya Mohanraj"
T6GFMZSRfUQ,"Self Discovery In The Disciple, Swades, Tamasha, Dear Zindagi & More"
T6GFMZSRfUQ,Video Essay
T6GFMZSRfUQ,Netflix India
6EhcnzyxORk,"Hugs Straight From Dhruv, Mithila, Joey, Chandler, Rohit & More"
6EhcnzyxORk,Netflix India
7ilLlfLlv6U,"Ajeeb Tongue Twisters Ft. Aditi Rao Hydari, Nushrratt Bharuccha & More"
7ilLlfLlv6U,Ajeeb Daastaans
Cb3wCFsLWsQ,Ranbir Kapoor Asks For A Retake
Cb3wCFsLWsQ,See You Soon
Cb3wCFsLWsQ,Netflix India
nv1dwABmY04,"Shaayars Of Bollywood Ft. Shahrukh, Kajol, Ranbir, Deepika & More"
nv1dwABmY04,Netflix India
jbs5Z7wGAfU,Tovino Thomas Talks About Mammootty
jbs5Z7wGAfU,Money Vs Family
jbs5Z7wGAfU,Kilometers And Kilometers
jbs5Z7wGAfU,Netflix India
5xtyTjFx72Y,Paani Mein Aag
5xtyTjFx72Y,Music Video
5xtyTjFx72Y,"Fatima, Jaideep & Armaan"
5xtyTjFx72Y,Majnu - Ajeeb Daastaans
5xtyTjFx72Y,Netflix India
ZAkW7JEHROw,Behensplaining
ZAkW7JEHROw,Kusha Kapila & Dolly Singh Review Kal Ho Naa Ho
ZAkW7JEHROw,Netflix India
vRzgLJMP4zc,Cinema Bandi
vRzgLJMP4zc,Official Trailer
vRzgLJMP4zc,Telugu Film
vRzgLJMP4zc,Raj & Dk
vRzgLJMP4zc,Praveen Kandregula
vRzgLJMP4zc,Netflix India
GfCI5gQLiHs,Ranbir Kapoor'S Mic Drop Moment
GfCI5gQLiHs,See You Soon
GfCI5gQLiHs,Netflix India
NaldohJ8_js,Rajpal Yadav Ko Sab Aata Hai??
NaldohJ8_js,Comedy Scene
NaldohJ8_js,Chup Chup Ke
NaldohJ8_js,Netflix India
ve_z2YZKHgQ,Can @Mythpat Surprise His Ajji?
ve_z2YZKHgQ,Netflix India
ViPlWLRrCYk,"Wild Dog Action Scenes Ft. Nagarjuna, Saiyami Kher & More"
ViPlWLRrCYk,Netflix India
Nqv_l4AqMmw,"Summer Movie Preview Ft. Dhanush, Elle Evans, Zack Snyder, Jason Momoa & More"
Nqv_l4AqMmw,Netflix India
iI8DdTum7AI,Prateek Kuhad - Kuch Na Kaho
iI8DdTum7AI,"Manav Kaul, Shefali Shah & More"
iI8DdTum7AI,Ankahi - Ajeeb Daastaans
kjN8cHOMhc0,Aamir Khan'S Last Ball Six
kjN8cHOMhc0,Lagaan Ending Scene
kjN8cHOMhc0,Netflix India
p8Qg3oI4CzY,Ma Anand Sheela'S Most Savage Comebacks!
p8Qg3oI4CzY,Searching For Sheela
p8Qg3oI4CzY,Netflix India
16LeYrcPcAw,Ranbir Kapoor'S Best Shot?
16LeYrcPcAw,See You Soon
16LeYrcPcAw,Netflix India
m3OjRzBA4Ss,Lava Ka Dhaava
m3OjRzBA4Ss,Official Trailer
m3OjRzBA4Ss,Jaaved Jaaferi
m3OjRzBA4Ss,Netflix India
Qo8elNtgPkQ,5 Ways To Style A Leather Jacket Ft. Tenzing Wang
Qo8elNtgPkQ,Brooklyn 99
Qo8elNtgPkQ,Netflix India
fG9GyEjPq2A,Alma Matters: Inside The Iit Dream
fG9GyEjPq2A,Official Trailer
fG9GyEjPq2A,Netflix India
1lAYKkZpxjY,Behensplaining
1lAYKkZpxjY,Kusha Kapila & Srishti Dixit Review Bluffmaster!
1lAYKkZpxjY,Netflix India
aDoYqRR1EgM,Imran Khan Proposes To Genelia Dsouza
aDoYqRR1EgM,Airport Scene
aDoYqRR1EgM,Jaane Tu Ya Jaane Na
aDoYqRR1EgM,Netflix India
gvjrzQHjlfU,"Types Of Best Friends Ft. Shahrukh, Prajakta, Chandler, Joey & More"
gvjrzQHjlfU,Netflix India
H4QnlZRcNYY,Action Breakdown Ft. Nagarjuna Akkineni & Saiyami Kher
H4QnlZRcNYY,Wild Dog
H4QnlZRcNYY,Netflix India
o8WW37KxfPU,Sardar Ka Grandson
o8WW37KxfPU,Official Trailer
o8WW37KxfPU,"Arjun Kapoor, Neena Gupta, Rakul Preet Singh & Many More"
__Hkf2GYUO8,"Incoming: Arjun Kapoor, Neena Gupta, Rakul Preet Singh & More!"
__Hkf2GYUO8,Sardar Ka Grandson
__Hkf2GYUO8,Netflix India
NnX1LhKanXI,Bheem Loves Eating Carrots
NnX1LhKanXI,Mighty Little Bheem
NnX1LhKanXI,Netflix India
IXNPzmT_eiA,Bolo Kitne Teetar?
IXNPzmT_eiA,Kanan Gill Stand-Up Comedy
IXNPzmT_eiA,Netflix India
j-573_ooGOc,Ma Anand Sheela Reveals Her Story
j-573_ooGOc,Searching For Sheela
j-573_ooGOc,Netflix India
T6i672KAKoI,"Aditi Rao Hydari, Nushrratt Bharuccha And Fatima Sana Shaikh React To Ajeeb Dms"
T6i672KAKoI,Netflix India
hsKzztFbmmM,"How They Met Each Other Ft. Shahrukh, Kajol, Rohit, Prajakta & More"
hsKzztFbmmM,Netflix India
Ac_aOH-kvXg,"Behind These Ajeeb Scenes Ft. Konkona Sen Sharma, Fatima Sana Shaikh, Shefali Shah & More"
my0--21-3VE,Lichi & Pepe Romantic Scene
my0--21-3VE,Angamaly Diaries
my0--21-3VE,"Antony Varghese, Anna Reshma Rajan"
my0--21-3VE,Malayalam Film
qp0eCBKFiTA,Aditi Rao Hydari Tries The Most Ajeeb Food Combinations
qp0eCBKFiTA,Menu Please
qp0eCBKFiTA,Ajeeb Daastaans
P0BEpHYsHXE,Munna Gives Jaadu Ki Jhappi To Maqsood Bhai
P0BEpHYsHXE,Sanjay Dutt
P0BEpHYsHXE,Munna Bhai M.B.B.S.
P0BEpHYsHXE,Netflix India
krnZcS1y6EU,Jaideep Ahlawat And Fatima Sana Shaikh Warn You About Spoilers
krnZcS1y6EU,Ajeeb Daastaans
krnZcS1y6EU,Netflix India
T6de4MKL-yc,"Behensplaining Stereotypes Ft. Srishti, Mithila, Neena, Masaba, Rasika & Sayani"
T6de4MKL-yc,Netflix India
DX6OkeyzR_M,"The Most Ajeeb Stories Ft. Jaideep Ahlawat, Shefali Shah & More"
DX6OkeyzR_M,Ajeeb Daastaans
DX6OkeyzR_M,Netflix India
a1tPaZyq8pk,@Tanmaybhat Reacts To Race 2 Ft. Aishwarya Mohanraj
a1tPaZyq8pk,Part 2
a1tPaZyq8pk,Netflix India
j_RE9JT20oc,Bheem Chases The Green Ball
j_RE9JT20oc,Mighty Little Bheem
j_RE9JT20oc,Netflix India
yRW_sd4lJak,Funniest Anime Moments
yRW_sd4lJak,"Death Note, One Punch Man, Fullmetal Alchemist: Brotherhood"
yRW_sd4lJak,Netflix India
sCG7fcl9Pbo,Aamir Khan'S Life Advice
sCG7fcl9Pbo,"Kamyab Nahi, Kabil Bano"
sCG7fcl9Pbo,3 Idiots
sCG7fcl9Pbo,Netflix India
P4bVhmwbRdE,Vijay Sethupathi'S Badass Entry
P4bVhmwbRdE,Uppena
P4bVhmwbRdE,Telugu Film
P4bVhmwbRdE,Netflix India
HHJkUQGm2H8,Army Of The Dead
HHJkUQGm2H8,Zack Snyder
HHJkUQGm2H8,Hindi Trailer
HHJkUQGm2H8,Netflix India
xlAK0bPSnKY,@Bbkivines
xlAK0bPSnKY,Final Revision With Babloo Ji
xlAK0bPSnKY,Netflix India
9wN_Bj5X3Jk,Roohi And Stree Funniest Scenes
9wN_Bj5X3Jk,"Rajkummar Rao, Janhvi Kapoor & Varun Sharma"
9wN_Bj5X3Jk,Netflix India
uZL-o5zhOjY,Ajith Ah? Nesamani Ah?
uZL-o5zhOjY,Yogi Babu Picks His Name
uZL-o5zhOjY,Mandela
uZL-o5zhOjY,Tamil Film
uZL-o5zhOjY,Netflix India
9LGrzIRR6Hc,Searching For Sheela
9LGrzIRR6Hc,Official Trailer
9LGrzIRR6Hc,Ma Anand Sheela
9LGrzIRR6Hc,Netflix India
p-39yaYS2Qw,Who Is The Ultimate Malayali?
p-39yaYS2Qw,"Priya Varrier, @Thesharannair & Prapti Elizabeth"
p-39yaYS2Qw,Netflix India
UF9DYwqMANw,Tabu'S Acting Will Blow You Away
UF9DYwqMANw,"Andhadhun, Haider, Drishyam, Fitoor & More!"
UF9DYwqMANw,Netflix India
lla_Yzp6G-Q,"Qala Ft. Tripti Dimri, Babil I Khan, Swastika Mukherjee"
lla_Yzp6G-Q,Announcement
lla_Yzp6G-Q,Netflix India
RSVWfPajqq4,Just Sibling Things
RSVWfPajqq4,"Shahrukh, Hrithik, Priyanka, Ranveer, Rohit & More"
RSVWfPajqq4,Netflix India
K92P55w6Yjc,Sima Aunty & Panditji Read Couple'S Faces
K92P55w6Yjc,Netflix India
urCkA9RQfNs,Janhvi Kapoor Panic Calls Rajkummar Rao
urCkA9RQfNs,Netflix India
rDo1PEMOTDw,Behensplaining
rDo1PEMOTDw,Srishti Dixit & Dolly Singh Review Zero
rDo1PEMOTDw,Netflix India
UXUrO8Tn2Tg,Milestone
UXUrO8Tn2Tg,Official Trailer
UXUrO8Tn2Tg,"Ivan Ayr, Suvinder Vicky, Lakshvir Saran"
UXUrO8Tn2Tg,Netflix India
9CeGimSJSoo,@Slayypointofficial'S Ultimate Laughter Challenge
9CeGimSJSoo,Gautami Vs Abhyudaya
9CeGimSJSoo,Now Memeing
9CeGimSJSoo,Netflix India
CMCb85DMsq0,@Tanmaybhat Reacts To Race 2 Ft. Aishwarya Mohanraj
CMCb85DMsq0,Part 1
CMCb85DMsq0,Netflix India
huBA9ncumek,Ayushmann Khurrana'S Best Moments
huBA9ncumek,"Andhadhun, Article 15, Bareilly Ki Barfi"
huBA9ncumek,Netflix India
G_qCyWmR7nM,Behind The Scenes With Sanya Malhotra
G_qCyWmR7nM,Pagglait
G_qCyWmR7nM,Netflix India
jf4DLxYcFmY,"Fahadh Faasil, Soubin Shahir & Darshana Rajendran Discuss A Crime Novel"
jf4DLxYcFmY,Irul
jf4DLxYcFmY,Long Take
5-0uxzFc-_0,Get The 90'S Look With Tenzing
5-0uxzFc-_0,"Kajol, Madhuri, Salman, Tabu & More"
5-0uxzFc-_0,Netflix India
y76X-b4_Q98,"The Best Fried Food In Kerala Ft. Soubin Shahir, Darshana Rajendran & Sharan Nair"
y76X-b4_Q98,Menu Please
OER5OC7UENQ,Ripper - The Wanted Killer Ft. @Karikku_Fresh
OER5OC7UENQ,Irul
OER5OC7UENQ,Netflix India
oSvz2l_HMIA,"Behensplaining Grief Ft. Sanya Malhotra, Prashasti Singh, @Kushakapila5643 & @Dollysinghofficial"
EImTzMiVdzo,Ajeeb Daastaans
EImTzMiVdzo,Official Trailer
EImTzMiVdzo,Netflix India
wO14pgLRbbI,The Funniest Pranks Ever
wO14pgLRbbI,"Phir Hera Pheri, Friends, Welcome, Stranger Things & More"
wO14pgLRbbI,Netflix India
IQt-DyX1mtA,"Types Of People On April Fool'S Day Ft. @Hisaimansays, @Sumukhisuresh, Srishti Dixit And Many More!"
064tApJqZTs,"Crying Lessons Ft. Sanya Malhotra, Sumukhi Suresh & Kumar Varun L Pagglait"
064tApJqZTs,Netflix India
eJPAd72e8k4,The Big Day: Collection 2
eJPAd72e8k4,Official Trailer
eJPAd72e8k4,Netflix India
WsjRWM0EhvM,Aamir Khan Proves He Can Read People'S Minds
WsjRWM0EhvM,Anushka Sharma
WsjRWM0EhvM,Pk
WsjRWM0EhvM,Netflix India
dbtG_OfKiIs,Shadow And Bone
dbtG_OfKiIs,Hindi Trailer
dbtG_OfKiIs,Netflix India
XvGuvEsRwf0,The Disciple
XvGuvEsRwf0,Official Trailer
XvGuvEsRwf0,"Aditya Modak, Chaitanya Tamhane"
XvGuvEsRwf0,Marathi Film
XvGuvEsRwf0,Netflix India
iqihTaHblzM,Will One Punch Man Pass The Ultimate Hero Test?
iqihTaHblzM,Netflix India
BkXjfKCPuYo,Pooja Bhatt'S First Experiences
BkXjfKCPuYo,Bombay Begums
BkXjfKCPuYo,Netflix India
M79fkBYGIAA,7 Steps To Ace Your Exams
M79fkBYGIAA,"Lakshya, Dangal, Gunjan Saxena, Secret Superstar & More"
M79fkBYGIAA,Netflix India
GyJ5GDuV0p0,Holi: Then Vs. Now
GyJ5GDuV0p0,@Captainnick
GyJ5GDuV0p0,Netflix India
DGF4FjX1nrc,Thalapathy Vijay Mass Airport Scene
DGF4FjX1nrc,Mersal
DGF4FjX1nrc,Tamil Film
DGF4FjX1nrc,Netflix India
meHsujqGNNs,Send This To Your Best Friend
meHsujqGNNs,"Yjhd, Sacred Games, Znmd, Chillar Party & More"
meHsujqGNNs,Netflix India
H0ElOyZjeQA,Nana Patekars Funniest Scene
H0ElOyZjeQA,Aloo Le Lo
H0ElOyZjeQA,"Akshay Kumar, Katrina Kaif"
H0ElOyZjeQA,Welcome
y_lYNL2jN78,Behensplaining
y_lYNL2jN78,"Srishti Dixit, Kusha Kapila & Dolly Singh Review Hum Saath Saath Hai"
5AhPxcS0ELQ,Sanya Malhotra'S Savage Replies To Desi Aunty
5AhPxcS0ELQ,Prashasti Singh
5AhPxcS0ELQ,Pagglait
5AhPxcS0ELQ,Netflix India
OeQhJNbZw1o,Neena Gupta Celebrates Her Own Birthday
OeQhJNbZw1o,Zindagi In Short
OeQhJNbZw1o,Netflix India
1Fm2Yq52tBc,Behensplaining Revamped
1Fm2Yq52tBc,"Kusha, Srishti, Dolly, Yashaswini, Niharika & Trinetra"
1Fm2Yq52tBc,Netflix India
4VpYOMHouHg,When Don Meets Mona Darling
4VpYOMHouHg,"Deepika Padukone, Ranbir Kapoor"
4VpYOMHouHg,Tamasha
4VpYOMHouHg,Netflix India
Bx2fQmNhMXE,How K-Drama Couples Met For The First Time
Bx2fQmNhMXE,Netflix India
RAjuQG_NoKI,Signs That Nawazuddin Siddiqui Is Your Best Friend
RAjuQG_NoKI,Nawazuddin Siddiqui
RAjuQG_NoKI,Netflix India
rYxtIHE3fTA,Akshay Kumar Goes To Buy Sanitary Pad
rYxtIHE3fTA,Radhika Apte
rYxtIHE3fTA,Pad Man
rYxtIHE3fTA,Netflix India
V1ZETByLaVs,"The Most Awkward Moments Ft. Kareena, Kajol, Aamir, Abhay, Paresh & More"
V1ZETByLaVs,Netflix India
gWPd_2v_WG8,Farhan Akhtar Can Do Anything
gWPd_2v_WG8,"Znmd, Rock On!!, Don & More"
gWPd_2v_WG8,Netflix India
Gh_QczV3s-0,Proof That Dhruv Sehgal Is The Cutest Boyfriend
Gh_QczV3s-0,Little Things
Gh_QczV3s-0,Mithila Palkar
Gh_QczV3s-0,Netflix India
YQOzHqFjDHE,"Diamond Biscuit Ft. Hrithik Roshan, Farhan Akhtar, Abhay Deol"
YQOzHqFjDHE,Zindagi Na Milegi Dobara
08N5HquFZj4,The Cutest Dogs
08N5HquFZj4,"Dil Dhadakne Do, Hum Aapke Hain Koun, Ludo & More!"
08N5HquFZj4,Netflix India
b1AIAyzeT7I,The Saddest Scene In Fullmetal Alchemist: Brotherhood
b1AIAyzeT7I,Nina & Alexander
b1AIAyzeT7I,Netflix India
yYQq2sjG2AA,Things Everyone Should Stop Telling Parsis
yYQq2sjG2AA,Netflix India
63AZw9muiSU,Shahrukh Khan Gives The Best Relationship Advice To Alia Bhatt
63AZw9muiSU,Dear Zindagi
63AZw9muiSU,Netflix India
Y6nPrGlcBOI,True Or Trash Ft. Rahul Bose & Vivek Gomber
Y6nPrGlcBOI,Bombay Begums
Y6nPrGlcBOI,Netflix India
YvNWf-OGKGo,Mighty Little Bheem Is The Strongest!
YvNWf-OGKGo,Netflix India
AfyrolOl5Nc,Chota Chattri Comedy Scene
AfyrolOl5Nc,Paresh Rawal Vs Johnny Lever
AfyrolOl5Nc,Awara Paagal Deewana
AfyrolOl5Nc,Netflix India
ppfdABKcIgQ,Behensplaining
ppfdABKcIgQ,Srishti Dixit & Yashaswini Dayama Review Wake Up Sid
ppfdABKcIgQ,Netflix India
5UvwKLHB66A,Ajeeb Daastaans
5UvwKLHB66A,Official Teaser
5UvwKLHB66A,Netflix India
mEaWT4OIF2Y,Butter Knife Scene
mEaWT4OIF2Y,Ranveer & Anil Stand Up For Priyanka
mEaWT4OIF2Y,Dil Dhadakne Do
mEaWT4OIF2Y,Netflix India
eMC5-3DtTfU,Advice To My Younger Self
eMC5-3DtTfU,Bombay Begums
eMC5-3DtTfU,"Pooja Bhatt, Shahana Goswami, Amruta Subhash & More"
SKWS17crnDI,Irul
SKWS17crnDI,Official Trailer
SKWS17crnDI,"Fahadh Faasil, Soubin Shahir, Darshana Rajendran"
SKWS17crnDI,Malayalam Film
fOcZ9_SbhFw,@Pothineniram'S Romantic Proposal
fOcZ9_SbhFw,Red
fOcZ9_SbhFw,Malvika Sharma
fOcZ9_SbhFw,Netflix India
w3d0AzDJ9hE,The Ultimate Money Heist Debate
w3d0AzDJ9hE,Ankush Bahuguna & Vishnu Kaushal
w3d0AzDJ9hE,Netflix India
Q2rLPNoTOTU,Every Curse In Sacred Games Replaced With A Meow
Q2rLPNoTOTU,"Nawazuddin Siddiqui, Pankaj Tripathi & More"
ea_I4uMiz3o,Pooja Bhatt Answers Frequently Asked Questions
ea_I4uMiz3o,Bombay Begums
ea_I4uMiz3o,Netflix India
0xVqPbvLzX4,Pagglait
0xVqPbvLzX4,Official Trailer
0xVqPbvLzX4,"Sanya Malhotra, Sayani Gupta & Ashutosh Rana"
heRQpkIytd4,What Is Love?
heRQpkIytd4,"Shahrukh, Prajakta, Ranbir, Deepika, Priyanka & More"
heRQpkIytd4,Netflix India
v3AyExR1jGc,Why Girl Best Friends Are The Best
v3AyExR1jGc,"Anushka Kaushik, Revathi Pillai"
v3AyExR1jGc,Netflix India
Owmd0-PGN9k,"The Bombay Begums Roundtable Ft. Srishti Dixit, Pooja Bhatt, Shahana Goswami & More"
Owmd0-PGN9k,Netflix India
o9XRnbkm1To,The Bombay Begums Jukebox
o9XRnbkm1To,All Songs
o9XRnbkm1To,Netflix India
gTyXQwIl7cs,Farhan Akhtar Singing At Navratri Utsav
gTyXQwIl7cs,Rock On!! Funny Scene
gTyXQwIl7cs,Netflix India
oqdTVsGkJTU,Care Of Kaadhal
oqdTVsGkJTU,Official Trailer
oqdTVsGkJTU,"Karthik Rathnam, Mumtaz Sorcar"
oqdTVsGkJTU,Tamil Film
oqdTVsGkJTU,Netflix India
sr68DnGXhBo,Vicky Kaushal And Shweta Tripathis First Date
sr68DnGXhBo,Masaan
sr68DnGXhBo,Netflix India
R14IZ9pFruo,Top 7 Reasons Why Abhishek Bachchan Is The Coolest
R14IZ9pFruo,"Ludo, Bluffmaster!, Guru"
R14IZ9pFruo,Netflix India
fSK4aMXL0-o,Should You Watch Anime? Ft. @Triggeredinsaan
fSK4aMXL0-o,Triggered Kahaaniyaan
fSK4aMXL0-o,Netflix India
J5b1VBxqTk0,Is Rajkummar Rao'S Girlfriend A Ghost?
J5b1VBxqTk0,Shraddha Kapoor
J5b1VBxqTk0,Stree
J5b1VBxqTk0,Netflix India
GnBKxCxzZPQ,Karthik Rathnam'S Boss Gives The Best Advice
GnBKxCxzZPQ,Care Of Kancharapalem
GnBKxCxzZPQ,Netflix India
B2V3BpuReZA,If Your Love Story Was A K-Drama Ft. Aisha Ahmed & Ayush Mehra
B2V3BpuReZA,Netflix India
FzwhKDZngfk,Hrithik Roshan'S Training Gone Wrong
FzwhKDZngfk,Lakshya
FzwhKDZngfk,Netflix India
oV9N86cxtoY,Why Tamasha & Yeh Jawaani Hai Deewani Are The Same Film
oV9N86cxtoY,"Deepika Padukone, Ranbir Kapoor"
L7Ooha8TESg,Beginners Smokey Eyes Tutorial By Parineeti Chopra
L7Ooha8TESg,The Girl On The Train
L7Ooha8TESg,Netflix India
Weh_Ms5DhzU,Female Characters That Stole The Show
Weh_Ms5DhzU,"Kareena Kapoor Khan, Alia Bhatt, Anushka Sharma & More!"
DNjduO5gIKE,Aelay
DNjduO5gIKE,Official Trailer
DNjduO5gIKE,"Samuthirakani, M. Manikandan & Madhumathi"
DNjduO5gIKE,Tamil Film
DNjduO5gIKE,Netflix India
uDugRIcr2p0,"Women Who Inspire Us Everyday Ft. Priyanka Chopra Jonas, Kajol, Katrina Kaif & More"
uDugRIcr2p0,Netflix India
RWCp5ULagZU,A Day In The Life Of Baburao Ft. @Mythpat
RWCp5ULagZU,Netflix India
bPbAMzrjwoI,The Best Andhra Food Ft. Eesha Rebba
bPbAMzrjwoI,Menu Please
bPbAMzrjwoI,Pitta Kathalu
bPbAMzrjwoI,Netflix India
s0IA4_aMRAg,Rajkummar Rao Passes Ayushmann Khurranas Test
s0IA4_aMRAg,Bareilly Ki Barfi Comedy Scene
s0IA4_aMRAg,Netflix India
dvMbC5iG3Wk,A Message From The Begums
dvMbC5iG3Wk,"Pooja Bhatt, Shahana Goswami, Amruta Subhash & Many More"
QvWAO1eSsVU,Shes Just A Story Away
QvWAO1eSsVU,Happy Womens Day
QvWAO1eSsVU,Voiced By Shahana Goswami
QvWAO1eSsVU,Netflix India
uldZBxLGaC0,Major Ram Saves Lucky
uldZBxLGaC0,"Shahrukh Khan, Zayed Khan"
uldZBxLGaC0,Main Hoon Na
uldZBxLGaC0,Netflix India
AsamWza2MYk,Behensplaining
AsamWza2MYk,Kusha Kapila & Srishti Dixit Review Bridgerton
AsamWza2MYk,Netflix India
FqZO0qdSBRo,"Behind The Scenes With Parineeti Chopra, Aditi Rao Hydari & Kirti Kulhari"
FqZO0qdSBRo,The Girl On The Train
9wM50bX5A9I,@Tanmaybhat Reacts To Crash Landing On You
9wM50bX5A9I,Netflix India
GN0kWSvx0FI,Will Parineeti Chopra Be Able To Escape?
GN0kWSvx0FI,Telugu Dub
GN0kWSvx0FI,The Girl On The Train
GN0kWSvx0FI,Netflix India
5w_lhFdeta4,Kirti Kulhari & Avinash Tiwary Play Two Truths & A Lie
5w_lhFdeta4,Netflix India
Gt4VsQa-DvE,"2021S Unscripted Originals: Comedy, Crime, Documentaries & Reality #Abmenumeinsabnew"
Gt4VsQa-DvE,Netflix India
jx0_LOzWkJk,2021S Upcoming Original Netflix Series
jx0_LOzWkJk,#Abmenumeinsabnew
jx0_LOzWkJk,Netflix India
XcKtsdSysyk,2021S Upcoming Netflix Original Films
XcKtsdSysyk,#Abmenumeinsabnew
XcKtsdSysyk,Netflix India
2SfoK9UXKQk,See Whats Next: Netflix India 2021
2SfoK9UXKQk,#Abmenumeinsabnew
2SfoK9UXKQk,Netflix India
7q0zZq6yVtQ,Kiara Advani Learns How To Chat On Dating Apps
7q0zZq6yVtQ,Mallika Dua
7q0zZq6yVtQ,Indoo Ki Jawani
7q0zZq6yVtQ,Netflix India
QXYGP4nmdys,Schools Before & After Lockdown
QXYGP4nmdys,Darsheel Safary
QXYGP4nmdys,Netflix India
YA_3Edz6OcU,Dhamaka
YA_3Edz6OcU,Official Teaser
YA_3Edz6OcU,Kartik Aaryan
YA_3Edz6OcU,Ram Madhvani
YA_3Edz6OcU,Netflix India
zJE6oA0wy94,Kuch Kuch Hota Hai In 60 Seconds
zJE6oA0wy94,"Shahrukh Khan, Kajol, Rani Mukerji"
zJE6oA0wy94,Netflix India
WeF6JdznBVo,A Message For The Queens
WeF6JdznBVo,"Amala Paul, Eesha Rebba, Lakshmi Manchu & Saanve Megghana"
WeF6JdznBVo,Pitta Kathalu
x-PxGjUrhKg,Bheem Helps Everyone In The Village
x-PxGjUrhKg,Mighty Little Bheem
x-PxGjUrhKg,Netflix India
zoVUoVu1QZU,Thappad Se Darr Nahi Lagta Sahab
zoVUoVu1QZU,"Salman Khan, Sonakshi Sinha"
zoVUoVu1QZU,Dabangg
zoVUoVu1QZU,Netflix India
WloLnzxTcHQ,Rana Daggubati & Nag Chaitanya Interview The Pitta Kathalu Team
WloLnzxTcHQ,Netflix India
pnuGGwCFxsM,The Best Instant Noodles
pnuGGwCFxsM,Parineeti Chopra
pnuGGwCFxsM,Menu Please
pnuGGwCFxsM,The Girl On The Train
pnuGGwCFxsM,Netflix India
2fTDhCmrKoc,@Pothineniram Knows Everything
2fTDhCmrKoc,Red
2fTDhCmrKoc,Interrogation Scene
2fTDhCmrKoc,Nivetha Pethuraj
2fTDhCmrKoc,Netflix India
3utkSyC_mjk,What If Netflix Characters Were In Biggest Boss
3utkSyC_mjk,"Shivankit, Badri, Abhinav, Chhote Miyan & Saloni"
7ZLJDJNhzSo,7 Lessons We Need To Learn From Zindagi In Short
7ZLJDJNhzSo,"Aisha Ahmed, Manjot Singh, Neena Gupta & More!"
zkLSFlfscS8,"Behensplaining Women On Sets Ft. Dolly Singh, Lakshmi Manchu, Eesha Rebba & Saanve Megghana"
pFwQ3MB14KM,Parineeti Chopra Takes The Lie Detector Test
pFwQ3MB14KM,The Girl On The Train
pFwQ3MB14KM,Netflix India
_7Tca9kG-Vw,Army Of The Dead
_7Tca9kG-Vw,Official Teaser
_7Tca9kG-Vw,Netflix
FD3OFUcvtWw,Aditi Rao Hydari As Nusrat
FD3OFUcvtWw,The Girl On The Train
FD3OFUcvtWw,"Parineeti Chopra, Kirti Kulhari"
5g_hCLBDmgk,Pagglait
5g_hCLBDmgk,Official Teaser
5g_hCLBDmgk,Sanya Malhotra
5g_hCLBDmgk,March 26Th
yTnpe0K7qs0,Every Single Person Ever
yTnpe0K7qs0,Ankush Bahuguna
yTnpe0K7qs0,Netflix India
GUDFPM3s3xs,Avinash Tiwari As Shekhar
GUDFPM3s3xs,The Girl On The Train
GUDFPM3s3xs,"Parineeti Chopra, Kirti Kulhari"
yXpL9Lz558o,Shruti Haasan & Sanjith Hegde'S Rooftop Date
yXpL9Lz558o,X Life
yXpL9Lz558o,Pitta Kathalu
yXpL9Lz558o,Netflix India
gwFUSCy7FZE,Has @Slayypointofficial Fallen In Love?
gwFUSCy7FZE,Now Memeing
gwFUSCy7FZE,Netflix India
8CZgRIgFDo4,Hacks To Learn Telugu
8CZgRIgFDo4,Lakshmi Manchu & Saanve Megghana
8CZgRIgFDo4,Pitta Kathalu
8CZgRIgFDo4,Netflix India
B1XKRoepQBw,The Evolution Of Pankaj Tripathi
B1XKRoepQBw,"Gangs Of Wasseypur, Sacred Games, Masaan"
B1XKRoepQBw,Netflix India
zheMCw4J-jI,Jagame Thandhiram
zheMCw4J-jI,Teaser
zheMCw4J-jI,"Dhanush, Aishwarya Lekshmi"
zheMCw4J-jI,Karthik Subbaraj
zheMCw4J-jI,Netflix India
PQfX_DSZqBQ,The Many Moods Of Alia Bhatt
PQfX_DSZqBQ,Netflix India
i9WSpxXPTqQ,Parineeti Chopra As Mira Kapoor
i9WSpxXPTqQ,The Girl On The Train
i9WSpxXPTqQ,"Aditi Rao Hydari, Kirti Kulhari"
SRE0pr0AblE,What Restaurants Are Like In 2021
SRE0pr0AblE,@Angryprashreal
SRE0pr0AblE,Netflix India
OOObTf5XTMQ,@Tanmaybhat Reacts To The Big Day Ft. Aishwarya Mohanraj
OOObTf5XTMQ,Netflix India
UpOAFetWfGI,K-Drama Moments That Will Melt Your Heart
UpOAFetWfGI,"Crash Landing On You, Something In The Rain & Many More!"
G9Bbgy7HPTg,The Pitta Kathalu Roundtable Ft. Rana Daggubati
G9Bbgy7HPTg,Netflix India
CFlshTLPRys,The Ultimate Kuch Kuch Hota Hai Debate
CFlshTLPRys,@Aishmrj & Vishnu Kaushal
CFlshTLPRys,Netflix India
luLdMdAHvVI,Behensplaining
luLdMdAHvVI,Kusha Kapila & Dolly Singh Review Jab We Met
luLdMdAHvVI,Netflix India
L7P81fidgV8,Pitta Kathalu
L7P81fidgV8,Now Streaming
L7P81fidgV8,"Shruti Haasan, Eesha Rebba, Amala Paul, Saanve Megghana"
unayKqAhC8g,Pinky
unayKqAhC8g,Pitta Kathalu
unayKqAhC8g,Teaser
unayKqAhC8g,"Eesha Rebba, Ashima Narwal, Satya Dev"
unayKqAhC8g,Netflix India
e7HDLJMtwww,Eeb Allay Ooo!
e7HDLJMtwww,Official Trailer
e7HDLJMtwww,Anurag Kashyap
e7HDLJMtwww,Prateek Vats
e7HDLJMtwww,Shardul Bharadwaj
Fkt-OvyJhnU,"Savage Comebacks Ft. Kareena Kapoor Khan, Kiara Advani, Radhika Apte, Priyanka Chopra Jonas"
hn6GZL5vGJo,X Life
hn6GZL5vGJo,Pitta Kathalu
hn6GZL5vGJo,Teaser
hn6GZL5vGJo,"Shruti Haasan, Sanjith Hegde"
hn6GZL5vGJo,Netflix India
kbhoR6_LR6c,Dota: Dragon'S Blood
kbhoR6_LR6c,Date Announcement
kbhoR6_LR6c,Netflix India
9GrV6-GWur0,Adarsh Gourav Gives You The Motivation To Get Through Your Day
9GrV6-GWur0,Netflix India
wWlp65xLPMs,Meera
wWlp65xLPMs,Pitta Kathalu
wWlp65xLPMs,Teaser
wWlp65xLPMs,"Amala Paul, Jagapathi Babu, Ashwin Kakumanu"
wWlp65xLPMs,Netflix India
SWNmMl6c_sA,Ross & Rachels Love-Story In 90 Seconds
SWNmMl6c_sA,Friends
SWNmMl6c_sA,Netflix India
h2Kwb-du56Q,Parineeti Chopra Tries Out The Weirdest Things!
h2Kwb-du56Q,Netflix India
Mf5QroBU-QY,2 Truths & A Lie: Bollywood Edition
Mf5QroBU-QY,"Lana Condor, Anna Cathcart, Janel Parrish"
Mf5QroBU-QY,Netflix India
hVG9KoXhybk,Ramula
hVG9KoXhybk,Pitta Kathalu
hVG9KoXhybk,Teaser
hVG9KoXhybk,"Saanve Megghana, Lakshmi Manchu"
hVG9KoXhybk,Netflix India
dCOpkBzwex4,Bombay Begums
dCOpkBzwex4,Official Trailer
dCOpkBzwex4,"Pooja Bhatt, Shahana Goswami, Amruta Subhash & Many More"
QqF6IwG5foE,Adarsh Gourav Tastes The Weirdest Food Combinations
QqF6IwG5foE,Menu Please
QqF6IwG5foE,Netflix India
2BKdss-_jbw,Are Prajakta Koli & Rohit Saraf On A Non-Date?
2BKdss-_jbw,Valentines Day Special
2BKdss-_jbw,Netflix India
qhzorGTegSw,What Would You Do For Love? Ft. Yashaswini Dayama
qhzorGTegSw,Netflix India
RecuqgimAjc,Bollywood'S Most Romantic Moments
RecuqgimAjc,Netflix India
FC0ONnH803I,Behensplaining
FC0ONnH803I,Srishti Dixit & Dolly Singh Review Yeh Jawaani Hai Deewani
FC0ONnH803I,Netflix India
tTt9Ik8teA4,Adarsh Gourav Reacts To Fan Tweets
tTt9Ik8teA4,The White Tiger
tTt9Ik8teA4,Netflix India
uOm1Vn3kZ60,Bheem'S Food Adventures
uOm1Vn3kZ60,Mighty Little Bheem: Kite Festival
uOm1Vn3kZ60,Netflix India
Rb4pBhSeipw,Rishi Asks Dimple Out For A Non-Date
Rb4pBhSeipw,Mismatched
Rb4pBhSeipw,Netflix India
Ui63GWBnRQ4,Zindagi Na Milegi Dobara In 60 Seconds
Ui63GWBnRQ4,"Hrithik Roshan, Farhan Akhtar, Katrina Kaif & Abhay Deol"
R9ozdMUjCqc,Control Uday!
R9ozdMUjCqc,"Friends, Main Hoon Na, Jab We Met, Sacred Games & More!"
R9ozdMUjCqc,Netflix India
NGqKKrAUGPU,Irrfan Khan'S Emotional Moment On The Past & Present
NGqKKrAUGPU,Doob: No Bed Of Roses
NGqKKrAUGPU,Netflix India
2T0rQ79d90w,The Big Day
2T0rQ79d90w,Official Trailer
2T0rQ79d90w,Netflix India
PXC3_TBngkA,@Mythpat Takes The Ultimate Mimicry Challenge
PXC3_TBngkA,"Shahrukh, Hrithik, Rohit, Katrina, Paresh & More!"
cX9m36aSUMk,Were Ross & Rachel On A Break?
cX9m36aSUMk,Friends
cX9m36aSUMk,Yashaswini Dayama & Vishnu Kaushal
cX9m36aSUMk,Netflix India
IuxkqjSydUo,Doob: No Bed Of Roses
IuxkqjSydUo,Official Trailer
IuxkqjSydUo,"Irrfan Khan, Nusrat Imrose Tisha & Parno Mitra"
3sygpZkutV4,Mithila Palkar Straightens Her Hair & Answers Questions
3sygpZkutV4,Netflix India
U71czzSkgmY,Behensplaining
U71czzSkgmY,Kusha Kapila & @Niharikanm Review Never Have I Ever
U71czzSkgmY,Netflix India
YCqEPKA5DSY,Pitta Kathalu
YCqEPKA5DSY,Official Trailer
YCqEPKA5DSY,"Shruti Haasan, Eesha Rebba, Amala Paul, Saanve Megghana"
i8gV-l9exV0,Deepika Padukone Gives The Best Advice
i8gV-l9exV0,Netflix India
MpIAeSt2y7o,Yashaswini Dayama & Ayush Mehra'S Strange Love For Stranger Things
MpIAeSt2y7o,5 Reasons Why
MpIAeSt2y7o,Netflix India
LE8-4aRf5VQ,The Girl On The Train
LE8-4aRf5VQ,Official Trailer
LE8-4aRf5VQ,"Parineeti Chopra, Aditi Rao Hydari & Kirti Kulhari"
QZUVlCmNIng,Akshay Kumar & Team'S Raid Gone Wrong
QZUVlCmNIng,Special 26 Funny Scene
QZUVlCmNIng,Netflix India
y4-CB0L4UNk,What Is @Triggeredinsaan'S Lakshya?
y4-CB0L4UNk,Triggered Kahaaniyaan
y4-CB0L4UNk,Netflix India
6QkmbOmn0G0,Top 7 Priyanka Chopra Jonas Moments
6QkmbOmn0G0,Netflix India
dbonxsTODqc,Best Of Golmaal Returns
dbonxsTODqc,"Ajay Devgn, Kareena Kapoor Khan, Tusshar Kapoor, Arshad Warsi & More!"
TiWeOnuQKbI,Adarsh Gourav On Playing Balram Ft. Priyanka Chopra Jonas & Rajkummar Rao
TiWeOnuQKbI,The White Tiger
1CktTxsOON8,7 Things We Love About Our Girl Bffs
1CktTxsOON8,"Friends, Mismatched, Stranger Things & More"
1CktTxsOON8,Netflix India
LvcCzwnstA8,Mithila Palkar Tries The Best Misal Pav In Maharashtra
LvcCzwnstA8,Menu Please
LvcCzwnstA8,Netflix India
yiKLziH_UTQ,@Tanmaybhat Reacts To Phir Hera Pheri Ft. @Sumukhisuresh & @Rohanjoshi8016
yiKLziH_UTQ,Netflix India
iEYVcY3x0A0,Adarsh Gourav & Rajkummar Rao'S Favourite Memories From The White Tiger
iEYVcY3x0A0,Netflix India
nsPYfjs0E78,Ranbir Kapoor Tries To Impress Katrina Kaif
nsPYfjs0E78,Ajab Prem Ki Ghazab Kahani
nsPYfjs0E78,Netflix India
5_a1iG6uYcY,Nothing Official About It
5_a1iG6uYcY,Tovino Thomas Comedy Scene
5_a1iG6uYcY,Kilometers And Kilometers
5_a1iG6uYcY,Netflix India
VqCWOd2yHLA,7 Characters We All Miss
VqCWOd2yHLA,"Kal Ho Naa Ho, Sacred Games, Ludo & More"
VqCWOd2yHLA,Netflix India
r6_76AiSn6I,Who Is Mithila Palkar Talking About??
r6_76AiSn6I,Netflix India
6sGo7Hpyqic,Aata Majhi Satakli
6sGo7Hpyqic,Ajay Devgn Warns Jaikanth Shikre
6sGo7Hpyqic,Netflix India
oqW-YWGRrSk,5 Kajol Moments We All Love
oqW-YWGRrSk,Netflix India
Z1a7fr6up4M,Why India'S Stories Are Amazing Ft. Kajol
Z1a7fr6up4M,Republic Day Special
Z1a7fr6up4M,Netflix India
VjeKBZUPBy4,"Our Favourite Republic Day Memories Ft. @Ashishchanchlanivines, @Flyingbeast320 & Aisha Ahmed"
1nzSLjWpKuk,Top 5 Mithila Palkar Moments
1nzSLjWpKuk,"Little Things, Tribhanga, Chopsticks, Muramba & Katti Batti"
_Z-2e5DRt74,Tillotama Shome & Vivek Gomber: How We Shot Intimate Scenes
_Z-2e5DRt74,Is Love Enough? Sir
_Z-2e5DRt74,Netflix India
m79omLm44aw,Yashaswini Dayama Vs Ayush Mehra: The Best Reasons To Watch Money Heist
m79omLm44aw,Netflix India
JuG5ds_iQ88,"The Most Awkward Rapid Fire Ft. Ahsaas Channa, Akasa Singh & Anandita Pagnis"
JuG5ds_iQ88,Tribhanga
7z1bv8CtQxs,Baahubali And Devasena Arrow Fight Scene
7z1bv8CtQxs,Baahubali 2: The Conclusion
7z1bv8CtQxs,Netflix India
YTe2FsCIWXg,Chuchu Learns A Lesson
YTe2FsCIWXg,@Chuchutv
YTe2FsCIWXg,Netflix India
5yoe8hxejQI,@Mostlysane & @Ayushmehra0007 Love Mismatched & Here'S Why!
5yoe8hxejQI,Netflix India
CjGSSkghGUk,Bridgerton
CjGSSkghGUk,Season 2 Announcement
CjGSSkghGUk,Netflix India
KxiRwNB-Mlk,Jungle Mantra
KxiRwNB-Mlk,@Viviandivine Ft. Vince Staples & Pusha T
KxiRwNB-Mlk,Music Video
KxiRwNB-Mlk,The White Tiger
KxiRwNB-Mlk,Netflix India
pxSKKBpuviw,Selling Majnu Bhai'S Painting
pxSKKBpuviw,"Anil Kapoor, Mallika Sherawat, Akshay Kumar"
pxSKKBpuviw,Netflix India
zsn2vuO8x-Y,Farhan Akhtar Stands Up For Priyanka Chopra Jonas
zsn2vuO8x-Y,Dil Dhadakne Do
zsn2vuO8x-Y,Netflix India
yHiOU7WsYWY,Pitta Kathalu
yHiOU7WsYWY,Official Teaser
yHiOU7WsYWY,"Shruti Haasan, Eesha Rebba, Amala Paul, Saanve Megghana"
HCMhRdRuMyU,Tribhanga Behind The Scenes
HCMhRdRuMyU,"Kajol, Mithila Palkar, Tanvi Azmi"
HCMhRdRuMyU,Netflix India
rJDCG8J0nvc,@Slayypointofficial'S Expectations From 2021
rJDCG8J0nvc,Now Memeing
rJDCG8J0nvc,Netflix India
UlJCIaQXWpo,Deepika Padukone & Preity Zinta Are The Same Person?
UlJCIaQXWpo,"Yeh Jawaani Hai Deewani, Kal Ho Na Ho"
Y9rQEyD3pz8,Mithila Palkar'S Motivational Message
Y9rQEyD3pz8,Netflix India
p-NgghB7rZ4,What Is Tribhanga?
p-NgghB7rZ4,"Kajol, Mithila Palkar, Tanvi Azmi"
p-NgghB7rZ4,Netflix India
AiuL4dd4Sq8,Rajkummar Rao Best Scenes
AiuL4dd4Sq8,"Ludo, Stree, Queen, Bareily Ki Barfi & More!"
AiuL4dd4Sq8,Netflix India
7vD70_5Xadc,Is Love Enough? Sir
7vD70_5Xadc,Official Trailer
7vD70_5Xadc,Tillotama Shome & Vivek Gomber
7vD70_5Xadc,Netflix India
W8lOsZXNcvY,Deepika Padukone Iconic Saat Minute Speech Ft. Shahrukh Khan
W8lOsZXNcvY,Happy New Year
W8lOsZXNcvY,Netflix India
SH50H2zvPFk,Is Love Enough? Sir
SH50H2zvPFk,Tillotama Shome'S Adorable Gift To Vivek Gomber
SH50H2zvPFk,Netflix India
VGe9Pw2XaA4,"Behensplaining Indian Families Ft. @Kushakapila5643, Kajol, Mithila & Renuka"
VGe9Pw2XaA4,Tribhanga
SEkNWdRLSOs,"Meet Kajol, Mithila Palkar & Tanvi Azmi As Anu, Masha & Nayan"
SEkNWdRLSOs,Tribhanga
SEkNWdRLSOs,Netflix India
-4pqXL3nlf8,@Theharshbeniwal Ke Office Syappe
-4pqXL3nlf8,Every Indian Job Ever
-4pqXL3nlf8,Netflix India
bAUVcQEI2xk,To All The Boys: Always And Forever
bAUVcQEI2xk,Official Trailer
bAUVcQEI2xk,"Noah Centineo, Lana Condor"
bAUVcQEI2xk,Netflix India
3iH0YehfMB0,The Girl On The Train
3iH0YehfMB0,Official Teaser
3iH0YehfMB0,"Parineeti Chopra, Aditi Rao Hydari & Kirti Kulhari"
SZUkouCPYIc,2021 Film Preview
SZUkouCPYIc,Trailer
SZUkouCPYIc,"Dwayne Johnson, Lana Condor, Leonardo Dicaprio & More!"
NKWAzexs2ZM,Ak Vs Ak Jukebox- All Songs
NKWAzexs2ZM,"Amit Trivedi, Kaam Bhaari, Rkhis, Nuka & More"
NKWAzexs2ZM,Netflix India
WDK5S5xhaJc,Year In Preview
WDK5S5xhaJc,Teaser
WDK5S5xhaJc,"Chris Hemsworth, Dwayne Johnson, Lana Condor & More"
V7QxdwTEsoQ,Mithila Palkar Welcomes Kajol To The Fam
V7QxdwTEsoQ,Tribhanga
V7QxdwTEsoQ,Netflix India
kg5iYB33_NE,Shahrukh Khan'S Life Advice
kg5iYB33_NE,Alia Bhatt
kg5iYB33_NE,Kursi Scene
kg5iYB33_NE,Dear Zindagi
kg5iYB33_NE,Netflix India
XZGF6ic-FDY,Indian Uncles Are Harmoniums?
XZGF6ic-FDY,Kenny Sebastian
XZGF6ic-FDY,Best Of Stand-Up 2020
XZGF6ic-FDY,Netflix India
hbTukzM8b54,Kajol Reacts To Your Comments
hbTukzM8b54,Tribhanga
hbTukzM8b54,Netflix India
xaCEwyKD_Ug,Bheem Cooks The Best Pongal
xaCEwyKD_Ug,Mighty Little Bheem: Kite Festival
xaCEwyKD_Ug,Netflix India
-7OKgMq6WDk,Kalidas Jayaram & Apoorva Aroras' Special Recommendation
-7OKgMq6WDk,Paava Kadhaigal
-7OKgMq6WDk,Netflix India
8BtvT9OscSQ,Top 5 @Mostlysane Moments
8BtvT9OscSQ,Mismatched
8BtvT9OscSQ,Netflix India
22mBtE53Mwc,@Tanmaybhat & Mallika Sherawat React To Welcome
22mBtE53Mwc,Netflix India
doxJt23UrbI,Is Life A Video Game?
doxJt23UrbI,Kanan Gill
doxJt23UrbI,Best Of Stand-Up 2020
doxJt23UrbI,Netflix India
2CCgicLl87I,Rajpal Yadav & Shahid Kapoor Funny Scene
2CCgicLl87I,Chup Chup Ke
2CCgicLl87I,Netflix India
dgN_p_wRG6o,Khalaas: Behind The Scenes
dgN_p_wRG6o,"Anil Kapoor, Kaam Bhaari, Nuka & Rkhis"
dgN_p_wRG6o,Ak Vs Ak
VP8LPrvgW1E,The 5 Most Epic Anime Moments
VP8LPrvgW1E,Netflix India
PDmdhZ7bhGI,@Kapilsharmak9'S Very Official Announcement
PDmdhZ7bhGI,Netflix India
1ZLjeWZ36Qg,7 Times Shahrukh Khan Proved He Is The King Of Bollywood
1ZLjeWZ36Qg,Netflix India
zVNmHMWv2mc,Tribhanga
zVNmHMWv2mc,Official Trailer
zVNmHMWv2mc,"Kajol, Mithila Palkar, Tanvi Azmi, Kunaal Roy Kapur"
LtzrqnV3e18,Pankaj Tripathi Being Iconic For 4 Minutes Straight
LtzrqnV3e18,Netflix India
x77COWSWnuA,Allu Arjun Police Station Fight Scene
x77COWSWnuA,Ala Vaikunthapurramloo
x77COWSWnuA,Netflix India
hGiWm8gqrN8,Son Of Abish New Year Party
hGiWm8gqrN8,"@Tanmaybhat, @Slayypointofficial, @Mythpat, Kusha, Srishti, Ahsaas & Aisha"
Yi7CS17VxRQ,Tribhanga
Yi7CS17VxRQ,Teaser
Yi7CS17VxRQ,"Kajol, Mithila Palkar, Kunaal Roy Kapur"
Yi7CS17VxRQ,Netflix India
tJvmkanKdVM,Ranbir Kapoor'S 2021 Life Lessons
tJvmkanKdVM,Netflix India
A7WcmUvgEqQ,Oor Iravu
A7WcmUvgEqQ,Paava Kadhaigal
A7WcmUvgEqQ,Vetri Maaran
A7WcmUvgEqQ,Netflix India
pSkWjRDffd0,Age Behensplained
pSkWjRDffd0,"@Dollysinghofficial, Ahsaas Channa, Srishti Dixit & Sheeba Chaddha"
pSkWjRDffd0,Netflix India
anjIfz7uh2U,Priyanka Chopra Jonas' Special Message
anjIfz7uh2U,Netflix India
vWqXPZZGh8w,Arturo Vs. 2020
vWqXPZZGh8w,Money Heist
vWqXPZZGh8w,La Casa De Papel
vWqXPZZGh8w,Netflix India
0irAEPJ5Eqw,"Khalaas Ft. Anil Kapoor, Kaam Bhaari, Nuka & Rkhis"
0irAEPJ5Eqw,Ak Vs Ak
0irAEPJ5Eqw,Lyric Video
0irAEPJ5Eqw,Netflix India
wFv-rxnCKU4,Vannmagal
wFv-rxnCKU4,Paava Kadhaigal
wFv-rxnCKU4,Gautham Vasudev Menon
wFv-rxnCKU4,Netflix India
7b8it7JPqHE,The White Tiger
7b8it7JPqHE,Official Hindi Trailer
7b8it7JPqHE,Netflix India
qdYgINGxpyI,Indian Grandmothers React To Stranger Things
qdYgINGxpyI,Netflix India
zBOry4VNm_g,Anil Kapoor Vs. Anurag Kashyap
zBOry4VNm_g,"@Tanmaybhat, @Samayrainaofficial, Ashish Shakya, Prashasti & @Dollysinghofficial"
4McZq5UQ0Uk,@Tanmaybhat Finally Meets @Kabitaskitchen
4McZq5UQ0Uk,Tanmay Reacts End Of Year Special
4McZq5UQ0Uk,Netflix India
o4W2iBB8iwA,Non-Stop Comedy With Phir Hera Pheri
o4W2iBB8iwA,"Akshay Kumar, Rajpal Yadav & Paresh Rawal"
o4W2iBB8iwA,Netflix India
KRDPziegnwg,Love Panna Utturnam
KRDPziegnwg,Paava Kadhaigal
KRDPziegnwg,Vignesh Shivan
KRDPziegnwg,Netflix India
vUhgXAFvH34,What If Years Were People
vUhgXAFvH34,"Rohit Saraf, @Jordindian, Vishnu Kaushal"
vUhgXAFvH34,Netflix India
T4VpPjRidGA,Ak Vs Ak: Behind The Scenes
T4VpPjRidGA,"Anil Kapoor, Anurag Kashyap & Vikramaditya Motwane"
T4VpPjRidGA,Netflix India
xA1SFKy9rcM,Thangam
xA1SFKy9rcM,Paava Kadhaigal
xA1SFKy9rcM,Sudha Kongara
xA1SFKy9rcM,Netflix India
0zfEBGUV3js,Son Of Abish Ft. Anil Kapoor & Anurag Kashyap
0zfEBGUV3js,Netflix India
vKfy0pO0kB0,Anurag Kashyap & Anil Kapoor'S Fight
vKfy0pO0kB0,Ak Vs Ak
vKfy0pO0kB0,Netflix India
dIkbm3DMKGo,"Simran Chooses Between Rajini & Kamal Hassan, Kbc & Jackpot, And Others"
dIkbm3DMKGo,Paava Kadhaigal
G-B1pZo6Zmc,Ak Vs Ak: Stop At Nothing
G-B1pZo6Zmc,Game Announcement
G-B1pZo6Zmc,Netflix India
PzYzHIzMuzk,Behensplaining
PzYzHIzMuzk,Srishti Dixit & @Niharikanm Review Baahubali: The Beginning
PzYzHIzMuzk,Netflix India
ekj3HTqBTro,@Mymissanand12 Ka Good Kid Vs Bad Kid Challenge
ekj3HTqBTro,Christmas Special
ekj3HTqBTro,Netflix India
o0JofSuOnh4,"Americans In India, French Accents And Cheap Therapy"
o0JofSuOnh4,Vir Das
o0JofSuOnh4,Outside In
o0JofSuOnh4,Netflix India
_HDEMogtzKY,Which Is Indias Best Biryani? Ft. Shayan Roy & Srishti Dixit
_HDEMogtzKY,Menu Please Year End Special
kVed662YZXA,Indian Grandmothers React To Little Things
kVed662YZXA,Netflix India
O3uWQtTGwJg,Ak Vs Ak Simplified With Anil Kapoor & Vikramaditya Motwane
O3uWQtTGwJg,Netflix India
eYh_8qOTHgw,@Slayypointofficial'S Last Now Memeing Episode Ft. @Triggeredinsaan & @Mythpat
eYh_8qOTHgw,Netflix India
zV6sHc0t47c,@Triggeredinsaan'S Engineering Life Was Like Kabhi Khushi Kabhie Gham
zV6sHc0t47c,Triggered Kahaaniyaan
dgfl5LWEk4g,"Vijay Sethupathi, R Madhavan, Anurag Kashyap & Jyothika React To Paava Kadhaigal"
dgfl5LWEk4g,Netflix India
t8Ih6996QU8,The Anil Kapoor Diss Track
t8Ih6996QU8,"@Tanmaybhat, @Rohanjoshi8016, Ashish Shakya & Anurag Kashyap"
t8Ih6996QU8,Ak Vs Ak
SXeMHk6UWSw,The Ultimate Theme Song Remix Ft. @Anshumansharma1
SXeMHk6UWSw,Music Video
SXeMHk6UWSw,Netflix India
0IcWBVCnbCo,The Fabulous Wives React To Your Tweets
0IcWBVCnbCo,Fabulous Lives Of Bollywood Wives
0IcWBVCnbCo,Netflix India
cC_Z5z2NNRo,"Son Of Abish Ft. @Dollysinghofficial, @Anubhavsinghbassi & @Samayrainaofficial"
cC_Z5z2NNRo,Netflix India
Dt5kNigiUek,Anil Kapoor & Jackie Shroff Review Anurag Kashyap Films
Dt5kNigiUek,Maushisplaining
Dt5kNigiUek,Netflix India
sf0a5pd-WDI,Behensplaining
sf0a5pd-WDI,Srishti Dixit & @Kushakapila5643 Review Soldier
sf0a5pd-WDI,Netflix India
kW51ltYhJvE,"Birthdays, Babies And Break Ups"
kW51ltYhJvE,Vir Das
kW51ltYhJvE,Outside In
kW51ltYhJvE,Netflix India
pTXGGfghuBI,Sanjay Dutt Starts A Cricket Training Camp
pTXGGfghuBI,Torbaaz
pTXGGfghuBI,Netflix India
xp0ovGyyenM,Love Panna Utturnam By Vignesh Shivan
xp0ovGyyenM,Paava Kadhaigal
xp0ovGyyenM,Official Teaser
xp0ovGyyenM,"Anjali, Kalki & Padam"
xgel7xnRV_Q,Indian Grandmothers React To Never Have I Ever
xgel7xnRV_Q,Netflix India
fZNfl53TrFs,Anil Kapoor & Anurag Kashyap Exchange Houses
fZNfl53TrFs,Ak Vs Ak
fZNfl53TrFs,Netflix India
htMn27qjLxA,Oor Iravu By Vetri Maaran
htMn27qjLxA,Paava Kadhaigal
htMn27qjLxA,Official Teaser
htMn27qjLxA,"Hari, Prakash Raj & Sai Pallavi"
6wyPK-pmsd0,Why Friends Are Useless
6wyPK-pmsd0,@Thevirdas
6wyPK-pmsd0,Outside In
6wyPK-pmsd0,Netflix India
asv3Zg2rGYI,@Dollysinghofficial Vs Swara Bhasker
asv3Zg2rGYI,Guess The Character
asv3Zg2rGYI,Bhaag Beanie Bhaag
asv3Zg2rGYI,Netflix India
dsuJpsWuY5U,Vaanmagal By Gautham Menon
dsuJpsWuY5U,Paava Kadhaigal
dsuJpsWuY5U,Official Teaser
dsuJpsWuY5U,"Aadithya, Gautham & Simran"
eDOcEW9bbFA,We Tried To Scare @Mythpat
eDOcEW9bbFA,Ultimate Horror Challenge
eDOcEW9bbFA,Netflix India
e6MI1vgENeI,Thangam By Sudha Kongara
e6MI1vgENeI,Paava Kadhaigal
e6MI1vgENeI,Official Teaser
e6MI1vgENeI,"Bhavani, Kalidas & Shanthanu"
DxRxTlkI3gY,The Best Kebabs In Delhi
DxRxTlkI3gY,"@Dollysinghofficial, Swara Bhasker & Tenzing"
DxRxTlkI3gY,Menu Please
DxRxTlkI3gY,Bhaag Beanie Bhaag
1sm7aqtOero,"@Ashishchanchlanivines, @Mythpat, @Slayypointofficial & More React To Your Comments"
1sm7aqtOero,10 Million Special
6K2A79jysIU,"Son Of Abish Ft. @Thevirdas, @Rohanjoshi8016 & @Kaneezsurka007"
6K2A79jysIU,Netflix India
4XgBZX_pXjc,"Haan Mein, Magar Woh, Suno Toh?"
4XgBZX_pXjc,Dil Chahta Hai
4XgBZX_pXjc,"Aamir Khan, Saif Ali Khan"
4XgBZX_pXjc,Netflix India
ACTeSSVQzZU,Rohit Saraf Best Scenes
ACTeSSVQzZU,"Mismatched, Ludo, Dear Zindagi, The Sky Is Pink"
ACTeSSVQzZU,Netflix India
dPcR6HRhZK0,Jab We Met Iconic Phone Call Scene
dPcR6HRhZK0,Kareena Kapoor Khan
dPcR6HRhZK0,Netflix India
uD2LZfGo9cI,The Midnight Sky
uD2LZfGo9cI,George Clooney
uD2LZfGo9cI,Final Hindi Trailer
uD2LZfGo9cI,Netflix India
CVMUkV4VfUA,Aamir Khan'S Free Advice To Kareena
CVMUkV4VfUA,3 Idiots
CVMUkV4VfUA,Netflix India
cE6t9b4lR0A,Cobra Kai: Season 3
cE6t9b4lR0A,Hindi Trailer
cE6t9b4lR0A,Netflix India
LY4hQXxuTh0,Indian Grandmothers React To Masaba Masaba
LY4hQXxuTh0,"Akasa, Sharan Nair, Anandita Pagnis"
LY4hQXxuTh0,Netflix India
egevm1gzi_0,Bheem Helps Kalia Win
egevm1gzi_0,Mighty Little Bheem
egevm1gzi_0,Netflix India
BCi6-GqWURg,Saiyyan Saiyyan Ft. Mukti Mohan & @Varunthakurofficial
BCi6-GqWURg,Music Video
BCi6-GqWURg,Bhaag Beanie Bhaag
BCi6-GqWURg,Netflix India
252GdSAMPYs,Royal Drinking Game
252GdSAMPYs,The Crown Hindi Dub
252GdSAMPYs,Netflix India
6_0PkOdDKOM,Ak Vs. Ak
6_0PkOdDKOM,Trailer Launch
6_0PkOdDKOM,"Anil Kapoor, Anurag Kashyap, Vikramaditya Motwane & Sahil Khattar"
lXZPMb51IQU,Ak Vs Ak
lXZPMb51IQU,Official Trailer
lXZPMb51IQU,"Anil Kapoor, Anurag Kashyap, Vikramaditya Motwane"
lXZPMb51IQU,Netflix India
qWeYLnSqyvg,Prajakta Koli & Rohit Saraf Cold Coffee Scene
qWeYLnSqyvg,Mismatched
qWeYLnSqyvg,Netflix India
0ew88RPjlK0,25 Din Mein Paisa Double
0ew88RPjlK0,"Akshay Kumar, Rajpal Yadav"
0ew88RPjlK0,Phir Hera Pheri
0ew88RPjlK0,Netflix India
iIZWL0R-9MU,Pankaj Tripathi Roasts @Slayypointofficial
iIZWL0R-9MU,Now Memeing
iIZWL0R-9MU,Netflix India
gam5ECtelMI,"Son Of Abish Ft. Swara Bhasker, Varun Thakur And Ravi Patel"
gam5ECtelMI,Netflix India
HvG5b5dVmcg,"Indian Dads Ft. Chunky Pandey, Samir Soni & Sanjay Kapoor"
HvG5b5dVmcg,Netflix India
g9O2YTtdaZA,We Can Be Heroes
g9O2YTtdaZA,Priyanka Chopra & Pedro Pascal
g9O2YTtdaZA,Official Trailer
g9O2YTtdaZA,Netflix India
3m59PYrw52k,Bollywood Stars Unseen Fight In Public
3m59PYrw52k,Fabulous Live Of Bollywood Wives
3m59PYrw52k,Netflix India
7aL5pP5mZsQ,Curly Hair Behensplained
7aL5pP5mZsQ,"@Dollysinghofficial, Nithya Menen, Fatima Sheikh & Anchal Morwani"
rY2npMGbkVA,Why Bhuvan Bam Has A Problem With Netflix
rY2npMGbkVA,@Bbkivines
rY2npMGbkVA,Netflix India
Q1DmYumdf-E,"Bollywood Fab Song Ft. @Kushakapila5643, @Dollysinghofficial, Sakshi Sidwani & Komal Pandey"
Q1DmYumdf-E,Netflix India
7OyTrpFbDZc,Paava Kadhaigal
7OyTrpFbDZc,Trailer Launch
7OyTrpFbDZc,"Sudha Kongara, Vignesh Shivan, Gautham V Menon & Vetri Maaran"
MteHcVk-_jo,Paava Kadhaigal
MteHcVk-_jo,Official Trailer
MteHcVk-_jo,"Gautham Menon, Vetri Maaran, Sudha Kongara & Vignesh Shivan"
gRnAsZQwLIs,Indian Grandmothers React To Gangs Of Wasseypur
gRnAsZQwLIs,"Akasa, Sharan Nair, Karan Singh"
gRnAsZQwLIs,Netflix India
vH2lgeC_bjY,Vir Das: Outside In
vH2lgeC_bjY,The Lockdown Special
vH2lgeC_bjY,Official Teaser
vH2lgeC_bjY,Netflix India
AUHplWmPuwo,Why Did Netflix Do This To Us??
AUHplWmPuwo,"@Ashishchanchlanivines, @Mythpat, @Slayypointofficial, @Kushakapila5643"
JWVVIQt3Lzg,@Rannvijayofficial'S Motivational Message
JWVVIQt3Lzg,Netflix India
DBaoh0LrIr4,Luxury Vs Street Shoes Ft. @Oktestedbyscoopwhoop Squad
DBaoh0LrIr4,Fabulous Lives Of Bollywood Wives
DBaoh0LrIr4,"Tenzing, Aakanksha"
SfRKGZm5nIs,@Tanmaybhat & Prashasti Singh React To Fabulous Lives Of Bollywood Wives
SfRKGZm5nIs,Netflix India
c5zxjBn1EUA,Is Munnabhai Mbbs Still Awesome?
c5zxjBn1EUA,Video Essay
c5zxjBn1EUA,Netflix India
AOQEz-hQnMg,Prajakta Koli & Rohit Saraf Play App Charades Ft. The Cast Of Mismatched
AOQEz-hQnMg,Netflix India
Gb0YXzTMdoQ,@Kushakapila5643 Hosts A Virtual Kitty Party
Gb0YXzTMdoQ,Fabulous Lives Of Bollywood Wives
Gb0YXzTMdoQ,Netflix India
ej47JbL67yw,"Son Of Abish Ft. @Pearlemaaneyshow, @Kennysebastian & The Youngest Guest"
ej47JbL67yw,Netflix India
wLCmfsZ9dVI,Behensplaining
wLCmfsZ9dVI,Srishti Dixit And @Kushakapila5643 Review Fabulous Lives Of Bollywood Wives
blRe2wQP-_U,Aise Kyun
blRe2wQP-_U,Official Music Video
blRe2wQP-_U,"Anurag Saikia, Raghav & Nikhita"
blRe2wQP-_U,Raj Shekhar
blRe2wQP-_U,Mismatched
GMFCLAIqCrQ,Paava Kadhaigal
GMFCLAIqCrQ,Official Teaser
GMFCLAIqCrQ,"Gautham Menon, Vetri Maaran, Sudha Kongara & Vignesh Shivan"
9noRI6Vx0JM,The Fabulous Wives React To Themselves
9noRI6Vx0JM,Fabulous Lives Of Bollywood Wives
9noRI6Vx0JM,Netflix India
esUbo6uRgaY,Pankaj Tripathi Can Solve Any Problem Ft. Aditya Roy Kapoor
esUbo6uRgaY,Ludo
esUbo6uRgaY,Netflix India
eoVpkPLpScc,Prajakta Koli And Rohit Saraf'S Non-Date
eoVpkPLpScc,Mismatched
eoVpkPLpScc,Netflix India
tNHlsFlPkVU,Mismatched Jukebox- All Songs
tNHlsFlPkVU,"@Prateekkuhadmusic, @Ritvizji, @Royaljasleen"
tNHlsFlPkVU,Netflix India
H3nzTmNlS4I,Death Note: The Art Of Anime
H3nzTmNlS4I,Decode With @Dhruvrathee Ft.@The_Motormouth
H3nzTmNlS4I,Netflix India
PrPR8p4NoB0,Rannvijay Singhas Leaked Audition Tapes
PrPR8p4NoB0,Mismatched
PrPR8p4NoB0,Netflix India
tpzsVTZAi4s,Rajkummar Rao Dancing Menu Scene
tpzsVTZAi4s,Ludo
tpzsVTZAi4s,Netflix India
esRZchm3Gq8,Beth Vs 12 Players
esRZchm3Gq8,Simul Chess Scene
esRZchm3Gq8,The Queen'S Gambit
esRZchm3Gq8,Netflix India
d7aGtf210fw,"If You Like This, Watch This Ft. @Beerbiceps & @Barkhasingh"
d7aGtf210fw,She
d7aGtf210fw,Netflix India
i9eyZme8fLo,Mismatched: Bloopers
i9eyZme8fLo,"Prajakta Koli, Rohit Saraf"
i9eyZme8fLo,Netflix India
K5fjJcrO0p8,The Most Authentic Maggi
K5fjJcrO0p8,"Prajakta Koli, Rohit Saraf"
K5fjJcrO0p8,Menu Please
K5fjJcrO0p8,Mismatched
K5fjJcrO0p8,Netflix India
jiXvpA_gE0o,Prajakta Koli & Rohit Saraf Take The Pick Up Line Challenge
jiXvpA_gE0o,Mismatched
jiXvpA_gE0o,Netflix India
rFH3MNPv8kY,"Son Of Abish Ft. Rohit Saraf, Prajakta Koli & Bad Internet"
rFH3MNPv8kY,Netflix India
ETntzDt5NcY,The Ludo Song
ETntzDt5NcY,Baba Sehgal
ETntzDt5NcY,Official Music Video
ETntzDt5NcY,Ludo
ETntzDt5NcY,Netflix India
stbAOQiNMdk,Torbaaz
stbAOQiNMdk,Official Trailer
stbAOQiNMdk,"Sanjay Dutt, Nargis Fakhri"
stbAOQiNMdk,Netflix India
XuBNuB48uQM,Netflix Mismatched College Fest
XuBNuB48uQM,The Only College Fest 2020 Didn'T Cancel Feat. @Mostlysane
rjfrntoViis,Behensplaining
rjfrntoViis,Srishti Dixit & @Kushakapila5643 Review Kabhi Khushi Kabhie Gham
rjfrntoViis,Netflix India
7_9F6L5sJs8,Yami Gautam
7_9F6L5sJs8,Netflix Streamfest
7_9F6L5sJs8,5 & 6 December
SbsT5WBYSZs,Anil Kapoor
SbsT5WBYSZs,Netflix Streamfest
SbsT5WBYSZs,5 & 6 December
EJsVI3uYP6o,Nawaz
EJsVI3uYP6o,Netflix Streamfest
EJsVI3uYP6o,5 & 6 December
xl21E7etcHQ,We Can Be Heroes
xl21E7etcHQ,Official Teaser
xl21E7etcHQ,"Priyanka Chopra Jonas , Pedro Pascal"
xl21E7etcHQ,Netflix India
IW2-gsi7SSI,On Set With The Cast Of Ludo
IW2-gsi7SSI,Behind The Scenes
IW2-gsi7SSI,Ludo
IW2-gsi7SSI,Netflix India
8gaMqkrsl4o,Bhaag Beanie Bhaag
8gaMqkrsl4o,Official Trailer
8gaMqkrsl4o,"Swara Bhasker, Dolly Singh, Varun Thakur"
8gaMqkrsl4o,Netflix India
TwBf07sq8a8,Sacred Games: The Rise Of Indian Otts
TwBf07sq8a8,Decode With @Dhruvrathee
TwBf07sq8a8,@Varungrovercomedy
TwBf07sq8a8,Netflix India
ACRTKMgu6lc,Prateek Kuhad - Kahaan Ho Tum
ACRTKMgu6lc,Official Music Video
ACRTKMgu6lc,Prajakta Koli & Rohit Saraf
ACRTKMgu6lc,Mismatched
q-amQJStJOo,Pankaj Tripathi Teaches Idioms
q-amQJStJOo,Pankaj Tripathi
q-amQJStJOo,Ludo
q-amQJStJOo,Netflix India
VJ1PAmIbZFM,Prajakta Koli & Rohit Saraf As Dimple & Rishi
VJ1PAmIbZFM,Mismatched
VJ1PAmIbZFM,Netflix India
1Np-gnlpmSA,What Makes K-Dramas Amazing?
1Np-gnlpmSA,"Themermaidscales, Supriya Joshi"
1Np-gnlpmSA,Welcome To Hallyuland
nrLXHAKfYHA,Minute To Win It With Tanmay Bhat
nrLXHAKfYHA,Netflix Mismatched College Fest
icg6-kMXB3Y,Sanya Malhotra Leaked Audition Tapes
icg6-kMXB3Y,Ludo
icg6-kMXB3Y,Netflix India
KUv6Z-8LBRU,Ludo Behind The Scenes
KUv6Z-8LBRU,"Abhishek Bachchan, Sanya Malhotra, Aditya Roy Kapoor, Fatima Sana Shaikh"
L-Ou0uuf4zI,Pearle Maaney & Rohit Saraf As Sheeja & Rahul
L-Ou0uuf4zI,Ludo
L-Ou0uuf4zI,Netflix India
tHSi6GRrLns,Aditya Roy Kapur & Sanya Malhotra As Dr. Akash & Shruti
tHSi6GRrLns,Ludo
tHSi6GRrLns,Netflix India
MKQyq54oLlA,Rajkummar Rao & Fatima Sana Shaikh As Aloke & Pinky
MKQyq54oLlA,Ludo
MKQyq54oLlA,Netflix India
CNy855q6u6I,Abhishek Bachchan & Inayat Verma As Bittu & Mini
CNy855q6u6I,Ludo
CNy855q6u6I,Netflix India
39lW6kuD9o4,Pankaj Tripathi As Sattu
39lW6kuD9o4,Ludo
39lW6kuD9o4,Netflix India
oVN46KxExf4,Son Of Abish Ft. Abhishek Bachchan & Inayat Verma
oVN46KxExf4,Netflix India
fqDNngjHa-k,Make Diwali Ads Great Again
fqDNngjHa-k,Sacred Games
fqDNngjHa-k,Netflix India
Hr2bBzKM3FY,@Mythpat @Technogamerzofficial Play Ultimate Ludo Ft. Bollywood Stars
Hr2bBzKM3FY,@Suhanishah
Hr2bBzKM3FY,Netflix India
Cpf00865jYI,Make Diwali Ads Great Again
Cpf00865jYI,Narcos
Cpf00865jYI,Netflix India
5IQ645-UUV4,Fabulous Lives Of Bollywood Wives
5IQ645-UUV4,Official Trailer
5IQ645-UUV4,Netflix India
a1iH_f1AHao,@Tanmaybhat Reacts To 90S Bollywood Films
a1iH_f1AHao,Netflix India
vv__-0tgAEA,What If Ludo Was A Person Ft. @Ashishchanchlanivines
vv__-0tgAEA,Ludo
vv__-0tgAEA,Netflix India
pHIOCWfEcOA,"Types Of College Friends Ft. Prajakta Koli, Rohit Saraf"
pHIOCWfEcOA,Mismatched
pHIOCWfEcOA,Netflix India
sZlOUOwJths,Make Diwali Ads Great Again
sZlOUOwJths,Money Heist
sZlOUOwJths,Netflix India
-8skWAuUxwU,Indian Chai Is The Best
-8skWAuUxwU,Keerthy Suresh
-8skWAuUxwU,Miss India
-8skWAuUxwU,Netflix India
IwsHwyEack0,Why Is Breaking Bad The Best Show Ever?
IwsHwyEack0,Decode With @Dhruvrathee
IwsHwyEack0,Netflix India
JPI0qlfoUQI,Anurag Basu Wants To Play Ludo Ft. The Cast Of Ludo
JPI0qlfoUQI,Netflix India
ljdvd3Qp6Ck,Andhaghaaram
ljdvd3Qp6Ck,Official Trailer
ljdvd3Qp6Ck,"Arjun Das, Pooja Ramachandran, Vinoth Kishan"
ljdvd3Qp6Ck,Netflix India
4I-xbxLbKMc,Son Of Abish: Season 8
4I-xbxLbKMc,Date Announcement
4I-xbxLbKMc,Netflix India
TQI8HLPQnT0,The Umbrella Academy: Season 2
TQI8HLPQnT0,Hindi Trailer
TQI8HLPQnT0,Netflix India
x3d0ycDDchk,"If You Like This, Watch This Ft. @Beerbiceps & @Barkhasingh"
x3d0ycDDchk,Mindhunter
x3d0ycDDchk,Netflix India
bpGBtdZ0Wj0,Ayushmann Finds Out Tabus Secret
bpGBtdZ0Wj0,Piano Scene
bpGBtdZ0Wj0,Andhadhun
bpGBtdZ0Wj0,Netflix India
pN8szfQsJdQ,Mumbai Vs Delhi Street Food With Rajkummar Rao & Akshay Nayar
pN8szfQsJdQ,Menu Please
pN8szfQsJdQ,Ludo
pN8szfQsJdQ,Netflix India
js2_NtVfhI8,Keerthy Suresh Job Interview
js2_NtVfhI8,Miss India
js2_NtVfhI8,Netflix India
VO1qLZXIwv0,Prajakta Koli & Rohit Saraf React To Their Trailer
VO1qLZXIwv0,Mismatched
VO1qLZXIwv0,Netflix India
j-AZ0QyWCcM,Keerthy Suresh Tries 6 Types Of Chai Ft. Tenzing From @Oktestedbyscoopwhoop
j-AZ0QyWCcM,Menu Please
j-AZ0QyWCcM,Miss India
uYmwNNkix-k,Mismatched
uYmwNNkix-k,Official Trailer
uYmwNNkix-k,"Prajakta Koli, Rohit Saraf & Rannvijay Singha"
uYmwNNkix-k,Netflix India
LE9E1D0zH00,@Samayrainaofficial Reacts To The Queen'S Gambit Ft. Sagar Shah
LE9E1D0zH00,Netflix India
NSZC5IRNRRM,Andhaghaaram
NSZC5IRNRRM,Musical Teaser
NSZC5IRNRRM,"Arjun Das, Pooja Ramachandran, Vinoth Kishan"
NSZC5IRNRRM,Netflix India
PBVvvxol2zI,Abhishek Bachchan Spills The Truth With Inayat Verma
PBVvvxol2zI,Ludo
PBVvvxol2zI,Netflix India
pAzbj0Frhjc,Miss India Funny Bloopers
pAzbj0Frhjc,Keerthy Suresh
pAzbj0Frhjc,Netflix India
5oRczmZ6dGU,"""Kahaan Gadey The?"""
5oRczmZ6dGU,Ramadhir Singh Best Scene
5oRczmZ6dGU,Gangs Of Wasseypur
5oRczmZ6dGU,Netflix India
sBlH5m7xWok,Tango With Tanya Maniktala & Mikhail Sen
sBlH5m7xWok,A Suitable Boy
sBlH5m7xWok,Netflix India
VfOi5CRCi74,Kaali Khuhi Ka Raaz
VfOi5CRCi74,"Shabana Azmi, Leela Samson, Sanjeeda Sheikh"
VfOi5CRCi74,Netflix India
B1eqbsX0EcQ,"Try Not To Aww Challenge Ft. Tanya Maniktala, Vijay Varma, Rasika Dugal"
B1eqbsX0EcQ,A Suitable Boy
KEij09l3ZmQ,@Flyingbeast320 Trains His Daughter
KEij09l3ZmQ,The Mighty Little Bheem Challenge
KEij09l3ZmQ,Netflix India
LyQgSJhz5lU,Shahrukh Khan Is The King Of The World
LyQgSJhz5lU,Don Climax Scene
LyQgSJhz5lU,Netflix India
RnK9wokdySM,Mein Udna Chahta Hoon
RnK9wokdySM,Ranbir Kapoor & Deepika Padukone
RnK9wokdySM,Yeh Jawaani Hai Deewani
RnK9wokdySM,Netflix India
ww44r3aXs48,Emily In Paris
ww44r3aXs48,Hindi Trailer
ww44r3aXs48,Netflix India
xyut7M8w3m8,Halloween Challenge: Try Not To Get Scared
xyut7M8w3m8,We Dare You To Watch: Part 2
xyut7M8w3m8,Netflix India
H_PCnbrAsDo,The Haunting Of Bly Manor
H_PCnbrAsDo,Hindi Trailer
H_PCnbrAsDo,Netflix India
ZitBFaFQfVY,"Arranged Marriages Behensplained Ft. @Dollysinghofficial, Rasika Dugal, Tanya Maniktala, Shahana Goswami"
Lbl4ZDYANKQ,Ishaan Khatter Reads Thirst Dms
Lbl4ZDYANKQ,A Suitable Boy
Lbl4ZDYANKQ,Netflix India
FFpI83OJYtY,@Amitbhadana Ki Arranged Marriage
FFpI83OJYtY,Netflix India
4S7LDSX6LHY,Ishaan Khatter & Vijay Varma Dub Famous Dialogues Ft. @Varunthakurofficial
4S7LDSX6LHY,A Suitable Boy
4S7LDSX6LHY,Netflix India
e-A-2btgIHM,The White Tiger
e-A-2btgIHM,Hindi Teaser
e-A-2btgIHM,"Priyanka Chopra Jonas, Rajkummar Rao, Adarsh Gourav"
dbHu3StsZi0,Money Heist: The Spanish Masala Blockbuster
dbHu3StsZi0,Decode With @Dhruvrathee
dbHu3StsZi0,Netflix India
QW5mq7isyqE,The Midnight Sky
QW5mq7isyqE,George Clooney
QW5mq7isyqE,Hindi Trailer
QW5mq7isyqE,Netflix India
RAeLUEdHCLo,Tabu Steals Ishaan Khatter'S Heart
RAeLUEdHCLo,A Suitable Boy
RAeLUEdHCLo,Netflix India
GldiborGuWo,The Midnight Sky Starring George Clooney
GldiborGuWo,Date Announcement
GldiborGuWo,Netflix India
Y-ZDIF3MI7U,Chaand Ke Paar Chalo
Y-ZDIF3MI7U,@Mymissanand12 Diy Rocket Challenge
Y-ZDIF3MI7U,Over The Moon
Y-ZDIF3MI7U,Netflix India
oDBQ5lCJ4Tc,
oDBQ5lCJ4Tc,Over The Moon
oDBQ5lCJ4Tc,Hindi Trailer
oDBQ5lCJ4Tc,Netflix India
lReav1y2DG8,Who Will Win Lata'S Heart?
lReav1y2DG8,Tanya Maniktala
lReav1y2DG8,A Suitable Boy
lReav1y2DG8,Netflix India
ctSuFdgngyQ,"12 Indian States, 12 Sweets Ft. Vikrant Massey"
ctSuFdgngyQ,Menu Please
ctSuFdgngyQ,Netflix India
FWQmmUMxIfk,Raat Hai Kaala Ft. Nawazuddin Siddiqui
FWQmmUMxIfk,Music Video
FWQmmUMxIfk,Serious Men
FWQmmUMxIfk,Netflix India
r5K0bwe5NBc,Miss India
r5K0bwe5NBc,Official Trailer
r5K0bwe5NBc,Keerthy Suresh
r5K0bwe5NBc,Netflix India
1MIFav2ouZQ,Banake Rocket Jaaoon Moon Ft. Akasa
1MIFav2ouZQ,Over The Moon
1MIFav2ouZQ,Music Video
1MIFav2ouZQ,Netflix India
WiOLYOzA1bQ,Behensplaining
WiOLYOzA1bQ,Srishti Dixit & @Kushakapila5643 Review Crash Landing On You
WiOLYOzA1bQ,Netflix India
l4TUNIQ6Aws,"If Bollywood Stars Were Netflix Characters Ft. Saif, Sobhita, Emraan & Sunny Leone"
l4TUNIQ6Aws,Netflix India
OaoGX-CNXVM,Pickup Lines With Tanya Maniktala
OaoGX-CNXVM,A Suitable Boy
OaoGX-CNXVM,Netflix India
OrgmUSDwWWI,Gangs Of Wasseypur Vs. Sacred Games
OrgmUSDwWWI,Vikrant Massey & Vijay Varma
OrgmUSDwWWI,Netflix India
bNt8eGCY1sk,@Dollysinghofficial Seeks Dating Advice From Ahsaas Channa & Ayesha Raza
bNt8eGCY1sk,Ginny Weds Sunny
bNt8eGCY1sk,Netflix India
Azemax9aUZU,Radhika Apte Vs. Vikrant Massey: Who Will Win?
Azemax9aUZU,Netflix India
jcIiYYXlsQ4,Is Gangs Of Wasseypur Indias Most Important Film?
jcIiYYXlsQ4,Decode With @Dhruvrathee
jcIiYYXlsQ4,Netflix India
PUD7vAuPGxM,@Slayypointofficial Reviews 10000+ Iq Memes
PUD7vAuPGxM,Now Memeing
PUD7vAuPGxM,Netflix India
8-3xEpIIsCM,
8-3xEpIIsCM,A Suitable Boy
8-3xEpIIsCM,Hindi Trailer
8-3xEpIIsCM,Netflix India
NjzIKERMHwg,Ludo
NjzIKERMHwg,Press Conference
NjzIKERMHwg,"Abhishek Bachchan, Aditya Roy Kapur, Rajkummar Rao, Pankaj Tripathi"
Srp90Hp0G70,Ludo
Srp90Hp0G70,Official Trailer
Srp90Hp0G70,"Abhishek A Bachchan, Aditya Roy Kapur, Rajkummar Rao, Pankaj Tripathi"
KFehxFRLkLw,Delhi'S Best Dhaba Food Feat. @Oktestedbyscoopwhoop Squad
KFehxFRLkLw,Baba Ka Dhaba
KFehxFRLkLw,"Tenzing, Aakansha"
KFehxFRLkLw,Menu Please
054rZyNf_uY,Signs You Are Geet From Jab We Met
054rZyNf_uY,Kareena Kapoor
054rZyNf_uY,Netflix India
weoaSiyNejw,Tasting 7-Star Food Vs Jail Food
weoaSiyNejw,Bad Boy Billionaires
weoaSiyNejw,"Akshay Nayar, Kanishk Priyadarshi"
S7DPXk5Ym6I,Ishaan Khatter As Maan
S7DPXk5Ym6I,A Suitable Boy
S7DPXk5Ym6I,Netflix India
m1Rctd4K7u8,Behensplaining
m1Rctd4K7u8,Srishti Dixit & @Kushakapila5643 Review Andaz Apna Apna
m1Rctd4K7u8,Netflix India
kji5F02FemY,Kaali Khuhi
kji5F02FemY,Official Trailer
kji5F02FemY,"Shabana Azmi, Leela Samson, Sanjeeda Sheikh"
kji5F02FemY,Netflix India
Oxmm238BH7k,Tanya Maniktala As Lata
Oxmm238BH7k,A Suitable Boy
Oxmm238BH7k,Netflix India
CaqaSccbcP0,Rooting For Roona
CaqaSccbcP0,Behind The Scenes
CaqaSccbcP0,Netflix India
l1OXgoX_2vU,@Mythpat Dubs Znmd
l1OXgoX_2vU,"Among Us With Hrithik Roshan, Farhan Akhtar, Abhay Deol"
l1OXgoX_2vU,Netflix India
I6pfjZ_qEoA,What Makes The Big Bang Theory Great?
I6pfjZ_qEoA,Decode With @Dhruvrathee
I6pfjZ_qEoA,Netflix India
fUxFxv9d5fY,@Tanmaybhat & Ashish Shakya React To Bad Boy Billionaires
fUxFxv9d5fY,Netflix India
Ekx-uL5Nv2E,"Ahsaas Channa'S Top 5 Netflix Features, Tips & Tricks"
Ekx-uL5Nv2E,Netflix India
NrAitsCP11g,Shah Rukh Khan'S Most Emotional Speech
NrAitsCP11g,Kal Ho Naa Ho
NrAitsCP11g,Netflix India
hIIUhApsfr4,The Subrata Roy Story
hIIUhApsfr4,Promo
hIIUhApsfr4,Bad Boy Billionaires
hIIUhApsfr4,Netflix India
_XHhsot0_XU,Best Of Welcome
_XHhsot0_XU,"Akshay Kumar, Anil Kapoor, Katrina Kaif"
_XHhsot0_XU,Netflix India
Fh3BUC7azh0,The Nirav Modi Story
Fh3BUC7azh0,Promo
Fh3BUC7azh0,Bad Boy Billionaires
Fh3BUC7azh0,Netflix India
AH2_jL2bu9w,The Cutest Dhaba Date Ft. Vikrant Massey & Yami Gautam
AH2_jL2bu9w,Ginny Weds Sunny
AH2_jL2bu9w,Netflix India
rL-qlbCFIlk,Pankaj Tripathi'S Reaction Inspires Fans
rL-qlbCFIlk,Gunjan Saxena
rL-qlbCFIlk,You'Re Just A Story Away
rL-qlbCFIlk,Netflix India
dmk10UM-OK4,Can Celebrities Get Depressed? Ft. Ileana D'Cruz
dmk10UM-OK4,"@Dollysinghofficial, @Kushakapila5643"
dmk10UM-OK4,Behensplained
htEaEIB1WcM,Money Heist Vs. Ocean'S Eleven
htEaEIB1WcM,Vikrant Massey & Vijay Varma
htEaEIB1WcM,Netflix India
Ul6sFGTo-lc,Nawazuddin Siddiqui Talks To The Professor
Ul6sFGTo-lc,Money Heist X Serious Men
Ul6sFGTo-lc,Netflix India
P9KxAJAWhGc,A Suitable Boy
P9KxAJAWhGc,Official Trailer
P9KxAJAWhGc,"Tabu, Ishaan Khatter, Tanya Maniktala"
P9KxAJAWhGc,Netflix India
nMu8xo0ueqc,The Vijay Mallya Story
nMu8xo0ueqc,Promo
nMu8xo0ueqc,Bad Boy Billionaires
nMu8xo0ueqc,Netflix India
eBxw0waQyq8,Savage Dad Vs Savage Son
eBxw0waQyq8,Serious Men
eBxw0waQyq8,"Rohan Shah, Darshan Jariwala"
eBxw0waQyq8,Netflix India X @Filtercopy
IA8GXpQDtSA,Rooting For Roona
IA8GXpQDtSA,Official Trailer
IA8GXpQDtSA,Netflix India
PuBjjk8CcIg,Is Vikrant Shaadi Material?
PuBjjk8CcIg,"Vikrant Massey, Yami Gautam & Ayesha Raza"
PuBjjk8CcIg,Ginny Weds Sunny
AgVKqgHdK3k,Indian Mom Secrets: Revealed
AgVKqgHdK3k,"Shayan, @Sejalkumarofficial, @Radhikabangiaofficialchannel"
AgVKqgHdK3k,Enola Holmes
AgVKqgHdK3k,Netflix India
JbfXaqFX4CI,Decode With Dhruv
JbfXaqFX4CI,Truth About Bollywood Outsiders
JbfXaqFX4CI,@Dhruvrathee
JbfXaqFX4CI,Netflix India
j7xQjUKrFkQ,Shah Rukh Khan: Rahul Is A Playboy
j7xQjUKrFkQ,Kuch Kuch Hota Hai
j7xQjUKrFkQ,Netflix India
AZoWW7Z1cSY,Sawan Mein Lag Gayi Aag: Behind The Scenes
AZoWW7Z1cSY,"Vikrant, Yami, Badshah, Mika & Neha"
AZoWW7Z1cSY,Ginny Weds Sunny
5hY0qcQvsBg,Serious Men: Behind The Scenes
5hY0qcQvsBg,"Nawazuddin Siddiqui, Sudhir Mishra, Manu Joseph"
5hY0qcQvsBg,Netflix India
BkXieITdcs8,Nawazuddin Siddiqui Breaking News
BkXieITdcs8,Child Genius?
BkXieITdcs8,@Theharshbeniwal
BkXieITdcs8,Netflix India
kr6tkvFGpZA,Kaali Khuhi
kr6tkvFGpZA,Official Teaser
kr6tkvFGpZA,"Shabana Azmi, Leela Samson, Sanjeeda Sheikh"
kr6tkvFGpZA,Netflix India
i_1W7agHwAA,Nawazuddin Siddiqui'S 4G Theory
i_1W7agHwAA,Serious Men
i_1W7agHwAA,Netflix India
E-4LU7opcKE,Allu Arjun Teaches A Lesson
E-4LU7opcKE,Ala Vaikunthapurramloo
E-4LU7opcKE,Netflix India
UV3FNIUiPbQ,@Triggeredinsaan Reviews Impostors Among Netflix
UV3FNIUiPbQ,Netflix India
BsCGt9c4byU,Serious Men: The Truth About Child Genius Scams
BsCGt9c4byU,@Dhruvrathee
BsCGt9c4byU,Manu Joseph
BsCGt9c4byU,Netflix India
jD0xQhRoNmw,Millie Bobby Brown Solves Whacky Riddles With Louis Partridge
jD0xQhRoNmw,Enola Holmes
jD0xQhRoNmw,Netflix India
C_PnTCMWiek,Behensplaining
C_PnTCMWiek,@Kushakapila5643 & @Drtrintrin Review Dostana
C_PnTCMWiek,Netflix India
XbOgspQctcw,@Slayypointofficial Challenges Nawazuddin Siddiqui - Who Will Win?!
XbOgspQctcw,Serious Men
XbOgspQctcw,Netflix India
4m0vBNtWQts,@Tanmaybhat & Bunty React To Sacred Games
4m0vBNtWQts,Jatin Sarna
4m0vBNtWQts,Netflix India
P-NqFiNTovI,Child Genius Answers Netflix Questions
P-NqFiNTovI,Serious Men
P-NqFiNTovI,Netflix India
tKOqZYqzczE,Imtiaz Ali On Growing Up With Movies
tKOqZYqzczE,Just A Story Away
tKOqZYqzczE,Netflix India
tSWySapfMwY,Anatomy Of A F*Ckboi Ft. Vikrant Massey
tSWySapfMwY,Netflix India
4a4ASoBY7xA,Munna Bhai'S Best Love Advice
4a4ASoBY7xA,Sanjay Dutt
4a4ASoBY7xA,Lage Raho Munna Bhai
4a4ASoBY7xA,Netflix India
VB5LqZAuiWw,@Melvinlouis Challenges Vikrant & Yami To The Sawan Hookstep
VB5LqZAuiWw,Ginny Weds Sunny
VB5LqZAuiWw,Netflix India
2Fw-XMwsEQI,Bhumi Pednekar On Following Your Dreams
2Fw-XMwsEQI,Stories Behind The Story
2Fw-XMwsEQI,Just A Story Away
ZmmAGFpg-EQ,Dhruv And Kavya Have That Talk
ZmmAGFpg-EQ,Little Things
ZmmAGFpg-EQ,Netflix India
YbAlu3tJl_c,"Vikrant Massey, Yami Gautam & Mika Singh Play Antakshari"
YbAlu3tJl_c,Ginny Weds Sunny
YbAlu3tJl_c,Netflix India
WubL3Jdn4bs,Hookup Culture & Finding Real Connections
WubL3Jdn4bs,Farhad Karkaria
WubL3Jdn4bs,Just A Story Away
WubL3Jdn4bs,Netflix India
oAs5khkftsw,@Yashrajmukhateofficial: Marriages Are Breaking Like Biscuits
oAs5khkftsw,Dialogue With Beats
oAs5khkftsw,Netflix India
BbJ3Oc7m4ig,Millie Bobby Brown Makes A Strange Friend
BbJ3Oc7m4ig,Enola Holmes
BbJ3Oc7m4ig,Netflix India
XTrC3vRA4d0,Konkona Sensharma On Growing Up
XTrC3vRA4d0,Just A Story Away
XTrC3vRA4d0,Netflix India
CLYzAYt21uI,Behensplaining
CLYzAYt21uI,Srishti Dixit & @Kushakapila5643 Review Dabangg
CLYzAYt21uI,Netflix India
WTJW2Ol1c0g,Ginny Weds Sunny
WTJW2Ol1c0g,Official Trailer
WTJW2Ol1c0g,"Vikrant Massey, Yami Gautam & Ayesha Raza"
WTJW2Ol1c0g,Netflix India
IIj8QhRfdnY,@Tanmaybhat Reacts To Naruto
IIj8QhRfdnY,Netflix India
nuF2mR5z_CA,Yuvraj Singh Looks Up To Sachin Tendulkar
nuF2mR5z_CA,Stories Behind The Story
nuF2mR5z_CA,Just A Story Away
jDp6238k-fE,Bhumi Pednekar Gives A1 Dating Advice
jDp6238k-fE,Dolly Kitty Aur Woh Chamakte Sitare
jDp6238k-fE,Netflix India
Ht-VQpDm3JU,Millie Bobby Brown & Louis Partridge Play Words Associations
Ht-VQpDm3JU,Enola Holmes
Ht-VQpDm3JU,Netflix India
gVWEh3GqVts,Nawazuddin Siddiqui'S Wisdom Will Astonish You
gVWEh3GqVts,Serious Men
gVWEh3GqVts,Netflix India
wXWqncYzJCY,Is @Slayypointofficial Too Sanskari To Handle?
wXWqncYzJCY,Now Memeing
wXWqncYzJCY,Netflix India
QPSMoc7w5wg,Amitabh Bachchan'S Iconic Moments
QPSMoc7w5wg,Netflix India
1rm3uscf-1Y,How Bojack Horseman Changed My Life Ft. Gaia Meera
1rm3uscf-1Y,Just A Story Away
1rm3uscf-1Y,Netflix India
DoJ_ljlJb-U,The Lol Song
DoJ_ljlJb-U,Music Video Teaser
DoJ_ljlJb-U,"Vikrant Massey, Yami Gautam"
DoJ_ljlJb-U,Ginny Weds Sunny
DoJ_ljlJb-U,Netflix India
nVjv_50EfNk,Shah Rukh Khan And Kajol Are Friend Goals
nVjv_50EfNk,Kuch Kuch Hota Hai
nVjv_50EfNk,Netflix India
bmlJdmlahto,When Aamir Khan And Darsheel Safary Made Us All Cry
bmlJdmlahto,Taare Zameen Par
bmlJdmlahto,Netflix India
QDQWyBPYl2E,How Cinema Inspires Pankaj Tripathi
QDQWyBPYl2E,Stories Behind The Story
QDQWyBPYl2E,Just A Story Away
dN1AeKeCqWE,Comedy Behensplained
dN1AeKeCqWE,"@Dolly Singh, Srishti Dixit, Archana Puran & Shikha Talsania"
dN1AeKeCqWE,Netflix India
naXf8R1aOik,Serious Men
naXf8R1aOik,2Nd Oct
naXf8R1aOik,Official Trailer
naXf8R1aOik,"Nawazuddin Siddiqui, M. Nasser, Sudhir Mishra"
naXf8R1aOik,Netflix
SguT9aI0QZE,@Tanmaybhat & Vikrant Massey: What Happens After We Die?
SguT9aI0QZE,Cargo
SguT9aI0QZE,Netflix India
tCbxJa5Ii88,Behind The Scenes: Dolly Kitty Aur Woh Chamakte Sitare Ft. Konkona & Bhumi
tCbxJa5Ii88,Netflix India
gHITkLlkYN8,How The Great Khali'S Daughter Has Changed His Life
gHITkLlkYN8,Stories Behind The Story
gHITkLlkYN8,Just A Story Away
jUJ7N_ahv4Y,
jUJ7N_ahv4Y,Enola Holmes
jUJ7N_ahv4Y,Millie Bobby Brown
jUJ7N_ahv4Y,Official Trailer
jUJ7N_ahv4Y,Netflix India
UqiQS5qxW2U,Sneak Peek: Dolly Kitty Aur Woh Chamakte Sitare
UqiQS5qxW2U,"Konkona Sen Sharma, Bhumi Pednekar"
UqiQS5qxW2U,Netflix India
VpAwtpNgpXk,Decode With Dhruv
VpAwtpNgpXk,Dark: Is Time Travel Possible In Real Life?!
VpAwtpNgpXk,@Dhruvrathee
VpAwtpNgpXk,Netflix India
WIfZZRFxTA4,How Indian Matchmaking Inspired An English Teacher
WIfZZRFxTA4,Stories Behind The Story
WIfZZRFxTA4,Just A Story Away
YIMsbwKMfbY,"Never Have I Ever Ft. Konkona, Bhumi, Kubbra & Amol"
YIMsbwKMfbY,Dolly Kitty
YIMsbwKMfbY,Netflix India
Qrd75GcGFvg,@Mythpat Can'T Hear #Alive
Qrd75GcGFvg,#Alive
Qrd75GcGFvg,Netflix India
U-CigH1AlAU,Farhan Akhtar'S Heart Warming Poem
U-CigH1AlAU,Zindagi Na Milegi Dobara
U-CigH1AlAU,Netflix India
SXP8lTUZjhM,Shweta Tripathi Eats Her Last Meal On Earth
SXP8lTUZjhM,Menu Please
SXP8lTUZjhM,Cargo
SXP8lTUZjhM,Netflix India
5LHxvJ8bp-w,@Viviandivine On Why Mumbai Has His Heart
5LHxvJ8bp-w,Stories Behind The Story
5LHxvJ8bp-w,Just A Story Away
IwhIfHxNqzs,Cargo
IwhIfHxNqzs,What Does Prahastha Do?
IwhIfHxNqzs,"Vikrant Massey, Shweta Tripathi"
IwhIfHxNqzs,Netflix India
vSgmKTUfD0g,Meet Kitty
vSgmKTUfD0g,Bhumi Pednekar
vSgmKTUfD0g,Dolly Kitty Aur Woh Chamakte Sitare
vSgmKTUfD0g,Netflix India
zDi_wWcpPug,"Srishti Dixit, Kusha Kapila & Masaba Gupta Destroy Labels"
zDi_wWcpPug,Netflix India
O4GQc4jWOSM,How Anurag Kashyap Writes His Characters
O4GQc4jWOSM,Stories Behind The Story
O4GQc4jWOSM,Just A Story Away
GQb8b5NFeLQ,You'Re Just A Story Away
GQb8b5NFeLQ,"Sacred Games, Stranger Things, Money Heist & So Much More"
GQb8b5NFeLQ,Netflix India
_iMvaehSNJo,@Dhruvrathee & Sima Taparia Full Interview
_iMvaehSNJo,Decode With Dhruv
_iMvaehSNJo,Netflix India
sLECmdpbfHc,Ross Gets A Tan
sLECmdpbfHc,F.R.I.E.N.D.S
sLECmdpbfHc,Netflix India
k_hIVDupXkQ,Meet Dolly
k_hIVDupXkQ,Konkona Sen Sharma
k_hIVDupXkQ,Dolly Kitty Aur Woh Chamakte Sitare
k_hIVDupXkQ,Netflix India
wzKu5YveS_8,Indian Matchmaking & Sima Taparia: Reality Show Or Reality Check?
wzKu5YveS_8,@Dhruvrathee
wzKu5YveS_8,Netflix India
Hxdg23eI59g,Mirzapur S2 On Netflix???
Hxdg23eI59g,Now Memeing Ft. @Slayypointofficial
Hxdg23eI59g,Netflix India
c2CbVWRPPB0,Masaba Masaba: The Making Of
c2CbVWRPPB0,"Masaba Gupta, Neena Gupta"
c2CbVWRPPB0,Netflix India
tSmhwGgk0oA,Is Gangs Of Wasseypur Still Awesome?
tSmhwGgk0oA,Video Essay
tSmhwGgk0oA,Netflix India
ZvpdN4VltKY,Cargo
ZvpdN4VltKY,Trailer
ZvpdN4VltKY,"Vikrant Massey, Shweta Tripathi"
ZvpdN4VltKY,9 September
K6Y89l_hciY,Ashokan Meets Ajayan The Newly Wed
K6Y89l_hciY,Jacob Gregory
K6Y89l_hciY,Maniyarayile Ashokan
K6Y89l_hciY,Netflix India
BWskVUyLF3g,Behind The Scenes Of Aunty Kisko Bola Be
BWskVUyLF3g,"Neena Gupta, Mithila Palkar"
BWskVUyLF3g,Masaba Masaba
Kt7-7lF7jKk,Spiciest Chicken Dinner Challenge With @Mortalyt
Kt7-7lF7jKk,Menu Please
Kt7-7lF7jKk,Netflix India
lMxYLapanN0,Malayalam For Beginners Ft. @Dqsalmaan & Jacob Gregory
lMxYLapanN0,Maniyarayile Ashokan
lMxYLapanN0,Netflix India
IaB1Lp9_XxY,@Bbkivines
IaB1Lp9_XxY,Angry Masterji
IaB1Lp9_XxY,Part: Teacher'S Day Special
IaB1Lp9_XxY,Netflix India
7BPhjrt7xzI,Neena And Masaba Play Never Have I Ever
7BPhjrt7xzI,Masaba Masaba
7BPhjrt7xzI,Netflix India
aHmrfp0H7eM,Behensplaining
aHmrfp0H7eM,@Kushakapila5643 & Merenla Imsong Review Pink
aHmrfp0H7eM,Netflix India
as3YLG5DmL0,Dolly Kitty Aur Woh Chamakte Sitare
as3YLG5DmL0,Trailer
as3YLG5DmL0,"Konkona Sen Sharma, Bhumi Pednekar"
as3YLG5DmL0,Netflix India
KX815gzT2vA,Masaba Gupta Leaked Audition Tape
KX815gzT2vA,Masaba Masaba
KX815gzT2vA,Netflix India
OU8E4WXYD9s,My Hero Academia
OU8E4WXYD9s,Deku And Bakugo'S Fight
OU8E4WXYD9s,Netflix India
V6rUNPH1JYg,5 Reasons Why We Love Phoebe
V6rUNPH1JYg,Friends
V6rUNPH1JYg,Netflix India
HImdaB7zI1g,Rise Of Hindi Stand Up Comedy Online
HImdaB7zI1g,"@Dhruvrathee, @Tanmaybhat & Prashasti Singh"
HImdaB7zI1g,Netflix India
sPQfVXSCHrM,Gang-Tae And Moon-Young'S Kiss
sPQfVXSCHrM,It'S Okay To Not Be Okay
sPQfVXSCHrM,Netflix India
_2DYLrHbwcI,Welcome To Netflix India'S Youtube Channel!
_2DYLrHbwcI,Channel Trailer
_2DYLrHbwcI,Netflix India
WnGpzJpB3UI,Chadwick Bosemans Monologue
WnGpzJpB3UI,Da 5 Bloods
WnGpzJpB3UI,Netflix India
hQF5lpig_AY,Unnimaya Song
hQF5lpig_AY,Maniyarayile Ashokan
hQF5lpig_AY,Dulquer Salmaan
hQF5lpig_AY,Gregory
hQF5lpig_AY,Sreehari K Nair
hQF5lpig_AY,Shamzu Zayba
h5GdZXfKWaU,Crime Master Gogo Funny Scene
h5GdZXfKWaU,Andaz Apna Apna
h5GdZXfKWaU,Netflix India
TDdSmzgwehY,Robert Downey Jrs Fight Scene
TDdSmzgwehY,Sherlock Holmes
TDdSmzgwehY,Netflix India
0TxfLdJ24VM,Bella Ciao Indian Version
0TxfLdJ24VM,Dhol Taasha Cover
0TxfLdJ24VM,Money Heist
0TxfLdJ24VM,Netflix India
INzU-gFx_gA,Neena Gupta Is Mom Goals
INzU-gFx_gA,Masaba Masaba
INzU-gFx_gA,Netflix India
BK5R_LupnbU,Dhamaal Aeroplane Scene
BK5R_LupnbU,Vijay Raaz
BK5R_LupnbU,Netflix India
THuBsdeNj6g,Behensplaining
THuBsdeNj6g,Srishti Dixit & Kusha Kapila Review Om Shanti Om
THuBsdeNj6g,Netflix India
6lkYIdk0CWo,Maniyarayile Ashokan
6lkYIdk0CWo,Trailer
6lkYIdk0CWo,"Jacob Gregory, Dulquer Salmaan, Anupama Parameswaran"
TOQl6l3MOgk,Top 5 Badass Bobby Deol Moments
TOQl6l3MOgk,Class Of '83
TOQl6l3MOgk,Netflix India
HZKfnggdXRA,Lucifer'S Seven Pillars Of Confidence Ft.@Beerbiceps
HZKfnggdXRA,Lucifer
HZKfnggdXRA,Netflix India
p4hX_EzrImU,Decode With Dhruv
p4hX_EzrImU,How Friends Influenced Indian Culture
p4hX_EzrImU,@Dhruvrathee
p4hX_EzrImU,Netflix India
tXsB0LP6Yl4,Mithila Palkar & Neena Gupta In Aunty Kisko Bola Bey?
tXsB0LP6Yl4,Masaba Masaba
tXsB0LP6Yl4,Netflix India
QhTMExX0wcg,Bobby Deol Reacts To Bobby Deol Memes
QhTMExX0wcg,Netflix India
93x2dzvx1Ow,Lucifer & Chloe
93x2dzvx1Ow,Netflix India
tyqoPUKZzMA,Is Lord Of The Rings Still Awesome?
tyqoPUKZzMA,Video Essay
tyqoPUKZzMA,Netflix India
5IFy-Z1GW2o,Janhvi Kapoor'S Cheat Meal
5IFy-Z1GW2o,Menu Please
5IFy-Z1GW2o,Gunjan Saxena
5IFy-Z1GW2o,Netflix India
7b_4w4fhaEQ,When Your Parents Get You A Surprise Rishta
7b_4w4fhaEQ,Aggretsuko
7b_4w4fhaEQ,Netflix India
6OIGYTcVDjs,Gangs Of Wasseypur Best Moments
6OIGYTcVDjs,"Manoj Bajpayee, Nawazuddin Siddiqui"
6OIGYTcVDjs,Netflix India
kW4sScqzemk,Behensplaining
kW4sScqzemk,Srishti Dixit & Kusha Kapila Review Gunjan Saxena: The Kargil Girl
kW4sScqzemk,Netflix India
pCdS3XaoqZg,Bad Boy Bobby
pCdS3XaoqZg,Official Music Video
pCdS3XaoqZg,"Bobby Deol, @Tadpatritalkies"
pCdS3XaoqZg,Class Of '83
pCdS3XaoqZg,Netflix India
wSIVsH2EBE0,@Tanmaybhat Reacts To Lucifer
wSIVsH2EBE0,Netflix India
cW_u1AKKt-4,Behind The Scenes: Class Of '83 Ft. Bobby Deol & Shah Rukh Khan
cW_u1AKKt-4,Netflix India
4alFnTlxxC8,The Ultimate Lucifer Season 4 Recap
4alFnTlxxC8,Netflix India
irnNQ63DX6M,Mithila Palkar & Dhruv Sehgal'S Relationship Secrets
irnNQ63DX6M,Little Things
irnNQ63DX6M,Netflix India
LJnnXpBGPWg,Bobby Deols Return
LJnnXpBGPWg,Teaser
LJnnXpBGPWg,Class Of 83
LJnnXpBGPWg,Netflix India
7USWkWiEqp0,Signs You Are Klaus
7USWkWiEqp0,The Umbrella Academy
7USWkWiEqp0,Netflix India
RqsEdMfXv-E,Beyond The Boundary: Icc Women'S T20 World Cup Australia 2020
RqsEdMfXv-E,Official Trailer
RqsEdMfXv-E,Netflix India
XGnWk32PT3w,Pankaj Tripathi Learns Millennial Lingo From Janhvi Kapoor
XGnWk32PT3w,Gunjan Saxena: The Kargil Girl
3UqWU4aQz7w,
3UqWU4aQz7w,Hindi Dub
3UqWU4aQz7w,Project Power Shooting Scene
3UqWU4aQz7w,Netflix India
YDD-bSwFMes,Behind The Takeoff
YDD-bSwFMes,Janhvi Kapoor
YDD-bSwFMes,Gunjan Saxena: The Kargil Girl
YDD-bSwFMes,Netflix India
DKlVz1R41jQ,Pankaj Tripathi'S Motivational Speech
DKlVz1R41jQ,Gunjan Saxena: The Kargil Girl
DKlVz1R41jQ,Netflix India
Zc3zqtBetZk,Independence Day Message Ft. Pankaj Tripathi
Zc3zqtBetZk,Gunjan Saxena
Zc3zqtBetZk,Netflix India
3egiaZE9Z3M,Team Gunjan Saxena Reacts To Comments
3egiaZE9Z3M,"Pankaj Tripathi, Janhvi Kapoor"
3egiaZE9Z3M,Netflix India
QHseJLhAm-I,Baarish Behensplained
QHseJLhAm-I,"@Dollysinghofficial, @Kushakapila5643, @Sucharitatyagi & Anushka Manchanda"
i3IuXm_de3I,Masaba Masaba
i3IuXm_de3I,Official Trailer
i3IuXm_de3I,"Masaba Gupta, Neena Gupta"
i3IuXm_de3I,Netflix India
Ut9Ykbvd-oU,@Tanmaybhat Reacts To Peaky Blinders
Ut9Ykbvd-oU,Netflix India
oyX5h7tbnI0,Nawazuddin Siddiqui Top 5 Badass Moments
oyX5h7tbnI0,Netflix India
Q9xlB4BuIVo,Presenting
Q9xlB4BuIVo,
Q9xlB4BuIVo,Netflix India
O0wvslA4BEg,Indian Food Is The Best
O0wvslA4BEg,@Thevirdas Standup Comedy
O0wvslA4BEg,Netflix India
xh-QO-W3CZM,Hrithik Roshan'S 10 Year Transformation
xh-QO-W3CZM,Netflix India
0yJDF9hFr34,When You Guess Nawazs Age Incorrectly
0yJDF9hFr34,Nawazuddin Siddiqui
0yJDF9hFr34,Gangs Of Wasseypur 2
0yJDF9hFr34,Netflix India
8_GJB1Ofrvs,Is Haider Still Awesome?
8_GJB1Ofrvs,Video Essay
8_GJB1Ofrvs,Netflix India
s9wel9NOJcE,What Happened To Nawazuddin Siddiqui? Ft. Bunty
s9wel9NOJcE,Raat Akeli Hai
s9wel9NOJcE,Netflix India
ratmCUd8pv0,What Being Stuck At Home Feels Like
ratmCUd8pv0,Netflix India
57mkMEzU3Ps,Patrick Sings Simply The Best For David
57mkMEzU3Ps,"Daniel Levy, Noah Reid"
57mkMEzU3Ps,Schitt'S Creek
57mkMEzU3Ps,Netflix India
-4g670w8N6w,Behensplaining
-4g670w8N6w,Srishti Dixit & Kusha Kapila Review Chalte Chalte
-4g670w8N6w,Netflix India
_dO3HsZa4nM,Pankaj Tripathi & Janhvi Kapoor: The Best Father-Daughter Duo
_dO3HsZa4nM,Gunjan Saxena
_dO3HsZa4nM,Netflix India
wlVAQMB7TDY,Class Of 83
wlVAQMB7TDY,Official Trailer
wlVAQMB7TDY,Bobby Deol
wlVAQMB7TDY,Netflix India
To54dv2jnJg,"Permission Leni Chahiye, Na?"
To54dv2jnJg,Nawazuddin Siddiqui
To54dv2jnJg,Gangs Of Wasseypur
To54dv2jnJg,Netflix India
3qUuKcrmhtA,Passport Photo At Komali Photo Studio
3qUuKcrmhtA,Satyadev
3qUuKcrmhtA,Uma Maheswara Ugra Roopasya
3qUuKcrmhtA,Netflix India
RUli-yvj4Mg,Number 5 Vs The Commission Board
RUli-yvj4Mg,The Umbrella Academy
RUli-yvj4Mg,Netflix India
eE-Wz4ELUCs,The Story Behind Gunjan Saxena: The Kargil Girl
eE-Wz4ELUCs,Janhvi Kapoor
eE-Wz4ELUCs,Netflix India
BL8NqSLf2ns,Sabka Badla Lega Tera Faizal
BL8NqSLf2ns,Nawazuddin Siddiqui
BL8NqSLf2ns,Gangs Of Wasseypur 2
BL8NqSLf2ns,Netflix India
_aYDuKtJUfM,Nawazuddin Siddiqui Interrogates Radhika Apte
_aYDuKtJUfM,Raat Akeli Hai
_aYDuKtJUfM,Netflix India
q4WDn5RXRS4,Kenny Sebastian Sings The Cake Song
q4WDn5RXRS4,Stand-Up Comedy
q4WDn5RXRS4,Netflix India
iEjg7HSBaiQ,Money Heists Hidden Character? Ft. Danish Sait
iEjg7HSBaiQ,La Casa De Papel
iEjg7HSBaiQ,Netflix India
uZi46FXMGBk,"Catching Up With Long Distance Friends Ft. Kanan Gill, Dolly Singh, Ayush Mehra"
uZi46FXMGBk,Netflix India
MQRe-1fiNTI,Nawazuddin Siddiqui & Radhika Apte Break Down Raat Akeli Hai
MQRe-1fiNTI,Honey Trehan
MQRe-1fiNTI,Netflix India
xQeI8HOVaUY,Signs That Prove They Are Your Friends
xQeI8HOVaUY,F.R.I.E.N.D.S.
xQeI8HOVaUY,Netflix India
F8ECUF2RlMs,Exclusive: 7 Minutes Of Raat Akeli Hai Ft. Nawazuddin Siddiqui
F8ECUF2RlMs,Sneak Peek
F8ECUF2RlMs,Netflix India
rtGIq9Xjnrw,Gunjan Saxena: The Kargil Girl
rtGIq9Xjnrw,Official Trailer
rtGIq9Xjnrw,Netflix India
M0myBYgYjzw,@Tanmaybhat & Rohan Joshi React To The Indian Matchmaking Reunion
M0myBYgYjzw,Netflix India
P6jCD_kLGEk,Nawazuddin Siddiqui Interrogates The Cast Of Raat Akeli Hai
P6jCD_kLGEk,Netflix India
ggzOfWWpoK8,Uma Maheswara Ugra Roopasya
ggzOfWWpoK8,Trailer
ggzOfWWpoK8,Netflix India
LAFV20fgQAo,Radhika Apte Finally Returns To Netflix
LAFV20fgQAo,Netflix India
FB_nr_x5Xbc,Indian Matchmaking: The Cast Finally Reunites Ft. Dolly Singh
FB_nr_x5Xbc,Netflix India
pLit03osDuk,The Kissing Booth 2
pLit03osDuk,Elle And Marco'S Dance Performance
pLit03osDuk,Netflix India
qLb7y96njW0,Indian Matchmaking: Parents Vs. Kids
qLb7y96njW0,"Ahsaas Channa, Yashaswini Dayama, Viraj"
qLb7y96njW0,Netflix India
uokx342SfnM,How To Cook The Perfect Kerala Parotta Ft. Anna Ben
uokx342SfnM,Menu Please
uokx342SfnM,Netflix India
WJjpraa8lT8,Nimue'S Inspirational Speech Ft. Katherine Langford
WJjpraa8lT8,Cursed
WJjpraa8lT8,Netflix India
BZSCdxNt8Kc,Behensplaining
BZSCdxNt8Kc,Srishti Dixit & Kusha Kapila Review Indian Matchmaking
BZSCdxNt8Kc,Netflix India
blN7_hFDz4E,Top 8 Indian Matchmaking Moments
blN7_hFDz4E,Netflix India
D5ITRzUol6M,Nawazuddin Siddiqui Welcomes The Raat Akeli Hai Cast To Netflix
D5ITRzUol6M,Netflix India
J_DvPXTRqZg,"The Strip ""Happy Days"" Game"
J_DvPXTRqZg,Friends
J_DvPXTRqZg,Netflix India
H-9XpJJcQOA,@Tanmaybhat Reacts To Indian Matchmaking
H-9XpJJcQOA,Netflix India
UqtRNSzYMwc,Bulbbul & Satya'S Reunion
UqtRNSzYMwc,Tripti Dimri & Avinash Tiwary
UqtRNSzYMwc,Bulbbul
UqtRNSzYMwc,Netflix India
zZ_dXjsyP5E,Who Is Sima Aunty?
zZ_dXjsyP5E,Mumbai'S Top Matchmaker
zZ_dXjsyP5E,Indian Matchmaking
zZ_dXjsyP5E,Netflix India
PmvsAi89BDM,Bathroom Fight Scene
PmvsAi89BDM,Tom Cruise & Henry Cavill
PmvsAi89BDM,Mission: Impossible- Fallout
PmvsAi89BDM,Netflix India
h2awOqwbzjQ,North-Eastern Delicacies With Sayani Gupta & Lin Laishram
h2awOqwbzjQ,Menu Please
h2awOqwbzjQ,Axone
h2awOqwbzjQ,Netflix India
0CrWcG_w7mU,Gaitonde & The Professor: Do You Ship It?
0CrWcG_w7mU,Sacred Games X Money Heist
0CrWcG_w7mU,Netflix India
7tqIueX1W0g,The Behensplaining Dubstep Remix Song Ft. Srishti Dixit & Kusha Kapila
7tqIueX1W0g,Netflix India
uc78PxSxXMg,Raat Akeli Hai
uc78PxSxXMg,Official Trailer
uc78PxSxXMg,"Nawazuddin Siddiqui, Radhika Apte, Honey Trehan"
uc78PxSxXMg,Netflix India
ExPc6F50qjQ,@Mortalyt & @Xyaalive React To The Old Guard
ExPc6F50qjQ,Netflix India
OuNJ8bkkoJM,17 Upcoming Netflix Originals
OuNJ8bkkoJM,Netflix India
fOVZZ-Y_VeI,
fOVZZ-Y_VeI,Netflix
7jVTMHun0w0,The Ultimate One Punch Man Workout Plan
7jVTMHun0w0,Netflix India
kTL4CtBp8qw,Warrior Nun Epic Hallway Fight Scene Ft. Beatrice
kTL4CtBp8qw,Netflix India
AaooLzbpiHc,Roshan Mathew & Anna Ben Cute Scene
AaooLzbpiHc,Kappela
AaooLzbpiHc,Netflix India
MHPfaZGX1ds,Best Nairobi & Tokyo Moments
MHPfaZGX1ds,Money Heist
MHPfaZGX1ds,La Casa De Papel
MHPfaZGX1ds,Netflix India
ay8L0UVam8I,Do You Speak Russian?
ay8L0UVam8I,Charlize Theron Airplane Action Scene
ay8L0UVam8I,The Old Guard
ay8L0UVam8I,Netflix India
oRydF3jVDS0,Are You The Best?
oRydF3jVDS0,Kay Kay Menon'S Speech
oRydF3jVDS0,Penalty
oRydF3jVDS0,Netflix India
7kZRqpKrsQM,Dark: The Ending Explained
7kZRqpKrsQM,Netflix India
CVff8Rxo7e4,The Old Guard
CVff8Rxo7e4,Official Trailer
CVff8Rxo7e4,Charlize Theron
CVff8Rxo7e4,Netflix India
Z4oURbiA7MM,Behensplaining
Z4oURbiA7MM,Funniest Bloopers & Bts Ft. Srishti Dixit & Kusha Kapila
Z4oURbiA7MM,Netflix India
wSKumnh1MHo,Indian Matchmaking
wSKumnh1MHo,Official Trailer
wSKumnh1MHo,Netflix
ZKcDzzWhoGs,Dark: How Your Favourite Characters Transformed Over Time
ZKcDzzWhoGs,Netflix India
D4j522M30I0,@Tanmaybhat Reacts To Dark
D4j522M30I0,Netflix India
8AiDfy0YuEo,Dark: Bloopers
8AiDfy0YuEo,Behind The Scenes
8AiDfy0YuEo,Netflix India
UviC8so8lv4,@Ashishchanchlanivines Explains Dark
UviC8so8lv4,Netflix India
IHXLwJKcSJk,Joey Is A Sex Addict
IHXLwJKcSJk,Friends
IHXLwJKcSJk,Netflix India
Cjy3mDurACQ,60 Years Of Bollywood In Two Minutes
Cjy3mDurACQ,Netflix India
33v36vEt46s,What Sacred Games Sounds Like In Other Languages
33v36vEt46s,Netflix India
x3ZrZjR2Fbs,Kuch Kuch Hota Hai & Student Of The Year Are Literally The Same Film
x3ZrZjR2Fbs,Netflix India
Tvnv_JyZzc4,Most Iconic Bollywood Movie Scenes Of All Time
Tvnv_JyZzc4,Netflix India
HuYiAMgPAcs,Behensplaining
HuYiAMgPAcs,Srishti Dixit & Kusha Kapila Review Love Aaj Kal
HuYiAMgPAcs,Netflix India
ZMcFM3fWKTw,
ZMcFM3fWKTw,The Old Guard
ZMcFM3fWKTw,Official Trailer
ZMcFM3fWKTw,Netflix India
XNT-bKXucrI,
XNT-bKXucrI,Lucifer Meets Chloe For The First Time
XNT-bKXucrI,Hindi Dub
XNT-bKXucrI,Netflix India
ei8GvX_duCI,Frankie Ramdayal
ei8GvX_duCI,Funny Scene
ei8GvX_duCI,Shah Rukh Khan
ei8GvX_duCI,Kal Ho Naa Ho
ei8GvX_duCI,Netflix India
285tgWqHJEw,"Tripti Dimri, Rahul Bose & Avinash Tiwary Play True Or False: Superstition Edition"
285tgWqHJEw,Netflix India
WoytihkwgXM,Bulbbuls Savage Comeback
WoytihkwgXM,Bulbbul
WoytihkwgXM,Netflix India
GhBuKV2WWVw,Ahsaas Channa & Sharan Nair Talk About Chudails & Myths
GhBuKV2WWVw,Bulbbul
GhBuKV2WWVw,Netflix India
yVwl3E9sKFE,The Cast Of Dark Breaks Down Indian Fan Theories
yVwl3E9sKFE,Netflix India
4cUSHVCh0RE,Behensplaining
4cUSHVCh0RE,Srishti Dixit & Kusha Kapila Review Heroine
4cUSHVCh0RE,Netflix India
kG7X5uOhdJg,The Ultimate Dark Recap
kG7X5uOhdJg,Season 1 & 2
kG7X5uOhdJg,Netflix India
VIkop8AAe_k,Anurag Kashyap Gets Roasted By Bollywood
VIkop8AAe_k,Netflix India
0tSXkqt3uLQ,Eric And His Dad
0tSXkqt3uLQ,Ncuti Gatwa
0tSXkqt3uLQ,Sex Education
0tSXkqt3uLQ,Netflix India
YlkYYqCqlcE,Cooking Axone Ft. Sayani Gupta & Lin Laishram
YlkYYqCqlcE,Axone
YlkYYqCqlcE,Netflix India
brKwPqQip-k,Web Ne Bana Di Jodi
brKwPqQip-k,Short Film
brKwPqQip-k,"Apoorva Arora, Veer Rajwant Singh"
brKwPqQip-k,Home Stories
brKwPqQip-k,Netflix India
hSkN2q7O014,Types Of Indian Dads
hSkN2q7O014,Fathers Day Special
hSkN2q7O014,Netflix India
Uvj3b_YD9ak,What If Danish Sait Was In Choked
Uvj3b_YD9ak,Sketch Comedy
Uvj3b_YD9ak,Netflix India
e_p7PLsOyBs,Behensplaining
e_p7PLsOyBs,Srishti Dixit & Kusha Kapila Review Fifty Shades Freed
e_p7PLsOyBs,Netflix India
KPetjVj1c9A,Anushka Sharma'S Childhood Stories & Bulbbul
KPetjVj1c9A,Karnesh Ssharma & Anvita Dutt
KPetjVj1c9A,Netflix India
4MGReT9-cAg,Bulbbul
4MGReT9-cAg,Official Trailer
4MGReT9-cAg,"Tripti Dimri, Rahul Bose, Avinash Tiwary"
4MGReT9-cAg,Netflix India
DG_GktpyPsM,@Tanmaybhat Reacts To One Punch Man
DG_GktpyPsM,Netflix India
0c25HAe8IAk,Will You Be My Quarantine?
0c25HAe8IAk,Short Film
0c25HAe8IAk,Saba Azad & Imaad Shah
0c25HAe8IAk,Netflix India
FvL3OuHqB98,Delivering Smiles
FvL3OuHqB98,Short Film
FvL3OuHqB98,Tanmay Dhanania
FvL3OuHqB98,Home Stories
FvL3OuHqB98,Netflix India
vHz-n1Eso48,Fabiola Comes Out To Her Mother
vHz-n1Eso48,Never Have I Ever
vHz-n1Eso48,Netflix India
y6O7rqg0u2s,Out With It
y6O7rqg0u2s,Short Film
y6O7rqg0u2s,Arjun Mathur
y6O7rqg0u2s,Home Stories
y6O7rqg0u2s,Netflix India
EpEoDqGuLbY,Home Stories
EpEoDqGuLbY,Full Movie
EpEoDqGuLbY,"Arjun Mathur, Apoorva Arora, Veer Rajwant Singh"
EpEoDqGuLbY,Netflix India
kq3prKemM3U,Home Stories
kq3prKemM3U,Official Trailer
kq3prKemM3U,"Arjun Mathur, Apoorva Arora, Veer Rajwant Singh"
kq3prKemM3U,Netflix India
QVjh_6tmEBw,The Malayalee Experience With Roshan Mathew Ft. Anto Philip
QVjh_6tmEBw,Choked
QVjh_6tmEBw,Netflix India
0a5F2AcGJMk,Introducing Gunjan Saxena: The Kargil Girl
0a5F2AcGJMk,Janhvi Kapoor
0a5F2AcGJMk,A Netflix Original Film
0a5F2AcGJMk,Netflix India
LEvTG8XeW14,Saiyami Kher Leaked Audition Tape
LEvTG8XeW14,Choked
LEvTG8XeW14,Netflix India
01h3hZbGu8c,Can @Jordindian Cook Dosa & Hummus In 15 Minutes?
01h3hZbGu8c,Menu Please
01h3hZbGu8c,Netflix India
pa6laB9orDQ,Top 7 Sheldon Cooper Moments
pa6laB9orDQ,Jim Parsons
pa6laB9orDQ,The Big Bang Theory
pa6laB9orDQ,Netflix India
gP_tCFWvEi0,Behensplaining
gP_tCFWvEi0,Srishti Dixit & Kusha Kapila Are Jhalli And Proud
gP_tCFWvEi0,Spoken Fest
gP_tCFWvEi0,Netflix India
OfPxG3dUXLQ,Anurag Kashyap'S Vlog: How To Unchoke A Sink In 3 Easy Steps
OfPxG3dUXLQ,Choked
OfPxG3dUXLQ,Netflix India
XTB6NtbPs6w,@Tanmaybhat Reacts To Stranger Things
XTB6NtbPs6w,Hindi Dub
XTB6NtbPs6w,Netflix India
CWs1KXP7ng4,Anurag Kashyaps Relationship Advice Ft. Roshan Mathew & Saiyami Kher
CWs1KXP7ng4,Choked
CWs1KXP7ng4,Netflix India
H5Lp4BGXrMk,Why Indians Need Chappals
H5Lp4BGXrMk,Kenny Sebastian Stand-Up Comedy
H5Lp4BGXrMk,Netflix India
LMQ-iJ9wiiA,Betaal: Behind The Scenes
LMQ-iJ9wiiA,"Viineet Kumar, Aahana Kumra, Suchitra Pillai"
LMQ-iJ9wiiA,Netflix India
EXBg8ebMq4A,Why Kanan Doesn'T Want To Live On This Planet Anymore
EXBg8ebMq4A,Sketch Comedy
EXBg8ebMq4A,Space Force
EXBg8ebMq4A,Netflix India
zKi9GOU54nU,5 Real Life Incidents That Might Have Inspired Betaal Ft. @Ankurxankur
zKi9GOU54nU,Netflix India
94DgUCUcjFs,Watch Kenny'S Special
94DgUCUcjFs,Sketch Comedy
94DgUCUcjFs,"Kanan, Biswa, Rahul, Prashasti, Aisha Ahmed"
94DgUCUcjFs,Netflix India
8BmPp-GbY6c,The Best Dosa In Bangalore
8BmPp-GbY6c,Part 2
8BmPp-GbY6c,Kanan Gill & Kenny Sebastian
8BmPp-GbY6c,Menu Please
8BmPp-GbY6c,Netflix India
KDv1TVDSGaQ,The Legend Of The Betaal Mountain
KDv1TVDSGaQ,@Khoonimonday
KDv1TVDSGaQ,Netflix India
KtMQyBK1-Mw,Salman Khan & Akshay Kumar'S Rivalry
KtMQyBK1-Mw,Wicked Sunny
KtMQyBK1-Mw,Mujhse Shaadi Karogi
KtMQyBK1-Mw,Netflix India
5kn09vc8tcI,How Middle Class Is @Kennysebastian? Ft. @Tanmaybhat & @Rajmas
5kn09vc8tcI,Netflix India
CvfTqvQ26C8,Challenge: Try To Not Get Scared
CvfTqvQ26C8,We Dare You To Watch This Alone
CvfTqvQ26C8,Netflix India
rqS2pnylNa8,What Does Brain Taste Like? Ft. Aahana Kumra
rqS2pnylNa8,Menu Please
rqS2pnylNa8,Netflix India
SOf7cIdsxto,Take A Chill Pill
SOf7cIdsxto,"Shah Rukh Khan, Kajol, Kareena Kapoor"
SOf7cIdsxto,Kabhi Khushi Kabhie Gham
SOf7cIdsxto,Netflix India
BBdz6ZX373s,Betaal: Watch The First 7 Minutes
BBdz6ZX373s,"Viineet Singh, Aahana Kumra, Jitendra Joshi"
BBdz6ZX373s,Netflix India
4uv50QxyPrk,"Horror Night With Betaal Ft Rohan Joshi, Viineet Kumar, Aahana Kumra, Patrick Graham, Nikhil Mahajan"
DQ05VweGDB8,Behensplaining
DQ05VweGDB8,Srishti Dixit & Kusha Kapila Review Kuch Kuch Hota Hai
DQ05VweGDB8,Netflix India
CYxKLE9YoDM,@Tanmaybhat Reacts To Death Note
CYxKLE9YoDM,Netflix India
KY3D-htXKFE,Choked
KY3D-htXKFE,Official Trailer
KY3D-htXKFE,"Saiyami Kher, Roshan Mathew, Amruta Subhash, Rajshri Deshpande"
KY3D-htXKFE,Netflix
pKJVT7VZanU,Bheem & The Twins
pKJVT7VZanU,Mighty Little Bheem
pKJVT7VZanU,Netflix India
RGHsRLPEx6c,Top 9 Funniest Joey Moments Ft. Matt Leblanc
RGHsRLPEx6c,Friends
RGHsRLPEx6c,Netflix India
ky4Gw0PGIXI,Never Have I Ever: Most Savage Comebacks
ky4Gw0PGIXI,"Maitreyi Ramakrishnan, Poorna Jagannathan"
ky4Gw0PGIXI,Netflix India
ZfXpo1ghR8s,What Are The Odds?
ZfXpo1ghR8s,Official Trailer
ZfXpo1ghR8s,"Abhay Deol, Yashaswini, Karanvir, Monica"
ZfXpo1ghR8s,Netflix India
O80gwpaGQXY,Shah Rukh Khan'S Introduction To The Class
O80gwpaGQXY,Main Hoon Na
O80gwpaGQXY,Netflix India
NxG9wdLYkhQ,Sanjay Mishra Audition Scene
NxG9wdLYkhQ,Har Kisse Ke Hisse: Kaamyaab
NxG9wdLYkhQ,Netflix India
mSzmNFTlyrc,Malang Official Trailer
mSzmNFTlyrc,"Disha Patani, Aditya Roy Kapur, Anil Kapoor, Elli Avram"
mSzmNFTlyrc,Netflix India
U4VZQEgymA0,"Behensplaining Season 1 Marathon Ft. @Kushakapila5643, Srishti Dixit & @Mostlysane"
U4VZQEgymA0,Netflix India
IolAJRGpLZg,For The Heroes Behind The Scenes Ft. Anurag Kashyap
IolAJRGpLZg,The Making Of...
IolAJRGpLZg,Netflix India
l-7X0HpR99c,Summer Of 69 Song Explained
l-7X0HpR99c,Yeh Meri Family
l-7X0HpR99c,Netflix India
Kxqd-M6k4S0,What Is The Format Of A Formal Letter?
Kxqd-M6k4S0,Kanan Gill Stand-Up Comedy
Kxqd-M6k4S0,Netflix India
vmLCfFZiCAc,Types Of Indian Aunties
vmLCfFZiCAc,Never Have I Ever
vmLCfFZiCAc,Netflix India
vaZxu0tAFog,Every Kill In Extraction Ft. Chris Hemsworth & Randeep Hooda
vaZxu0tAFog,Extraction
vaZxu0tAFog,Netflix India
dVcrqZv9qY8,Funny Mother-Son Phone Conversation Ft. Sunny Kaushal
dVcrqZv9qY8,Bhangra Paa Le
dVcrqZv9qY8,Netflix India
mx2g-7Y0XjA,Vijay Deverakonda & Rashi Khanna Romantic Scene
mx2g-7Y0XjA,World Famous Lover
mx2g-7Y0XjA,Netflix India
B-7jmhmQxQY,Types Of Indian Moms
B-7jmhmQxQY,Mothers Day Special
B-7jmhmQxQY,Netflix India
jjT1HNojG4s,How To Cook 3 Easy Meals In 20 Minutes Ft. Saransh Goila
jjT1HNojG4s,Menu Please
jjT1HNojG4s,Netflix India
EbnesllsLuU,Happy Mothers Day
EbnesllsLuU,Netflix India
ul3XJzfj3Iw,Behensplaining
ul3XJzfj3Iw,Srishti Dixit & Kusha Kapila Review Zindagi Na Milegi Dobara
ul3XJzfj3Iw,Netflix India
YSEVaVc-nOo,Betaal Official Trailer
YSEVaVc-nOo,"Viineet Kumar, Aahana Kumra, Suchitra Pillai"
YSEVaVc-nOo,24 May
YSEVaVc-nOo,Netflix India
1Upgl-MYCFM,Kenny Sebastian: The Most Interesting Person In The Room
1Upgl-MYCFM,Official Trailer
1Upgl-MYCFM,Netflix India
ItBMTvTfhxQ,
ItBMTvTfhxQ,Tik Tok Challenge
ItBMTvTfhxQ,Never Have I Ever
ItBMTvTfhxQ,Netflix India
y20mK-Gudms,
y20mK-Gudms,Extraction
y20mK-Gudms,Netflix India
jmgLEnbp5go,Why Did Brutus Stab Julius Caesar?
jmgLEnbp5go,Kanan Gill Stand-Up Comedy
jmgLEnbp5go,Netflix India
9xksXQyKYWg,"@Tanmaybhat, Prashasti, Kaneez, Niveditha & Supriya React To Too Hot To Handle"
9xksXQyKYWg,Netflix India
DB9gteLd8hE,What Happens In Small Towns?
DB9gteLd8hE,Niveditha Prakasam Stand-Up Comedy
DB9gteLd8hE,Ladies Up
DB9gteLd8hE,Netflix India
RyR811WhA_k,Best Shahrukh & Kajol Moments
RyR811WhA_k,Rahul & Anjali
RyR811WhA_k,Netflix India
cP8_4VJ3-x0,"Rejected Mercenaries Ft. @Beyounick, @Kushakapila5643 & @Varunthakurofficial"
cP8_4VJ3-x0,Extraction
cP8_4VJ3-x0,Netflix India
sDwQebnonBc,Behensplaining
sDwQebnonBc,Srishti Dixit & Kusha Kapila Review Kabir Singh
sDwQebnonBc,Netflix India
Enz2MTjd1mk,Extraction
Enz2MTjd1mk,@Mortalyt And @Xyaalive React To The One Shot Scene
Enz2MTjd1mk,Netflix India
3YvJAfpjOTg,Get Him Back Ft. Pankaj Tripathi
3YvJAfpjOTg,Extraction
3YvJAfpjOTg,Netflix India
Vw5jb0m6HlQ,"Coronavirus, Explained"
Vw5jb0m6HlQ,Official Trailer
Vw5jb0m6HlQ,Netflix India
P6aPg3YBvBQ,How Indians Do Timepass
P6aPg3YBvBQ,Kanan Gill Stand-Up Comedy
P6aPg3YBvBQ,Netflix India
9uak3eNiov0,Exclusive Clip: Close The City Ft. Priyanshu Painyuli
9uak3eNiov0,Extraction
9uak3eNiov0,Netflix India
rEzhJr2jtdo,Kanan Gill Answers Fan Questions
rEzhJr2jtdo,"Yours Sincerely, Kanan Gill"
rEzhJr2jtdo,Standup Special
rEzhJr2jtdo,Netflix India
yUV-zC25Ze8,Netflix
yUV-zC25Ze8,Netflix India
zmB1BVKkwVk,The Best Dosa In Bangalore
zmB1BVKkwVk,Part 1
zmB1BVKkwVk,Kanan Gill & Kenny Sebastian
zmB1BVKkwVk,Menu Please
zmB1BVKkwVk,Netflix India
ssrAiGH4WV0,Behensplaining
ssrAiGH4WV0,Srishti Dixit & Kusha Kapila Review Bhool Bhulaiyaa
ssrAiGH4WV0,Netflix India
dZFR8y5rpnM,Vir Das Gets Ready For Hasmukh
dZFR8y5rpnM,Hasmukh
dZFR8y5rpnM,Netflix India
huREUI4Z-a4,Too Hot To Handle: Every Time Someone Spent Money
huREUI4Z-a4,Netflix India
Bg5WSvcAPQg,Mighty Little Bheem And Magic
Bg5WSvcAPQg,Netflix India
IzSaHRfEU9I,Why Do Flavoured Condoms Exist?
IzSaHRfEU9I,Supriya Joshi Stand-Up Comedy
IzSaHRfEU9I,Ladies Up
IzSaHRfEU9I,Netflix India
xBLk8Mgdf8E,"Extraction Trailer Reaction Ft. @Tanmaybhat, Srishti Dixit & @Kushakapila5643"
xBLk8Mgdf8E,Netflix India
2NQH0Zn-zl4,Kanan Gill Hates Marketing
2NQH0Zn-zl4,Yours Sincerely
2NQH0Zn-zl4,Netflix India
kVctkxvfWnM,Indians & Nris
kVctkxvfWnM,Kaneez Surka Stand-Up Comedy
kVctkxvfWnM,Ladies Up
kVctkxvfWnM,Netflix India
v45lih_3uSQ,
v45lih_3uSQ,Sex Education: Romantic Moments
v45lih_3uSQ,Hindi Dub
v45lih_3uSQ,Netflix India
xBsXpbfuJj4,
xBsXpbfuJj4,Never Have I Ever
xBsXpbfuJj4,Official Hindi Trailer
xBsXpbfuJj4,Netflix
SarjxS9nxvA,Money Heist Professor: Moments We Fell In Love With Him
SarjxS9nxvA,La Casa De Papel
SarjxS9nxvA,Netflix India
sRv_Px28swQ,Hasmukh: Watch The First 10 Minutes
sRv_Px28swQ,Sneak Peek
sRv_Px28swQ,"Vir Das, Ranveer Shorey"
sRv_Px28swQ,Netflix India
Qs8nl1ZK1uw,Behensplaining: Work From Home
Qs8nl1ZK1uw,Srishti Dixit & Kusha Kapila Review Love Is Blind
Qs8nl1ZK1uw,Netflix India
kwTNtpx13ZE,Mrs. Serial Killer Official Trailer
kwTNtpx13ZE,"Jacqueline Fernandez, Manoj Bajpayee"
kwTNtpx13ZE,May 1
kwTNtpx13ZE,Netflix India
6HjHn0ki8zE,Extraction: The Making Of An Action Scene
6HjHn0ki8zE,Chris Hemsworth
6HjHn0ki8zE,Netflix India
2Ka_p1L1yhU,Mrs. Serial Killer
2Ka_p1L1yhU,"Jacqueline Fernandez, Manoj Bajpayee"
2Ka_p1L1yhU,Date Announcement
2Ka_p1L1yhU,Netflix India
ZSfl2yVmXt8,
ZSfl2yVmXt8,Extraction
ZSfl2yVmXt8,Official Hindi Trailer
ZSfl2yVmXt8,Netflix India
QjnmPazw9EI,15 Times Chandler Bing Was The King Of Sarcasm Ft. Matthew Perry
QjnmPazw9EI,Friends
QjnmPazw9EI,Netflix India
wQU4sF1E7Uo,Jada
wQU4sF1E7Uo,Messi'S Half Line Goal
wQU4sF1E7Uo,"Kathir, Yogi Babu"
wQU4sF1E7Uo,Netflix India
xTbE3JkJfOs,Best Dialogues From Money Heist
xTbE3JkJfOs,La Cast De Papel
xTbE3JkJfOs,Netflix India
xJfbh_W_rLY,Angry Birds And The Last Tree Standing
xJfbh_W_rLY,Netflix India
KEHGy1HObnA,Aaditi Pohankar And The Waiter
KEHGy1HObnA,She
KEHGy1HObnA,Netflix India
FpIp0-QrHkE,
FpIp0-QrHkE,Hindi Dub
FpIp0-QrHkE,The Dark Knight Party Scene
FpIp0-QrHkE,Netflix India
ZrIQ4Y7Nyho,Jojo Calls Bunty During Lockdown
ZrIQ4Y7Nyho,Sacred Games
ZrIQ4Y7Nyho,Netflix India
uidhrz19uwE,"Up, Real Estate & Ravish Kumar"
uidhrz19uwE,Prashasti Singh Stand-Up Comedy
uidhrz19uwE,Ladies Up
uidhrz19uwE,Netflix India
G52W1D7cMBw,Extended Bloopers
G52W1D7cMBw,Sex Education: Season 2
G52W1D7cMBw,Netflix India
2ez8LuqNibg,Things Only 90S Kids Remember Ft.@Tanmaybhat And @Kanan_Gill
2ez8LuqNibg,At Home With Netflix
2ez8LuqNibg,Netflix India
uBoijwzuY5s,Ti Amo Full Song Ft. Pedro Alonso
uBoijwzuY5s,Money Heist
uBoijwzuY5s,La Casa De Papel
uBoijwzuY5s,Netflix India
lMeS_xoQNHU,Dulquer Salmaan Proposes To Ritu Varma
lMeS_xoQNHU,Kannum Kannum Kollaiyadithaal
lMeS_xoQNHU,Netflix India
GJQsT-h0FTU,Extraction
GJQsT-h0FTU,Chris Hemsworth
GJQsT-h0FTU,Official Trailer
GJQsT-h0FTU,Netflix India
DcaXUV2v3AE,@Kanan_Gill & @Tanmaybhat React To Tiger King
DcaXUV2v3AE,At Home With Netflix
DcaXUV2v3AE,Netflix India
l8_5TpRQVv0,Aaditi Pohankar Gets Into Costume For She
l8_5TpRQVv0,Netflix India
kqKJhFpH0vQ,"Yours Sincerely, Kanan Gill"
kqKJhFpH0vQ,Standup Comedy Special
kqKJhFpH0vQ,Official Trailer
kqKJhFpH0vQ,Netflix India
9Gg6rVq8H-0,Hasmukh Official Trailer
9Gg6rVq8H-0,"Vir Das, Ranveer Shorey"
9Gg6rVq8H-0,17 April
9Gg6rVq8H-0,Netflix India
HmnDPSBHzCE,@Tanmaybhat Hasn'T Seen Money Heist
HmnDPSBHzCE,La Casa De Papel
HmnDPSBHzCE,Netflix India
4Y36lbUM0_c,Extended Bloopers
4Y36lbUM0_c,Money Heist
4Y36lbUM0_c,La Casa De Papel
4Y36lbUM0_c,Netflix India
UXdK7fgEwV0,The Last Time You Saw Them
UXdK7fgEwV0,Money Heist
UXdK7fgEwV0,La Casa De Papel
UXdK7fgEwV0,Netflix India
jlEbFvGwcUc,The One Where We Work From Home: The Friends Edition
jlEbFvGwcUc,Netflix India
cFI5Rbxo_ms,Bal Ganesh And The Moon
cFI5Rbxo_ms,Kids Animation
cFI5Rbxo_ms,Netflix India
6TPML831oPk,"Prashasti, Supriya, Niveditha & Kaneez Compete In A Compliment Battle"
6TPML831oPk,Ladies Up
6TPML831oPk,Netflix India
SBrlNJn9q2Y,Asmr: Nikita Dutta Makes & Eats Bun Maska
SBrlNJn9q2Y,Netflix India
TNnqobZlPbk,Allu Arjun Fight Scene
TNnqobZlPbk,Ala Vaikunthapurramloo
TNnqobZlPbk,Netflix India
qk-mt3o5n2I,300 Irani Food Vs 1500 Irani Food Ft. Shirley Setia & Prit Kamani
qk-mt3o5n2I,Menu Please
qk-mt3o5n2I,Netflix India
aHm4djE8EFU,"Jaaved Jaaferi, Prit Kamani And The Maska Family"
aHm4djE8EFU,Netflix India
BdV6vpqbkRc,Behensplaining
BdV6vpqbkRc,Srishti Dixit & Kusha Kapila Review Raja Hindustani
BdV6vpqbkRc,Netflix India
dUvI2KD3f9c,"I Wanna Hang With You Ft. Shirley Setia, Prit Kamani"
dUvI2KD3f9c,Maska
dUvI2KD3f9c,Music Video
dUvI2KD3f9c,Netflix India
OA4zeY5T0Uk,300 Jalebis Vs. 1200 Jalebis
OA4zeY5T0Uk,Menu Please Ft. Supriya Joshi & Niveditha Prakasam
OA4zeY5T0Uk,Netflix India
UYFAXB_R1ps,"Lana Condor Tries Bun Maska For The First Time Ft. Prit Kamani, Nikita Dutta"
UYFAXB_R1ps,Maska
UYFAXB_R1ps,Netflix India
RGOqzw604QY,Vijay Varma Introduces Aaditi Pohankar To The Netflix Family
RGOqzw604QY,She
RGOqzw604QY,Netflix India
46cXFUzR9XM,Bella Ciao Full Song
46cXFUzR9XM,La Casa De Papel
46cXFUzR9XM,Money Heist
46cXFUzR9XM,Netflix India
V7FkLydsh2E,Aamir Khan Plays The Same Character In Dangal & Taare Zameen Par
V7FkLydsh2E,Netflix India
AQZnn8j-7LM,Prashasti Singh Tries Maharashtrian Food
AQZnn8j-7LM,Menu Please
AQZnn8j-7LM,Netflix India
Fg7c3ls-e30,She: Watch The First 10 Minutes
Fg7c3ls-e30,Sneak Peek
Fg7c3ls-e30,Vijay Varma & Aditi Pohankar
Fg7c3ls-e30,Netflix India
IxOoZahHzs8,Behensplaining
IxOoZahHzs8,Srishti Dixit & Kusha Kapila Review Dil Chahta Hai
IxOoZahHzs8,Netflix India
4R2O1SeB0TM,Mighty Little Bheem
4R2O1SeB0TM,Tug Of War
4R2O1SeB0TM,Netflix India
b1o2jMoTOts,Irrfan Khan: Bollywood'S Most Versatile Actor
b1o2jMoTOts,Netflix India
kTxoUFgq5F8,Introducing Vijay Varma As Sasya
kTxoUFgq5F8,She
kTxoUFgq5F8,Imtiaz Ali
kTxoUFgq5F8,A Netflix Original Series
kTxoUFgq5F8,March 20
iYTvCx5egCQ,Munna Bhai Funny Exam Cheating Scene
iYTvCx5egCQ,Sanjay Dutt
iYTvCx5egCQ,Munna Bhai M.B.B.S.
iYTvCx5egCQ,Netflix India
OST0GGS-O4M,Exam Time Rap Ft. Jordindian
OST0GGS-O4M,Official Music Video
OST0GGS-O4M,Netflix India
YLuDb7SFhkk,Investigating Who Is Guilty
YLuDb7SFhkk,Guilty
YLuDb7SFhkk,"Kiara Advani, Taher, Akansha, Gurfateh"
YLuDb7SFhkk,Netflix India
PLMBPC2obFE,"Top 10 Cameos From Friends Ft. Brad Pitt, Julia Roberts, Bruce Willis, Winona Ryder"
PLMBPC2obFE,Netflix India
Wq9jbgj89ow,Bohri Thali Vs. Gujarati Thali
Wq9jbgj89ow,Menu Please Ft. Kaneez Surka
Wq9jbgj89ow,Netflix India
Wpv7VkpcT0k,The Tweet That Started It
Wpv7VkpcT0k,Guilty Scene
Wpv7VkpcT0k,"Kiara Advani, Gurfateh"
Wpv7VkpcT0k,Netflix India
6kHxSTGYkAo,Ladies Up
6kHxSTGYkAo,Stand-Up Special
6kHxSTGYkAo,"Prashasti, Supriya, Niveditha & Kaneez"
6kHxSTGYkAo,Teaser
6kHxSTGYkAo,Netflix India
4j8OO2wOGs8,Jamtara X Guilty
4j8OO2wOGs8,Rocky & Sunny Decide Who Is Guilty Ft. Kiara Advani
4j8OO2wOGs8,Netflix India
zqBHAsdmVBc,How Delhi People Deal With Pollution
zqBHAsdmVBc,Amit Tandon Stand-Up Comedy
zqBHAsdmVBc,Netflix India
QJ4p7MKbM8U,Maska
QJ4p7MKbM8U,Official Trailer
QJ4p7MKbM8U,"Manisha K, Shirley S, Javed J, Prit Kamani, Nikita Dutta"
QJ4p7MKbM8U,Netflix India
7hkYkfnaFr4,Vijay Raaz Funny Scene
7hkYkfnaFr4,Ye Toh Tatti Hai
7hkYkfnaFr4,Delhi Belly
7hkYkfnaFr4,Netflix India
weSpa0ei7Yw,Taj Mahal 1989
weSpa0ei7Yw,Trailer 2
weSpa0ei7Yw,Netflix India
Huw_oVoAGE0,Tootay Nahin Hum
Huw_oVoAGE0,Ankur Tewari
Huw_oVoAGE0,Lyric Video
Huw_oVoAGE0,Yeh Ballet
Huw_oVoAGE0,Netflix India
SqZ6AkkqM6Q,Arjun Kapoor Army Motivational Speech
SqZ6AkkqM6Q,Panipat
SqZ6AkkqM6Q,Netflix India
WsG33ln_MnE,"The Women Of Netflix Ft. Prashasti, Supriya, Niveditha & Kaneez"
WsG33ln_MnE,Now Streeming
WsG33ln_MnE,Netflix India
wFNqJ2LO9ts,Lana Condor Tries Indian Clothes Ft. Masaba Gupta
wFNqJ2LO9ts,Netflix India
g6Bcp849XEs,The Real Secret To A Happy Marriage
g6Bcp849XEs,Amit Tandon Stand-Up Comedy
g6Bcp849XEs,Netflix India
Vqamcl6pNGU,
Vqamcl6pNGU,Hindi Trailer
Vqamcl6pNGU,Pokmon: Mewtwo Strikes Back Evolution
Vqamcl6pNGU,Netflix India
K2TTV-BLnrk,"Never Have I Ever Ft. Kiara Advani, Akansha Ranjan, Gurfateh, Taher Shabbir"
K2TTV-BLnrk,Guilty
K2TTV-BLnrk,Netflix India
6t69UY9JgvY,Behensplaining
6t69UY9JgvY,Srishti Dixit & Kusha Kapila Review Pardes
6t69UY9JgvY,Netflix India
npfahtvaWOk,How Indian Couples Fight
npfahtvaWOk,Amit Tandon Stand-Up Comedy
npfahtvaWOk,Netflix India
cIY3mpK3ElY,Happy Women'S Day? Feat. Karishma Tanna
cIY3mpK3ElY,Netflix India
GlmK1jzlK8I,Allu Arjun Boardroom Dance Scene
GlmK1jzlK8I,Ala Vaikunthapurramuloo
GlmK1jzlK8I,Netflix India
WPlXILGpOFk,She Official Trailer
WPlXILGpOFk,A Netflix Original Series
WPlXILGpOFk,"Aditi Pohankar, Vijay Varma"
WPlXILGpOFk,March 20
alOqFkI85WE,Mighty Little Bheem Festival Of Colors
alOqFkI85WE,Official Trailer
alOqFkI85WE,Netflix India
ukR3-X_zE3g,Tiger Shroff Amazing Stunt Scene
ukR3-X_zE3g,Baaghi
ukR3-X_zE3g,Netflix India
7srSI5xN1wY,"College Confessions Ft. Kiara Advani, Akansha Ranjan"
7srSI5xN1wY,Guilty
7srSI5xN1wY,Netflix India
e40WAa1ubnw,"Back To College With Kiara Advani, Akansha Ranjan, Gurfateh Pirzada & Taher Shabbir"
e40WAa1ubnw,Netflix India
0tEj_vJTaPk,The Best Chole Bhature In Delhi Ft. Amit Tandon
0tEj_vJTaPk,Menu Please
0tEj_vJTaPk,Netflix India
rA7CnQwKxbQ,Every Girl Ross Has Dated
rA7CnQwKxbQ,Friends
rA7CnQwKxbQ,David Schwimmer
rA7CnQwKxbQ,Netflix India
ErKm1GUGZss,Behensplaining
ErKm1GUGZss,Srishti Dixit & Kusha Kapila Review Khushi
ErKm1GUGZss,Netflix India
rpeOrmjRK90,Yeh Ballet
rpeOrmjRK90,Official Trailer
rpeOrmjRK90,Netflix India
GbvGAxm7K2Y,"The Ballet Challenge Ft. Ahsaas, Viraj Ghelani, Shayan Roy & Team Naach"
GbvGAxm7K2Y,Yeh Ballet
GbvGAxm7K2Y,Netflix India
XJXbVbIFfsQ,Znmd & Dil Chahta Hai Are Literally The Same Film
XJXbVbIFfsQ,Netflix India
BGmbIevj1zg,Behind The Scenes
BGmbIevj1zg,Yeh Ballet
BGmbIevj1zg,Netflix India
w_6bEt34FXk,Palliyangadi Team First Fight Scene
w_6bEt34FXk,Angamaly Diaries
w_6bEt34FXk,Antony Pepe Varghese
w_6bEt34FXk,Netflix India
zz3XO_MnGV0,Who Is Guilty? Ft. Kiara Advani
zz3XO_MnGV0,Teaser
zz3XO_MnGV0,Netflix India
NEb-HU-TwvM,Noah Centineo & Lana Condor React To Srk & Iconic Bollywood Scenes
NEb-HU-TwvM,Netflix India
V-ZFK2pyfkc,Behensplaining
V-ZFK2pyfkc,Srishti Dixit & Kusha Kapila Review Ghost Stories
V-ZFK2pyfkc,Netflix India
C7b0TAg0xMU,Amit Tandon: Family Tandoncies
C7b0TAg0xMU,Standup Comedy Special
C7b0TAg0xMU,Official Trailer
C7b0TAg0xMU,Netflix India
MsRshsj2iMA,Millennials Teach Elders How To Use Dating Apps Ft. Ayush Mehra
MsRshsj2iMA,Taj Mahal 1989
MsRshsj2iMA,Netflix India
lnb17xWM374,Neeraj Kabi & Geetanjali Kulkarni'S Dinner Scene
lnb17xWM374,Taj Mahal 1989
lnb17xWM374,Netflix India
oe8R7EqMuQs,Kanta Bais Secret Love Story
oe8R7EqMuQs,Narcos Mexico Season 2
oe8R7EqMuQs,Netflix India
6sQ85MrpOPI,Guilty Official Trailer
6sQ85MrpOPI,"Kiara Advani, Akansha Ranjan, Gurfateh"
6sQ85MrpOPI,A Netflix Original Film
6sQ85MrpOPI,March 6
b6AJDJYZPyc,"The Most Embarrassing Things We'Ve Done For Love Ft. Ayush Mehra, Shreeja Chaturvedi"
b6AJDJYZPyc,Netflix India
8GrNoVevMNI,3 Cutest Romcoms On Netflix To Binge Watch
8GrNoVevMNI,Netflix India
7E5Mc_HsYzo,"The Maska Song Ft. Shirley Setia, Prit Kamani, Nikita Dutta"
7E5Mc_HsYzo,Netflix India
Lgnc1MZ-3fI,Sorry: A Valentine'S Day Message From Netflix India
3SzjxMXEBqA,Dear Crush
3SzjxMXEBqA,@Yahyabootwala9789
3SzjxMXEBqA,Hindi Spoken Word Poetry
3SzjxMXEBqA,Valentines Week Special
3SzjxMXEBqA,Netflix India
9Vu-LXfBRbQ,Noah Centineo & Lana Condor'S Hot Tub Scene
9Vu-LXfBRbQ,To All The Boys I'Ve Loved Before
9Vu-LXfBRbQ,Netflix India
ygCgojcgBfY,Amitabh Bachchan Iconic Drunk Scene
ygCgojcgBfY,Amar Akbar Anthony
ygCgojcgBfY,Netflix India
qi9uJRkjOhs,5 Oscar Nominated Films To Binge Watch This Weekend
qi9uJRkjOhs,Netflix India
ivlrCCCnR2I,What Exactly Is In Chyawanprash?
ivlrCCCnR2I,Vir Das Stand-Up Comedy
ivlrCCCnR2I,Netflix India
BSyeRmsLFcI,Sex Education
BSyeRmsLFcI,Otis & Maeve Best Moments
BSyeRmsLFcI,Netflix India
D7felvV3JRc,Dhamaal Funny Scene
D7felvV3JRc,Mr. Iyer Drops Javed Jaffrey & Arshad Warsi
D7felvV3JRc,Netflix India
zSI8eaE262g,6 Comedy Specials To Binge Watch This Weekend Ft. Vir Das
zSI8eaE262g,Netflix India
EVotlHGOhW0,Every Credit Card Scam Call From Jamtara
EVotlHGOhW0,Netflix India
y8HV9DLX4Ms,Hindi Dub Trailer
y8HV9DLX4Ms,Sex Education
y8HV9DLX4Ms,
y8HV9DLX4Ms,Netflix India
Yc1TdXWLjVo,@Kunalkamra Speaks To Victims Of Phishing Scams
Yc1TdXWLjVo,Jamtara
Yc1TdXWLjVo,Netflix India
ufHrTI_E4Kk,Why Parle-G Is The Best Biscuit In The World
ufHrTI_E4Kk,@Thevirdas Stand-Up Comedy
ufHrTI_E4Kk,Netflix India
o8ZKUXY16IE,Vir Das Tastes Food From Kashmir & Assam
o8ZKUXY16IE,Menu Please
o8ZKUXY16IE,Netflix India
U1rLQVG90qg,The Penis & Vagina Quiz Ft. Ahsaas Channa & Desi Parents
U1rLQVG90qg,Sex Education
U1rLQVG90qg,Netflix India
l7N7OzAdshc,"Rang De Basanti Patriotic Speech Ft. Aamir Khan, R. Madhavan, Sharman Joshi"
l7N7OzAdshc,Netflix India
APJrlNPLnrE,What'S On Netflix: Business And Startups Ft. Samir Kochhar
APJrlNPLnrE,Netflix India
ElkOgzolU5k,Let'S Talk About Sex Ft. Ahsaas Channa
ElkOgzolU5k,Sex Education
ElkOgzolU5k,Netflix India
ZXnXBEhRfeM,Ranveer Singh And Anushka Sharma'S First Date
ZXnXBEhRfeM,Dil Dhadakne Do
ZXnXBEhRfeM,Netflix India
kpqyhLHq4BQ,Paani Puri Challenge Ft. Sex Education Cast
kpqyhLHq4BQ,Netflix India
Ud9e64ADKlg,The Last Thing He Wanted
Ud9e64ADKlg,Anne Hathaway & Ben Affleck New Movie
Ud9e64ADKlg,Official Trailer
Ud9e64ADKlg,Netflix India
Q6UCPHLmahg,Pokmon: Mewtwo Strikes Backevolution
Q6UCPHLmahg,Official Trailer
Q6UCPHLmahg,Netflix India
Kt4Gq_8ZhG8,Sairat Romantic Twist Scene
Kt4Gq_8ZhG8,Akash Thosar & Rinku Rajguru
Kt4Gq_8ZhG8,Netflix India
m5SYQmLwDJE,To All The Boys 2: P.S. I Still Love You
m5SYQmLwDJE,Official Sequel Trailer 2
m5SYQmLwDJE,Netflix India
U7ocC5OEixE,Our First Time Ft. Asa Butterfield And Ncuti Gatwa
U7ocC5OEixE,Sex Education
U7ocC5OEixE,Netflix India
nRGkkCkaAf4,Iconic Dialogues Ft. Sex Education Cast
nRGkkCkaAf4,Aimee Lou Wood & Emma Mackey
nRGkkCkaAf4,Netflix India
3gKfU7RadZw,The One With All The Animals
3gKfU7RadZw,Friends
3gKfU7RadZw,Netflix India
0Ro_X0JY5Tw,What The Love! With Karan Johar
0Ro_X0JY5Tw,Official Trailer
0Ro_X0JY5Tw,Netflix India
f-eqriYWxo4,The Best Kulfi In Mumbai
f-eqriYWxo4,Menu Please Ft. Sunny And Dolly
f-eqriYWxo4,Jamtara
f-eqriYWxo4,Netflix India
_AlGz1lki8g,Who Will The Ghost Stories Team Kill Ft. Anurag Kashyap & Sobhita Dhulipala
_AlGz1lki8g,Netflix India
LwqYVSWQX-I,Vir Das- For India
LwqYVSWQX-I,Standup Comedy Special
LwqYVSWQX-I,Official Trailer
LwqYVSWQX-I,Netflix India
S6ZULEBt_YQ,The Best Dhokla In Mumbai
S6ZULEBt_YQ,Menu Please Ft. Sukant Goel
S6ZULEBt_YQ,Netflix India
nAwLAzewJIc,What'S On Netflix: Sex And Friendship Ft. Vikramaditya Motwane
nAwLAzewJIc,Netflix India
8hVSqFWiJ2s,"Deepest Fears Ft. Anurag Kashyap, Sobhita Dhulipala, Janhvi Kapoor"
8hVSqFWiJ2s,Ghost Stories
8hVSqFWiJ2s,Netflix India
5gBF2Iv5Slw,How Indian Families Choose A Restaurant
5gBF2Iv5Slw,Amit Tandon
5gBF2Iv5Slw,Stand Up Comedy
5gBF2Iv5Slw,Netflix India
7yvHFN_snFM,Sex Education: Season 2
7yvHFN_snFM,Trailer #2
7yvHFN_snFM,Netflix
R_jGw0VmCgA,Learn Jamtara Slang With Rocky And Sunny
R_jGw0VmCgA,Seedhi Baat
R_jGw0VmCgA,Netflix India
dQ7vJZT5hzg,When You Have Sex For The First Time
dQ7vJZT5hzg,Otis And Lily
dQ7vJZT5hzg,Sex Education
dQ7vJZT5hzg,Netflix India
o8ClkaDxRao,Ahsaas Channa Catches The Bra Chor
o8ClkaDxRao,Girls Hostel
o8ClkaDxRao,Netflix India
uIesw2JkDTA,Jamtaras Credit Card Scammers
uIesw2JkDTA,Netflix India
RaCcZBF12-8,When You Fall In Love With Your Best Friend Ft. Mithila Palkar & Dhruv Sehgal
RaCcZBF12-8,Netflix India
F3yNKWavOMc,"Who Does The Best Captain Holt Impression? Ft. Jake Peralta, Gina Linetti"
F3yNKWavOMc,Brooklyn 99
F3yNKWavOMc,Netflix
kTDhBWmvOck,What'S On Netflix: Crime And Heists Ft. Sobhita Dhulipala
kTDhBWmvOck,Netflix India
p7SV59UtA2I,Jhol Ka Khol With Anup Soni
p7SV59UtA2I,Jamtara
p7SV59UtA2I,Netflix India
QO_dZQdnv_w,Indian Uncles And Nude Beaches
QO_dZQdnv_w,Atul Khatri
QO_dZQdnv_w,Stand Up Comedy
QO_dZQdnv_w,Netflix India
sFnGc12croo,Ross Best Reactions
sFnGc12croo,Friends
sFnGc12croo,David Schwimmer
sFnGc12croo,Netflix India
qx6z-ut__ik,What If Your Life Was A Horror Story Ft. @Ashishchanchlanivines & Ahsaas Channa
qx6z-ut__ik,Netflix India
AlOlJ7sZ9Zk,Sex Education: Season 2
AlOlJ7sZ9Zk,Official Trailer
AlOlJ7sZ9Zk,Netflix
jNrF5kwI3pA,Rajinikanth Petta Church Fight
jNrF5kwI3pA,Mass Scene
jNrF5kwI3pA,Netflix India
XXHb9i-xXMU,Jamtara
XXHb9i-xXMU,Official Trailer #2
XXHb9i-xXMU,Sabka Number Ayega
XXHb9i-xXMU,Netflix India
1QKwHWgMtIA,Aamir Khan'S Crazy Fight Scene
1QKwHWgMtIA,Dangal
1QKwHWgMtIA,Netflix India
7PyH1DqZIOg,Ghost Stories
7PyH1DqZIOg,Directors Roundtable
7PyH1DqZIOg,Warning: Spoilers
7PyH1DqZIOg,Netflix India
KyMhXzJ8I6U,Shahrukh Khan'S Advice To Farhan Akhtar
KyMhXzJ8I6U,Luck By Chance
KyMhXzJ8I6U,Netflix India
1LjMAL4nvlg,Behensplaining
1LjMAL4nvlg,Srishti Dixit & @Kushakapila5643 Review What'S Your Raashee?
1LjMAL4nvlg,Netflix India
vJlntV2iFEQ,New Year'S Eve: Expectations Vs Reality
vJlntV2iFEQ,Netflix India
rbUsBTlB3fA,Monjolika Scary Bed Scene
rbUsBTlB3fA,Bhool Bhulaiyaa
rbUsBTlB3fA,Vidya Balan
rbUsBTlB3fA,Birthday Special
rbUsBTlB3fA,Netflix India
yVEq9qhuF18,Netflixs Resolutions For 2020
yVEq9qhuF18,Happy New Year
yVEq9qhuF18,Netflix India
6wJyU2ske8Y,The Brand New Show With Rahul Subramanian Feat. Huma Qureshi & Shefali Shah
6wJyU2ske8Y,Netflix India
ZzMLjFj9zLk,Best Indian Movies From The Decade
ZzMLjFj9zLk,Decade Rewind
ZzMLjFj9zLk,Netflix India
bs5-UeGWu-8,Radhika Apte Best Scenes
bs5-UeGWu-8,Decade Rewind
bs5-UeGWu-8,Netflix India
jaw3_eAT1bE,Top 10 Most Popular Releases On Netflix India In 2019 Ft. Rohan Joshi & Prashasti Singh
NF5Wn2HqdI8,Aamir Khan Best Scenes
NF5Wn2HqdI8,Decade Rewind
NF5Wn2HqdI8,Netflix India
v73jD3w8Vz4,Shahrukh Khan Best Scenes
v73jD3w8Vz4,Decade Rewind
v73jD3w8Vz4,Netflix India
HGJwImVpfms,How Radhika Apte Met Her Husband
HGJwImVpfms,The Brand New Show
HGJwImVpfms,Netflix India
G7zmRJcwqV4,Salman Khan Best Scenes
G7zmRJcwqV4,Birthday Special
G7zmRJcwqV4,Netflix India
cfjfT1uf1zA,Behensplaining
cfjfT1uf1zA,Srishti Dixit & @Kushakapila5643 Review The End Of The F***Ing World
cfjfT1uf1zA,Netflix India
kNcOPnpYkIY,Radhika Apte Interview
kNcOPnpYkIY,Small Talk In The Big Apple
kNcOPnpYkIY,Netflix India
gIpovHGKOYM,Akshay Kumar Best Scenes
gIpovHGKOYM,Decade Rewind
gIpovHGKOYM,Netflix India
VgwNw2CH9lw,The Brand New Show With Abish Mathew & Radhika Apte
VgwNw2CH9lw,Netflix India
juNWOvg-vQU,3 Idiots
juNWOvg-vQU,10 Year Anniversary Special
juNWOvg-vQU,Best Scenes
juNWOvg-vQU,Netflix India
yUYXF8WGt3o,Priyanka Chopra Best Scenes
yUYXF8WGt3o,Decade Rewind
yUYXF8WGt3o,Netflix India
fzsxjJ2GwLc,Abish Mathew'S Desi Christmas Song
fzsxjJ2GwLc,Supriya Joshi
fzsxjJ2GwLc,The Brand New Show
fzsxjJ2GwLc,Netflix India
V6aS8y7mYYE,6 Underground
V6aS8y7mYYE,Behind The Scenes
V6aS8y7mYYE,Michael Bay
V6aS8y7mYYE,Netflix India
AS4Z-wXmuP0,Jamtara
AS4Z-wXmuP0,Official Trailer #1
AS4Z-wXmuP0,Sabka Number Ayega
AS4Z-wXmuP0,Netflix India
OmJ0ZzMeabg,Hrithik Roshan Funny Scene
OmJ0ZzMeabg,Moshi Moshi
OmJ0ZzMeabg,Zindagi Na Milegi Dobara
OmJ0ZzMeabg,Netflix India
V_LgU24_Ke4,P R Akash Gives Flirting Lessons
V_LgU24_Ke4,Njan Prakashan
V_LgU24_Ke4,Comedy Scene
V_LgU24_Ke4,Fahadh Faasil
V_LgU24_Ke4,Netflix India
FmSuS3TH7y8,Kauwa Biryani
FmSuS3TH7y8,Vijay Raaz Comedy Scene
FmSuS3TH7y8,Run
FmSuS3TH7y8,Netflix India
OBXQrP4SBj8,Behensplaining
OBXQrP4SBj8,Srishti Dixit & @Kushakapila5643 Review Kis Kisko Pyaar Karoon
OBXQrP4SBj8,Netflix India
qbmDOMS02xs,What If Michael Bay Directed Your Wedding Ft. Rytasha Rathore & Aseem Chandaver
qbmDOMS02xs,Netflix India
OBAcYSSUf6o,Dil Chahta Hai
OBAcYSSUf6o,Bollywood Nostalgia
OBAcYSSUf6o,Trailer
OBAcYSSUf6o,Netflix India
dEdd4qcSudI,Ryan Reynolds Meets The Professor
dEdd4qcSudI,6 Underground X Money Heist
dEdd4qcSudI,Netflix India
B-FXrN66sj8,Friends
B-FXrN66sj8,Best Christmas Scenes
B-FXrN66sj8,Netflix India
8kfOkAMPpL4,You Season 2
8kfOkAMPpL4,Official Tralier
8kfOkAMPpL4,Netflix India
eW2H66gUpu4,Kanan Gill Reviews Drive
eW2H66gUpu4,Netflix India
G2uIII4SNW4,Aditi Mittal'S Problem With Penis Enlargement Ads
G2uIII4SNW4,Stand Up Comedy
G2uIII4SNW4,Netflix India
wctr7b3yUd4,Zlatan Ibrahimovic Rates 6 Underground
wctr7b3yUd4,Ryan Reynolds
wctr7b3yUd4,Michael Bay
wctr7b3yUd4,Netflix India
GNxBmlqHCQQ,The Most Michael Bay Movie Ever
GNxBmlqHCQQ,Ryan Reynolds
GNxBmlqHCQQ,6 Underground
GNxBmlqHCQQ,Netflix India
5cJhy-Pqfgc,Behensplaining
5cJhy-Pqfgc,Srishti Dixit & @Kushakapila5643 Review Judwaa 2
5cJhy-Pqfgc,Netflix India
hsab-HJ7kqc,Ghost Stories
hsab-HJ7kqc,Official Trailer
hsab-HJ7kqc,"Janhvi Kapoor, Sobhita Dhulipala, Gulshan Devaiah & Mrunal Thakur"
33szJHccxLI,The Witcher
33szJHccxLI,Final Trailer
33szJHccxLI,Netflix
KY2Ud-aoVCw,The Brand New Show With Kanan Gill Feat. Shriya Pilgaonkar & Barkha Singh
KY2Ud-aoVCw,Netflix India
47bXqs0Zs7E,Rajinikanth Petta Mass Comedy Scene
47bXqs0Zs7E,Netflix India
OnBN5b48HBc,The Sky Is Pink
OnBN5b48HBc,Official Trailer
OnBN5b48HBc,Priyanka Chopra
OnBN5b48HBc,Farhan Akhtar
OnBN5b48HBc,Zaira Wasim
OnBN5b48HBc,Netflix India
iUCFv4iAi0U,Fashion Hacks Everyone Needs To Know Ft. Tan France
iUCFv4iAi0U,Queer Eye
iUCFv4iAi0U,Netflix India
zDE7zjiLP5E,The Brand New Show
zDE7zjiLP5E,Promo
zDE7zjiLP5E,Netflix India
UhI49AS3izw,6 Underground
UhI49AS3izw,Hindi Trailer
UhI49AS3izw,Ryan Reynolds
UhI49AS3izw,Michael Bay
UhI49AS3izw,Netflix India
Gcba_LfBJug,Saaho
Gcba_LfBJug,Hindi Trailer
Gcba_LfBJug,Prabhas
Gcba_LfBJug,Shraddha Kapoor
Gcba_LfBJug,Netflix India
7uViY3WYzJA,Behensplaining
7uViY3WYzJA,Srishti Dixit & @Kushakapila5643 Review Pyaar Ka Punchnama 2
7uViY3WYzJA,Netflix India
h0EBaBx1Dn4,Ghost Stories
h0EBaBx1Dn4,Teaser
h0EBaBx1Dn4,"Janhvi Kapoor, Sobhita Dhulipala, Gulshan Devaiah And Mrunal Thakur"
dJtkCxR1jDE,Mighty Little Bheem And The Cutest Puppy
dJtkCxR1jDE,Netflix India
tNKZUd9guGg,Messiah
tNKZUd9guGg,Season 1 Official Trailer
tNKZUd9guGg,Netflix
mCzWXm3RH3Q,Solo Travel
mCzWXm3RH3Q,Expectations Vs Reality
mCzWXm3RH3Q,Queen Funny Scenes
mCzWXm3RH3Q,Kangana Ranaut
mCzWXm3RH3Q,Netflix India
s68kNietNeU,Sacred Games Cast
s68kNietNeU,Amazing Acting Range
s68kNietNeU,The Brand New Show
s68kNietNeU,Netflix India
_miERuFpyyE,Prashasti Singh Doesnt Want To Be Called A Milf
_miERuFpyyE,The Brand New Show
_miERuFpyyE,Netflix India
AJSmPJP5BNc,The Sacred Games Cast Is Forced To Drink Karela Juice
AJSmPJP5BNc,The Brand New Show
AJSmPJP5BNc,Netflix India
6VEydtLPUsM,Ma Anand Sheela Exclusive Interview
6VEydtLPUsM,The Brand New Show
6VEydtLPUsM,Netflix India
pP4_ztm0JCU,The Most Expensive Pani Puri In Mumbai
pP4_ztm0JCU,Menu Please Ft. Shriya Pilgaonkar & Barkha Singh
YLed8we5VeY,Top 5 Emotional Moments
YLed8we5VeY,Ranbir Kapoor
YLed8we5VeY,Deepika Padukone
YLed8we5VeY,Tamasha
YLed8we5VeY,Netflix India
nL9G6FgmLFg,Behensplaining
nL9G6FgmLFg,Srishti Dixit & @Kushakapila5643 Review The Kissing Booth
nL9G6FgmLFg,Netflix India
QAlTeBLhw9M,The Brand New Show With Prashasti Singh Feat. Sacred Games Cast
QAlTeBLhw9M,Netflix India
g-IOBYjnQzg,Ghost Stories
g-IOBYjnQzg,Date Announcement
g-IOBYjnQzg,Netflix India
-8q9F8P2L4E,Parvathy Thiruvothu'S Savage Reply
-8q9F8P2L4E,Uyare
-8q9F8P2L4E,Netflix India
7w3luf6m5rQ,Ridiculous Stranger Things Hindi Dubbing Ft. Danish Sait
7w3luf6m5rQ,Netflix India
eT52Ht-WQpU,Every Indian Childhood Ever
eT52Ht-WQpU,Yeh Meri Family
eT52Ht-WQpU,Netflix India
ceIyRBj2Z2g,Ali Fazal'S Introvert Masterclass
ceIyRBj2Z2g,House Arrest
ceIyRBj2Z2g,Netflix India
D6eJo5XdMhc,Shahrukh Khans Iconic Award Speech
D6eJo5XdMhc,Om Shanti Om
D6eJo5XdMhc,Netflix India
_xqtWr3-ecI,Superstar Rajnikanths Best Action Scenes
_xqtWr3-ecI,Kabali
_xqtWr3-ecI,Netflix India
UODJ_Zl6OCs,Behensplaining
UODJ_Zl6OCs,Srishti Dixit & @Kushakapila5643 Review No Entry
UODJ_Zl6OCs,Netflix India
rWFhEyDcJuo,"The First Date Anniversary Song Ft. Howard, Bernadette"
rWFhEyDcJuo,The Big Bang Theory
rWFhEyDcJuo,Netflix India
2neaSFapc0U,Akshay Kumar'S Motivational Speech
2neaSFapc0U,Namastey London
2neaSFapc0U,Netflix India
ARME_Dthtrk,Behind The Scenes
ARME_Dthtrk,House Arrest
ARME_Dthtrk,Netflix India
N9YbSexz1NM,The Irishman
N9YbSexz1NM,Final Trailer
2IlxMxLlaLU,When You Miss Bae Ft. Mithila Palkar & Dhruv Sehgal
2IlxMxLlaLU,Little Things Season 3
2IlxMxLlaLU,Netflix India
GdCK_RJcBNw,"Bowl Baby Bowl Ft. Shriya Pilgaonkar, Barkha Singh & Ali Fazal"
GdCK_RJcBNw,House Arrest
GdCK_RJcBNw,Netflix India
1CXulRxJexk,"Never Have I Ever Ft. Ali Fazal, Shriya Pilgaonkar, Jim Sarbh & Barkha Singh"
1CXulRxJexk,Netflix India
lFAvqutDNzY,Don'T Angry Me
lFAvqutDNzY,Akshay Kumar
lFAvqutDNzY,Rowdy Rathore
lFAvqutDNzY,Netflix India
Cqzpr-QW1cU,Little Things Season 3
Cqzpr-QW1cU,Mithila Palkar Helps Dhruv Sehgal Settle In
Cqzpr-QW1cU,Netflix India
kCc00juclu0,Jim Sarbh Leaked Audition Tapes
kCc00juclu0,House Arrest
kCc00juclu0,Netflix India
4rk9ZkKJu6M,Dhruv Sehgal And Mithila Palkar On Losing Friends
4rk9ZkKJu6M,The Brand New Show
4rk9ZkKJu6M,Netflix India
NIXJ1qmFRV0,Dhruv Sehgal And Mithila Palkar Play The Lost In Translation Game
NIXJ1qmFRV0,The Brand New Show
NIXJ1qmFRV0,Netflix India
fbNN1wcrA2I,Literal Things
fbNN1wcrA2I,Sketch Comedy
fbNN1wcrA2I,The Brand New Show
fbNN1wcrA2I,Netflix India
g-4O3XcB3AM,Why Children Suck Ft. Kaneez Surka
g-4O3XcB3AM,The Brand New Show
g-4O3XcB3AM,Netflix India
V5D8SGhGxJA,The Brand New Show With Kaneez Surka Feat. Dhruv Sehgal & Mithila Palkar
V5D8SGhGxJA,Netflix India
hWHxqCn-u5w,My Firsts Ft. Mithila Palkar
hWHxqCn-u5w,Little Things
hWHxqCn-u5w,Netflix India
OeNqbLf9uhs,"What Is Hikkikomori? Ft. Jim Sarbh, Shriya Pilgaonkar & Barkha Singh"
OeNqbLf9uhs,House Arrest
OeNqbLf9uhs,Netflix India
mclUCJgOkEY,Shah Rukh Khan Sings For Sushmita Sen
mclUCJgOkEY,Main Hoon Na
mclUCJgOkEY,Netflix India
xyspCoEAoTA,What If Netflix Characters Celebrated Children'S Day Feat. Srishti Dixit & Sanket Bhosale
UK58QvPrje0,James And Alyssas Most Badass Moments
UK58QvPrje0,The End Of The F***Ing World
UK58QvPrje0,Netflix India
fFj5MpKKqK8,"30 Excuses For 30 Days Ft. Ali Fazal, Shriya Pilgaonkar & Barkha Singh"
fFj5MpKKqK8,House Arrest
fFj5MpKKqK8,Netflixindia
ORNNNSMBxuk,Aamir Khan'S Motivational Speech
ORNNNSMBxuk,Secret Superstar
ORNNNSMBxuk,Netflix India
zQpCgLNmSzk,"Charm Battle Ft. Jim Sarbh, Shriya Pilgaonkar & Ali Fazal"
zQpCgLNmSzk,House Arrest
zQpCgLNmSzk,Netflix India
GpmWgWPK2cU,Sushant Singh Rajput And Jacqueline Fernandes' Robbery Scene
GpmWgWPK2cU,Drive
GpmWgWPK2cU,Netflix India
eAJuUxv6ksg,Mithila Palkar & Dhruv Sehgal'S Marriage Proposal
eAJuUxv6ksg,Little Things
eAJuUxv6ksg,Netflix India
oyBL_1h38x0,Top 5 Chennai Express Moments
oyBL_1h38x0,Netflix India
kjswPgOLapk,Behensplaining
kjswPgOLapk,Srishti Dixit & @Kushakapila5643 Review Main Hoon Na
kjswPgOLapk,Netflix India
nNdiHwtv-oA,"Bikram: Yogi, Guru, Predator"
nNdiHwtv-oA,Official Trailer
nNdiHwtv-oA,Netflix
CFiaeJA7jzA,Mithila And Dhruv Play Little Ping Pong
CFiaeJA7jzA,Little Things
CFiaeJA7jzA,Netflix India
oc9Nae664vo,Stephen Amell'S Training
oc9Nae664vo,Arrow
oc9Nae664vo,Netflix India
QsoR7lPU8fo,Death Hi Ho Gayi Music Video
QsoR7lPU8fo,House Arrest
QsoR7lPU8fo,Netflix India
hITHxT3s9bM,7 Things We Learnt From Hum Saath Saath Hain
hITHxT3s9bM,20Th Anniversary Special
hITHxT3s9bM,Netflix India
5jaGcM8yiq8,Bawli Booch Music Video
5jaGcM8yiq8,House Arrest
5jaGcM8yiq8,Netflix India
kagjy20U5QM,L'S First Scene
kagjy20U5QM,Death Note
kagjy20U5QM,Netflix India
hhPjEAugv70,The Worst Spy Ever
hhPjEAugv70,Sketch Comedy
hhPjEAugv70,The Brand New Show
hhPjEAugv70,Netflix India
pe1TO8VlTH0,Sobhita Dhulipala And Kirti Kulhari'S Name Problem
pe1TO8VlTH0,The Brand New Show
pe1TO8VlTH0,Netflix India
9Ul4oV1Op5A,Srk Talks About Being In A Gang
9Ul4oV1Op5A,My Next Guest Needs No Introduction
9Ul4oV1Op5A,Netflix India
2JWX9iaKlK0,Shah Rukh Khan'S Amazing Acting Range
2JWX9iaKlK0,Netflix India
fdgrBtqvHzY,Sobhita Dhulipala And Kirti Kulhari Play The Spicy Cupcake Game
fdgrBtqvHzY,The Brand New Show
fdgrBtqvHzY,Netflix India
7MdFrJmpSCM,Behensplaining
7MdFrJmpSCM,Srishti Dixit & @Kushakapila5643 Review Mastizaade
7MdFrJmpSCM,Netflix India
BeO3Na_umgo,Ma Anand Sheela
BeO3Na_umgo,Coming Soon
BeO3Na_umgo,Netflix India
8kOjwh09hXE,The Witcher
8kOjwh09hXE,Official Trailer
8kOjwh09hXE,Netflix India
lV3fkN4itzo,The Brand New Show With Kusha Kapila Feat. Sobhita Dhulipala & Kirti Kulhari
lV3fkN4itzo,Netflix India
rzLaCHdvpT0,Mithila Palkar'S Cutest Moments
rzLaCHdvpT0,Little Things
rzLaCHdvpT0,Netflix India
rmOpyDzi6fg,The Brand New Show
rmOpyDzi6fg,Official Trailer
rmOpyDzi6fg,Netflix India
5jT3wpQX3Vk,"College Romances Funniest Moments Ft. Manjot Singh, Apoorva Arora And Shreya Mehta"
5jT3wpQX3Vk,Netflix India
_fj0RN3XSWQ,Shah Rukh And Gauri Khan'S Love Story
_fj0RN3XSWQ,My Next Guest Needs No Introduction
_fj0RN3XSWQ,Netflix India
EN5EpTIlfXg,Samantha Akkineni Joins A Band
EN5EpTIlfXg,Oh! Baby
EN5EpTIlfXg,Netflix India
O_ssBG6_3LM,A Special Diwali With Bheem
O_ssBG6_3LM,Mighty Little Bheem Diwali
O_ssBG6_3LM,Netflix India
CVEGxYw31KM,Shah Rukh Khan'S Secret To Success
CVEGxYw31KM,My Next Guest Needs No Introduction
CVEGxYw31KM,Netflix India
5KVQ0bsSlRI,Famjam
5KVQ0bsSlRI,Unofficial Trailer
5KVQ0bsSlRI,"Netflix Feat. Radhika Madan, Sanjay Kapoor, Supriya Pilgaonkar"
M8thnIi4uSY,Imran Khan'S Canteen Fight
M8thnIi4uSY,Jaane Tu Ya Jaane Na
M8thnIi4uSY,Netflix India
Rzr4OPNZtY4,House Arrest
Rzr4OPNZtY4,Official Trailer
Rzr4OPNZtY4,Netflix
wE34Fp8LVEs,Friendship Goals Ft. Barkha Singh
wE34Fp8LVEs,Engineering Girls
wE34Fp8LVEs,Netflix India
fVuAM1pp6YY,Prabhas Birthday Special
fVuAM1pp6YY,Netflix India
fniwGqinNyI,Prem Pujari Feat. Jacqueline Fernandez & Sushant Singh Rajput
fniwGqinNyI,Drive
fniwGqinNyI,Netflix India
c_twqIkKFl8,Little Singham Saves The Day!
c_twqIkKFl8,Netflix India
gVaJulIZmXo,David Letterman Ft. Shah Rukh Khan
gVaJulIZmXo,Official Trailer
gVaJulIZmXo,My Next Guest Needs No Introduction
YXdcCYdK_XY,Shahid Kapoor'S Best Roles
YXdcCYdK_XY,Netflix India
-7nRQZjISUw,Every Start-Up Idea In Upstarts
-7nRQZjISUw,Netflix India
73r5ZF0UsvI,The Best Vada Pav In Mumbai
73r5ZF0UsvI,Menu Please Ft. Dhruv Sehgal
7ZU6X0wyzgc,Drive Official Trailer
7ZU6X0wyzgc,"Jacqueline Fernandez, Sushant Singh Rajput, Pankaj Tripathi"
7ZU6X0wyzgc,Netflix India
UAgAY-MnyTY,Jesse Pinkman'S Goodbye
UAgAY-MnyTY,El Camino: A Breaking Bad Movie
UAgAY-MnyTY,Netflix India
6lWQjWaweRk,Dhruv And Mithila'S Cutest Moments
6lWQjWaweRk,Little Things
6lWQjWaweRk,Netflix India
G0ynqTCf03g,Best Proposal Ever
G0ynqTCf03g,Love Actually
G0ynqTCf03g,Netflix India
HeuUtvnp_1o,House Arrest Ft. Ali Fazal & Shriya Pilgaonkar
HeuUtvnp_1o,Date Announcement
HeuUtvnp_1o,Netflix India
eFaRpsR2BqA,Top 5 Joker Moments
eFaRpsR2BqA,The Dark Knight
eFaRpsR2BqA,Netflix India
kh75igFDSYc,What If Breaking Bad Was An Indian Tv Serial
kh75igFDSYc,Netflix India
PQ4R64kUcPQ,Sheldon Plays The Bongos
PQ4R64kUcPQ,The Big Bang Theory
PQ4R64kUcPQ,Netflix India
e2WvHJ9Lzk0,Jesse Pinkman: The Real Hero Of Breaking Bad
e2WvHJ9Lzk0,Netflix India
jBygD4xR9Po,The Best Seafood In Mumbai
jBygD4xR9Po,Menu Please Ft. Priyanshu Painyuli
DdRMiOg-vtU,No Means No
DdRMiOg-vtU,Pink
DdRMiOg-vtU,Amitabh Bachchan Birthday Special
DdRMiOg-vtU,Netflix India
aYrBHhfulT0,Upstarts
aYrBHhfulT0,Trailer 2
aYrBHhfulT0,Netflix India
w3pit6up8IA,Aaron Paul In Breaking Bad Or Breaking Good?
w3pit6up8IA,El Camino
w3pit6up8IA,Netflix
_Na-594q0no,Karma
_Na-594q0no,Drive
_Na-594q0no,Netflix India
P39ewgMDyZw,Little Things 3
P39ewgMDyZw,Official Trailer
P39ewgMDyZw,Netflix
BDEvAWE5Wlg,David Letterman Ft. Shah Rukh Khan
BDEvAWE5Wlg,My Next Guest Needs No Introduction
BDEvAWE5Wlg,Netflix India
5mrd3ORDn_0,Top 5 Paresh Rawal Moments
5mrd3ORDn_0,Netflix India
KFFPzqD6dLE,Lets Be Friends?
KFFPzqD6dLE,Mighty Little Bheem
KFFPzqD6dLE,Netflix India
Lti6akeGpHI,Bard Of Blood
Lti6akeGpHI,"Making Of Kabir Anand Ft. Emraan Hashmi, Shah Rukh Khan"
Lti6akeGpHI,Netflix India
bCPBunYXHFM,Top 5 Fights
bCPBunYXHFM,Bard Of Blood
bCPBunYXHFM,Netflix India
nBdGyBDn-Zk,Top 10 Jesse Pinkman Moments
nBdGyBDn-Zk,Breaking Bad
nBdGyBDn-Zk,Netflix India
0scKkevS7c4,Behensplaining
0scKkevS7c4,@Kushakapila5643 And @Mostlysane Review Half Girlfriend
0scKkevS7c4,Netflix India
Y9P1EhndE0w,Top 5 Naruto Fights
Y9P1EhndE0w,Netflix India
8g2EL2Pbow8,Emraan Hashmi Leaked Audition Tape
8g2EL2Pbow8,Bard Of Blood
8g2EL2Pbow8,Netflix India
mqZ3dxW0fD4,Makhna
mqZ3dxW0fD4,Drive
mqZ3dxW0fD4,Netflix India
D5xCFAwtIWM,Akshay Kumar Cleans Up India
D5xCFAwtIWM,Toilet Ek Prem Katha
D5xCFAwtIWM,Netflix India
ByXnHuvZsok,6 Underground Starring Ryan Reynolds
ByXnHuvZsok,Official Trailer
ByXnHuvZsok,Netflix
61ldPZtUpc8,Bard Of Blood
61ldPZtUpc8,"Behind The Scenes Action Ft. Emraan Hashmi, Shah Rukh Khan, Sobhita Dhulipala"
8YAHs-JjoF4,Howard'S Worst Pickup Lines
8YAHs-JjoF4,The Big Bang Theory
8YAHs-JjoF4,Netflix India
rEv24yfRJ6U,Moments Rani Taught Us Self-Love
rEv24yfRJ6U,Queen
rEv24yfRJ6U,Netflix India
fMCTQ3ZKDdw,Upstarts
fMCTQ3ZKDdw,Official Trailer
fMCTQ3ZKDdw,Netflix India
KUn1hB6xlXk,I Want It That Way
KUn1hB6xlXk,Brooklyn Nine-Nine
KUn1hB6xlXk,Netflix India
anh2Ic3ueRU,What If Netflix Characters Were In Your Hostel Ft. Emraan Hashmi
aymrSmgFhDs,Ranbir Kapoor Birthday Special
aymrSmgFhDs,Netflix India
ATkqwLE3HcE,Tour The World In Under 2 Minutes
ATkqwLE3HcE,Netflix India
WeEXPcH_GEs,Behensplaining
WeEXPcH_GEs,@Kushakapila5643 And @Mostlysane Review You
WeEXPcH_GEs,Netflix India
ovNmh_euKCc,The Irishman
ovNmh_euKCc,Official Trailer
ovNmh_euKCc,Netflix
3w1m5uCreEg,International Dhamaka Fake Teaser
3w1m5uCreEg,Sacred Games
3w1m5uCreEg,Netflix India
I2FoBpFPDPo,El Camino: A Breaking Bad Movie
I2FoBpFPDPo,Official Trailer
I2FoBpFPDPo,Netflix
2LEyl7GGU38,Aamir Khan: Best Teacher Ever
2LEyl7GGU38,Taare Zameen Par
2LEyl7GGU38,Netflix India
kgnJFZZV728,Samantha Akkineni In Oh! Baby
kgnJFZZV728,Official Trailer
kgnJFZZV728,Netflix India
obqXgJv5CjU,El Camino: A Breaking Bad Movie
obqXgJv5CjU,Teaser
obqXgJv5CjU,Netflix
zq2beVfoP88,25 Best Moments From F.R.I.E.N.D.S
zq2beVfoP88,Netflix
nmE-Of5aP3w,Little Bheem Cant Go To Sleep
nmE-Of5aP3w,Mighty Little Bheem
nmE-Of5aP3w,Netflix India
Kiu_QEI1TXE,Behensplaining
Kiu_QEI1TXE,Srishti Dixit And @Kushakapila5643 Review Stree
Kiu_QEI1TXE,Netflix India
6vXGpJ4Vi7U,Funniest Rajpal Yadav Moments
6vXGpJ4Vi7U,Netflix India
Edd4crhbefs,The Yummiest Indian Street Food
Edd4crhbefs,Netflix India
2c0-oFGyTjc,When Jojo Says G*Ndu
2c0-oFGyTjc,Sacred Games
2c0-oFGyTjc,Netflix India
ZAgr8xHg0yg,How To Ace An Interview
ZAgr8xHg0yg,Netflix
umOW5Zcj72c,Radhika And Ayushmann'S Eye-Conic Scene
umOW5Zcj72c,Andhadhun
umOW5Zcj72c,Netflix India
hu8BTi6Xnr4,Love In 94 Seconds
hu8BTi6Xnr4,Sairat
hu8BTi6Xnr4,Netflix India
ZHkMwaUenko,The Best Pav Bhaji In Mumbai
ZHkMwaUenko,Menu Please Ft. Sobhita Dhulipala
f4zeQKf-Q3U,The Best Of Bunty
f4zeQKf-Q3U,Sacred Games
f4zeQKf-Q3U,Netflix India
LTzj99XtKYU,Behensplaining
LTzj99XtKYU,@Kushakapila5643 And @Mostlysane On Kyaa Kool Hai Hum
LTzj99XtKYU,Netflix India
upnzAME3c7E,Adorable Ranbir Moments
upnzAME3c7E,Netflix India
9Sy97iBiTHM,Innovation In Adult Film Theatres
9Sy97iBiTHM,Dangal
9Sy97iBiTHM,Netflix
hSP0F9XmCr4,Sartaj & Majid
hSP0F9XmCr4,Sacred Games
hSP0F9XmCr4,Netflix
HGjwnh-JWz4,Dharmatic X Netflix
HGjwnh-JWz4,Karan Johar
ZamTAGImLzw,"""Enchanted"" By Chloe X Halle"
ZamTAGImLzw,El Camino: A Breaking Bad Movie
ZamTAGImLzw,Netflix
UYlZxgAudu8,Viineet Kumar As Veer Singh
UYlZxgAudu8,Bard Of Blood
gSg_vE8V5r0,Pappu Pakitmaar
gSg_vE8V5r0,Vijay Varma In Ghost Stories
gSg_vE8V5r0,Netflix India
8cjUZdKi7es,Akshay Kumar'S First Scene
8cjUZdKi7es,Bhool Bhulaiyya
8cjUZdKi7es,Netflix India
xT4sJK1Nptk,Sobhita Dhulipala Leaked Audition Tape
xT4sJK1Nptk,Ghost Stories
xT4sJK1Nptk,Netflix
bABh0-x6GPI,Mighty Little Bheem
bABh0-x6GPI,Season 2 Official Trailer
bABh0-x6GPI,Netflix Kids
m5bSwSuT8SU,"What If Netflix Characters Were Your Teachers Feat. Pankaj Tripathi, Kusha Kapila And Ayush Mehra"
3GPFmxldfJ0,Vicky Please
3GPFmxldfJ0,Stree
3GPFmxldfJ0,Netflix
MhfCE27-aFs,Game Over... Or Is It?
MhfCE27-aFs,Game Over
MhfCE27-aFs,Netflix India
9ZCU5EtfKwY,Meet Isha Khanna
9ZCU5EtfKwY,Bard Of Blood
9ZCU5EtfKwY,Netflix
lcURlXp5b_E,Abcs With Chhota Bheem
lcURlXp5b_E,Netflix India
r4N98tQsp64,Ayushmann Khurrana Asks The Tough Questions
r4N98tQsp64,Article 15
r4N98tQsp64,Netflix India
GlWnos0oDAI,5 Titles For An Action Packed Weekend
GlWnos0oDAI,Netflix
DKzBmRRdPXo,What Is A Machine?
DKzBmRRdPXo,3 Idiots
DKzBmRRdPXo,Netflix
sEH797jJFCw,Behensplaining
sEH797jJFCw,Real Lust Stories Feat. @Kushakapila5643 And @Mostlysane
sEH797jJFCw,Netflix
YIUoQbZnb8Y,Inside Bill'S Brain: Decoding Bill Gates
YIUoQbZnb8Y,Official Trailer
YIUoQbZnb8Y,Netflix
P28BBQllnbs,Taapsee Pannu'S Top 5 Moments
P28BBQllnbs,Netflix
0kzkF1VzwhA,What If Netflix Characters Went To Your Gym Feat. Nawazuddin Siddiqui
Kcsg_MIwuEQ,The Laundromat
Kcsg_MIwuEQ,Official Trailer
Kcsg_MIwuEQ,Netflix
9uCcS2XeO5w,Pm Narendra Modi'S Adventure
9uCcS2XeO5w,Man Vs Wild
9uCcS2XeO5w,Netflix
cpffvr-TYjc,One Second From Every Episode Of Orange Is The New Black
cpffvr-TYjc,Netflix
91zm-7rJaLs,Bard Of Blood
91zm-7rJaLs,Making Of The Posters Ft. Emraan Hashmi
91zm-7rJaLs,Netflix
W0NtzZT93OI,10 Step Writing Program With Jack Nicholson
W0NtzZT93OI,The Shining
W0NtzZT93OI,Netflix
_n6b1Pp9GRw,First Impressions
_n6b1Pp9GRw,13 Reasons Why
_n6b1Pp9GRw,Netflix
TMCYSjSN_mw,Shah Rukh Khan Funny Scene
TMCYSjSN_mw,"Yenna Rascala, Mind It!"
TMCYSjSN_mw,Om Shanti Om
TMCYSjSN_mw,Netflix India
vSHxrq3RSwQ,El Camino: A Breaking Bad Movie
vSHxrq3RSwQ,Date Announcement
vSHxrq3RSwQ,Netflix
Nme0it4iX94,Article 15
Nme0it4iX94,Official Trailer
Nme0it4iX94,Netflix
V3-qiwu4yzk,Top 5 Vicky Kaushal Moments
V3-qiwu4yzk,Netflix
shsLsZcuhqs,4 Titles To Laugh The Weekend Away.
iHalWr0F5CE,Pm Narendra Modi & Bear Grylls
iHalWr0F5CE,Man Vs Wild
iHalWr0F5CE,Netflix
rNvbCx0dFiA,Bard Of Blood
rNvbCx0dFiA,Official Trailer
rNvbCx0dFiA,Netflix
X9h3riKBlGI,Shah Rukh Khan Meets The Bard Of Blood
X9h3riKBlGI,Netflix
1kuKjCMyMs8,Moriarty Doesnt Know How To Adult
1kuKjCMyMs8,Sherlock
1kuKjCMyMs8,Netflix
jM0XQwB1OZU,Shah Rukh Khan Gets The Offer Of A Lifetime
jM0XQwB1OZU,Netflix
Gvu0daBJOW8,Game Over (Hindi)
Gvu0daBJOW8,Official Trailer
Gvu0daBJOW8,Netflix
8fGz7QOcYXQ,Malcolm
8fGz7QOcYXQ,Sacred Games Mini-Episodes
8fGz7QOcYXQ,Netflix
1teWMRGOZwQ,Rubaru Roshni
1teWMRGOZwQ,Official Trailer
1teWMRGOZwQ,Netflix
ZXM2WPBft_8,"What If Sacred Games Characters Went On A Date Ft. Jojo, Malcolm, Kanta Bai & Batya"
gae7L4lnTDg,Every Ooi Ma! In Andaz Apna Apna
gae7L4lnTDg,Netflix
vI68VA2TOQM,Pankaj Tripathi Leaked Audition Tape For Sacred Games
vI68VA2TOQM,Netflix
91ZgT_tsm0c,4 Titles That Would Be Criminal To Miss.
WB4TelnwuN4,Sacred Games 2 - All Episodes Download
ZBFB0eOycDs,Sacred Insta Games Ft. Kalki Koechlin
ZBFB0eOycDs,Screen Time With Rega Jha
ZBFB0eOycDs,Behensplaining
NurZCz7KBAU,Behind The Scenes
NurZCz7KBAU,Sacred Games 2
NurZCz7KBAU,Netflix
8ADOIqD9F5I,Guruji
8ADOIqD9F5I,Independence Day
8ADOIqD9F5I,Sacred Games 2
lm73eYcHrWI,Ganesh Gaitonde
lm73eYcHrWI,Independence Day
lm73eYcHrWI,Sacred Games Season 2
Oy8SvhkO6J8,Indian Grandma Watches F.R.I.E.N.D.S
Oy8SvhkO6J8,Netflix
H8b3kS5nWrg,First Impressions Of Sacred Games Characters
H8b3kS5nWrg,Naam 25
H8b3kS5nWrg,Netflix
p6VBVr814cQ,The Dark Crystal: Age Of Resistance
p6VBVr814cQ,Trailer
p6VBVr814cQ,Netflix
JLEiGfzGht4,Badass Women Of Sacred Games
JLEiGfzGht4,Netflix
mx3duQYvozs,Introducing Guruji
mx3duQYvozs,Pankaj Tripathi
mx3duQYvozs,Sacred Games 2
EqbycstsToY,Remembering Katekar
EqbycstsToY,Sacred Games
EqbycstsToY,Netflix
M-FF6PteILM,Kanta Bai
M-FF6PteILM,Sacred Games Mini-Episodes
M-FF6PteILM,Netflix
vLZ3CMeV9bo,Introducing Batya Abelman
vLZ3CMeV9bo,Sacred Games 2
vLZ3CMeV9bo,Netflix
syw-QRf6Eq4,Every Death In Sacred Games
syw-QRf6Eq4,Netflix
hoSijFjsMKM,Top 5 Ganesh Gaitonde Moments
hoSijFjsMKM,Nawazuddin Siddiqui
hoSijFjsMKM,Sacred Games
hoSijFjsMKM,Netflix
QKM6DvAj2vU,What To Expect
QKM6DvAj2vU,Sacred Games 2
QKM6DvAj2vU,Netflix
Atqdz5rZ29g,4 Bollywood Titles To Add A Twist To Your Weekend.
Cj29rbbZJDs,Meet The Ghost Club
Cj29rbbZJDs,Typewriter
Cj29rbbZJDs,Netflix
i_Vs5zHQIsA,The Making Of Bardez Villa
i_Vs5zHQIsA,Typewriter
i_Vs5zHQIsA,Netflix
mj-2IZjv7bY,Sartaj & Megha
mj-2IZjv7bY,Sacred Games 2
GfBU4DIFjLM,Sacred Games 2
GfBU4DIFjLM,Sartaj Singh
GfBU4DIFjLM,Netflix
xHWQiok-ei0,Badla
xHWQiok-ei0,Trailer
xHWQiok-ei0,Netflix
DELS9SZP32k,Indian Grandma Reacts To Baahubali
DELS9SZP32k,Netflix
_350KdC5P8c,Pappu Pakitmaar
_350KdC5P8c,Netflix In Your Pocket At 199
FNPjTiJ-07k,Mindhunter
FNPjTiJ-07k,Season 2 Official Trailer
FNPjTiJ-07k,Netflix
O3YhTXXfzIA,Sacred Games Season 1 Recap
O3YhTXXfzIA,Netflix
cNF-nFnGWZk,4 Things To Binge Watch This Weekend
PbqbD9IhWaU,Behensplaining
PbqbD9IhWaU,Srishti Dixit & @Kushakapila5643 Review Lust Stories
PbqbD9IhWaU,Netflix India
43FcHJk-V1w,Maska
43FcHJk-V1w,"Cast Announcement Feat. Shirley Setia, Manisha Koirala, Nikita Dutta"
43FcHJk-V1w,Netflix India
tDcJS-TDg70,The Irishman
tDcJS-TDg70,Official Teaser
FAh1-cwRRaY,Indian Grandma Reacts To Bird Box
FAh1-cwRRaY,Netflix
us2HxYreQy4,Moving Into A Haunted House Irl Ft. Kenny Sebastian & Sejal Bhat.
mzf79KWQEVM,Sacred Games 2
mzf79KWQEVM,Ganesh Gaitonde
mzf79KWQEVM,Netflix
eZ8plCqhgf0,Typewriter Race
eZ8plCqhgf0,With The Cast Of Typewriter
QDJAZuM6HZQ,5 Things To Binge On This Weekend
sIAKc46bXKw,Behensplaining
sIAKc46bXKw,@Mostlysane And @Kushakapila5643 Review Typewriter
sIAKc46bXKw,Netflix
M9D-Rnk0IT0,"Netflix, Now In Your Pocket."
HS4-oSnJlvA,Wu Assassins
HS4-oSnJlvA,Official Trailer
HS4-oSnJlvA,Netflix
B6wXBiDuuJ8,Indian Grandma Reacts To Andhadhun
B6wXBiDuuJ8,Netflix
9yi_-ID2uv4,The Cast Of Sacred Games 2 In '70S Glam
9yi_-ID2uv4,Netflix
c0IMp-Sw32s,5 New Indian Original Series To Watch Out For
c0IMp-Sw32s,Netflix
IXyA1k7MbLU,5 Things To Binge-Watch This Weekend
j8UtaoCqpgA,The Dark Crystal: Age Of Resistance
j8UtaoCqpgA,Comic-Con 2019 Sneak Peek
j8UtaoCqpgA,Netflix
B-VV2feAhW4,The Witcher
B-VV2feAhW4,Official Teaser
B-VV2feAhW4,Netflix
qPUqTubSAwg,Behensplaining
qPUqTubSAwg,Srishti Dixit & @Kushakapila5643 Review Race 2
qPUqTubSAwg,Netflix
RM_nfQbSsZ0,Unbelievable
RM_nfQbSsZ0,Official Trailer
RM_nfQbSsZ0,Netflix
QdDhpZeAi8s,What If Your Favourite Characters Were In Office?
r5Y0quV9PGI,The Red Sea Diving Resort
r5Y0quV9PGI,Official Trailer
r5Y0quV9PGI,Netflix
5yoQHZmG7Sk,Building The World Of Leila - Vfx Sneak Peek
5yoQHZmG7Sk,Netflix
zvCS_MBv8CE,Every Bollywood Roundtable Ever
zvCS_MBv8CE,Typewriter
tNarWRBamkc,Behensplaining
tNarWRBamkc,Srishti & @Kushakapila5643 Review Pyaar Ka Punchnama
tNarWRBamkc,Netflix India
loxq21RK1P0,Another Life - Katee Sackhoff
loxq21RK1P0,Official Trailer
loxq21RK1P0,Netflix
YDKo8QmhKLk,The Great Hack
YDKo8QmhKLk,Official Trailer
YDKo8QmhKLk,Netflix
b8wPO9W4g20,What If Stranger Things Happened In India? Ft. @Rohanjoshi8016 And Vrajesh Hirji
b8wPO9W4g20,Netflix India
jNBL1eA0bb4,Rohan Joshi And Ashish Shakya React To Typewriter Trailer
zEH-UcBtXaY,Queer Eye: Season 4
zEH-UcBtXaY,Official Trailer
zEH-UcBtXaY,Netflix
w-Xe8gLBc5I,Sacred Games 2
w-Xe8gLBc5I,Official Trailer
w-Xe8gLBc5I,Netflix
5cPdpWIM6Bw,Saint Seiya: Knights Of The Zodiac
5cPdpWIM6Bw,Official Trailer
5cPdpWIM6Bw,Netflix
y20GbrpdySw,Secret Obsession
y20GbrpdySw,Official Trailer
y20GbrpdySw,Netflix
LRwvpqWT_oE,"So, What Is Huma Watching On Netflix?"
pXNf4vdjFps,5 Things To Binge On This Weekend.
UnISWhb8xV0,Bowl Baby Bowl Ft Abhay And Mithila
UnISWhb8xV0,Chopsticks
8ekJQDRdwfQ,Behensplaining
8ekJQDRdwfQ,Srishti Dixit & @Kushakapila5643 Review Stranger Things
8ekJQDRdwfQ,Netflix India
UaGXtLnab0I,Introducing Behensplaining
UaGXtLnab0I,Coming Soon
nGdRvQ6p23E,Typewriter
nGdRvQ6p23E,The Ghost Club
nGdRvQ6p23E,Netflix
8czgMt0YZSg,Top 5 Times We Lost Our Hearts To Shah Rukh Khan
8czgMt0YZSg,Netflix
zYtGvFMa1ds,5 Things To Binge-Watch This Weekend
gE3AYzs6fhI,First Scenes Of Your Favourite Stranger Things Characters
gE3AYzs6fhI,Netflix
wne0iGgbJx0,Huma Qureshi On Her Character 'Shalini'
wne0iGgbJx0,Leila
bcsjQTOjaSY,Typewriter
bcsjQTOjaSY,Official Trailer
bcsjQTOjaSY,Netflix
XbKDLqejBqY,Top 5 Savage Moments Of Ma Anand Sheela
XbKDLqejBqY,Wild Wild Country
vZXdDMLMxiU,Typewriter
vZXdDMLMxiU,Teaser
vZXdDMLMxiU,Netflix
4xEDHaUBjGs,"So, What Is Karan Johar Watching?"
4xEDHaUBjGs,Netflix
XrOvrWVmSIE,Shush! Silence The Patriarchy
XrOvrWVmSIE,Netflix
NLDFHVqm-Sk,Point Blank
NLDFHVqm-Sk,Official Trailer
NLDFHVqm-Sk,Netflix
7ZB78xgx1KM,Indian Grandmas React To Leila
7ZB78xgx1KM,Netflix
9kGZc5b9PQY,What If Narcos Was A Romcom?
9kGZc5b9PQY,Netflix India
oa7LY5v-Q98,Every Rick-Vention In Rick And Morty
oa7LY5v-Q98,Netflix
oWt1ybFx4jI,Happy Father'S Day Feat. Ganesh Gaitonde
owuNgl8U5QY,5 Things To Binge-Watch This Weekend
4adPtOcy9IA,Leila
4adPtOcy9IA,Indias First Dystopian Story
tqY1ivfm00M,Dark Season 2
tqY1ivfm00M,Hero'S Journey Teaser
tqY1ivfm00M,Netflix
kPFaikLSZXc,Indian Grandma Reacts To Queer Eye
kPFaikLSZXc,Netflix
oSSvPnzscj0,Ready Set Goat! Feat Abhay And Mithila
oSSvPnzscj0,Chopsticks
Ip9YpEZ3_SU,5 Things To Binge-Watch This Weekend
yNzu_4VjtB8,Andrew Scotts Powerful Monologue From Black Mirror Season 5
yON0j2LAkXo,Dark Season 2
yON0j2LAkXo,Mystery Teaser
yON0j2LAkXo,Netflix
D0eyV0fAu80,Marvels Jessica Jones: Season 3
D0eyV0fAu80,Trailer
D0eyV0fAu80,Netflix
Y8ORRclEN98,Black Mirror Creator Charlie Brooker Gives An Overview Of Season 5S Episodes
iBMtM_TdMSw,Indian Grandma Reacts To To All The Boys I'Ve Loved Before
iBMtM_TdMSw,Netflix
PreYOlU4ET4,One Second From Every Episode Of Breaking Bad
PreYOlU4ET4,Netflix
38G6J7VKZwo,The Chopsticks Challenge Ft Abhay Deol & Mithila Palkar
1GxzVWCfmzo,Money Heist: Part 3
1GxzVWCfmzo,Official Trailer
1GxzVWCfmzo,Netflix
pkR5MNeoQy0,Best Of Otis Advice
pkR5MNeoQy0,Sex Education
1NKUNYedUJw,The Number 11
1NKUNYedUJw,Chopsticks
00V8lpFjXRA,5 Things To Binge-Watch This Weekend
Ij9IH2tHpUg,Arthdal Chronicles
Ij9IH2tHpUg,Official Trailer
Ij9IH2tHpUg,Netflix
jcVt4vh5a9Q,The Dark Crystal: Age Of Resistance
jcVt4vh5a9Q,Teaser
jcVt4vh5a9Q,Netflix
27aYjZYUJkA,Indian Grandma Reacts To Black Mirror
27aYjZYUJkA,Netflix
5yiZOyxNLY0,Mr. Iglesias
5yiZOyxNLY0,Trailer
5yiZOyxNLY0,Netflix
uRPs1ow3eAA,Bollywood Bites With Biswa
uRPs1ow3eAA,Exclusive Interview With Bahubali
uRPs1ow3eAA,Netflix
Ltr4OLoDDOM,One Second From Every Episode Of F.R.I.E.N.D.S
Ltr4OLoDDOM,Netflix
DcEIAWQZZAA,It'S My Vagina
DcEIAWQZZAA,Sex Education
DcEIAWQZZAA,Netflix India
ex-4aVfweoc,5 Things To Binge Watch This Weekend
Vx63VRWb1Fk,Indian Grandma Reacts To Lust Stories
Vx63VRWb1Fk,Netflix
ocxgXty0k8g,Orange Is The New Black
ocxgXty0k8g,The Final Season
ocxgXty0k8g,Netflix
0aDwu0om8pc,Arthdal Chronicles
0aDwu0om8pc,Character Teaser: Tagon
0aDwu0om8pc,Netflix
p_yNfKhpT6A,Jinn
p_yNfKhpT6A,Main Trailer
p_yNfKhpT6A,Netflix
1X86BngYQhE,Every Title Of Your Sex Tape In Brooklyn Nine-Nine Feat. Jake Peralta
dxbCuuc-jp4,Chopsticks
dxbCuuc-jp4,Official Trailer [Hd]
dxbCuuc-jp4,Netflix
17oWDEi_2qg,Stranger Things 3
17oWDEi_2qg,Summer In Hawkins
17oWDEi_2qg,Netflix
UVgazu6280k,Best Of Sherlock'S Lines
3eeCdA7O-6U,Leila
3eeCdA7O-6U,Official Trailer [Hd]
3eeCdA7O-6U,Netflix
KmGV2qriYLA,Indian Grandma Reacts To Sacred Games
KmGV2qriYLA,Netflix
qWZQECe2J2U,Chopsticks
qWZQECe2J2U,Who Is The Artist Feat. Abhay Deol
qWZQECe2J2U,Netflix
qbzTIqfFkvk,5 Things You Can Binge This Weekend L Now Streaming
t27Wvhpqj3k,The Secret Behind The Success Of Karim'S Delhi Restaurant
t27Wvhpqj3k,Street Food
2Z2R69AjHqI,Chopsticks
2Z2R69AjHqI,Bholi Bhali Nirma Feat. Mithila Palkar
2Z2R69AjHqI,Netflix
yTMCx1K0StI,High Seas
yTMCx1K0StI,Official Trailer
yTMCx1K0StI,Netflix
792f-OgGDvg,Sacred Games 2
792f-OgGDvg,Cast Reveal
OZ179PCyO4E,5 Things To Binge This Weekend L Now Streaming
Q_SbTdYjgfk,Mighty Little Bheem
Q_SbTdYjgfk,Flower Adventure
Q_SbTdYjgfk,Netflix India
iY_aJWegDQE,Good Sam
iY_aJWegDQE,Official Trailer [Hd]
iY_aJWegDQE,Netflix
GC25UxlAxs4,The Cast Of Sex Education React To Season 2 Scripts
GC25UxlAxs4,Netflix
WiK5z1DkUbo,Murder Mystery
WiK5z1DkUbo,Trailer
WiK5z1DkUbo,Netflix
dUq1Gf5AC5k,5 Things To Binge This Weekend L Now Streaming
JTAcXjMYE8k,Dark Season 2
JTAcXjMYE8k,Date Announcement
JTAcXjMYE8k,Netflix
3tb5nWNlgTw,My First First Love
3tb5nWNlgTw,Featurette: The Making Of My First First Love [Hd]
3tb5nWNlgTw,Netflix
U15sCqscZAk,Mighty Little Bheem
U15sCqscZAk,Bheem With A Beat
U15sCqscZAk,Netflix India
VAtub6CHZZU,Selection Day With Pk & Vk
VAtub6CHZZU,Tips
VAtub6CHZZU,Netflix
GYulsFTIoFg,Selection Day With Pk & Vk
GYulsFTIoFg,Election Day
GYulsFTIoFg,Netflix
PumodeOqPPY,Selection Day With Pk & Vk
PumodeOqPPY,Downloads
PumodeOqPPY,Netflix
MbrCLr3yJf8,Selection Day With Pk & Vk
MbrCLr3yJf8,New Light
MbrCLr3yJf8,Netflix
RtbTNn47Y8E,Selection Day With Pk & Vk
RtbTNn47Y8E,No Ads
RtbTNn47Y8E,Netflix
41rDuC0SUiA,Selection Day With Pk & Vk
41rDuC0SUiA,Take The Call
41rDuC0SUiA,Netflix
Eyh6MjRi9J0,Selection Day With Pk & Vk
Eyh6MjRi9J0,Dreams
Eyh6MjRi9J0,Netflix
Tg--qK9ReT0,Selection Day With Pk & Vk
Tg--qK9ReT0,The 12Th Man
Tg--qK9ReT0,Netflix
r7RDGciWQaQ,Selection Day With Pk & Vk
r7RDGciWQaQ,Front Foot
r7RDGciWQaQ,Netflix
4qXoR6MrVwg,Mighty Little Bheem
4qXoR6MrVwg,Official Trailer
4qXoR6MrVwg,Netflix
e2WjE1iS554,Special: Season 1
e2WjE1iS554,Official Trailer [Hd]
e2WjE1iS554,Netflix
C2yGU45liGY,The Cast Of Selection Day Meets Sachin Tendulkar & Brian Lara
C2yGU45liGY,Netflix India
2z10Dg6-hkc,The Most Epic Compilation Of Eleven From Stranger Things
2z10Dg6-hkc,Netflix India
uvvRji3oow8,10 Indian Original Films To Watch Out For
uvvRji3oow8,Netflix
kr_2YPENNWg,Selection Day
kr_2YPENNWg,Part 2
kr_2YPENNWg,Official Trailer [Hd]
_rqKyDQm_zA,Street Food
_rqKyDQm_zA,Official Trailer [Hd]
_rqKyDQm_zA,Netflix
Xj1-Ipa0-Vo,Binge-List For The Week
Xj1-Ipa0-Vo,Now Streaming
YEOANVtvyL4,The One With Your Favourite Characters
YEOANVtvyL4,Netflix
cxf56AuBImg,The Process Of Phone Tracking In Criminal Investigation
cxf56AuBImg,Delhi Crime
A1Tdko7rd8M,How Forensic Evidence Contributes To Criminal Investigation
A1Tdko7rd8M,Delhi Crime
KqHGdQwbuec,How Cctv Evidence Is Used In Indian Courts
KqHGdQwbuec,Delhi Crime
CrrI0ui3z4E,Quicksand
CrrI0ui3z4E,Official Trailer
CrrI0ui3z4E,Netflix
oovBxcNDoIg,The Perfect Date
oovBxcNDoIg,Official Trailer [Hd]
oovBxcNDoIg,Netflix
X0H5AciZEzc,Unicorn Store
X0H5AciZEzc,Official Trailer [Hd]
X0H5AciZEzc,Netflix
CPaMoClUtGk,Huge In France
CPaMoClUtGk,Official Trailer [Hd]
CPaMoClUtGk,Netflix
FRrvgF7lE9M,Our Planet
FRrvgF7lE9M,Official Extended Trailer [Hd]
FRrvgF7lE9M,Netflix
UP3-tH-GqdM,Chilling Adventures Of Sabrina: Part 2
UP3-tH-GqdM,Trailer [Hd]
UP3-tH-GqdM,Netflix
q1YIJyf83tw,15 August
q1YIJyf83tw,Official Trailer [Hd]
q1YIJyf83tw,Netflix
KZKXd84sDoo,Andhadhun'S Ending Explained
KZKXd84sDoo,Netflix India
Yrutw-0fDPE,Binge List For The Week
Yrutw-0fDPE,Netflix India
LG5xccAHmN8,If Netflix Characters Were In Your School
27IMhvK-38Q,The Disappearance Of Madeleine Mccann
27IMhvK-38Q,Official Trailer [Hd]
27IMhvK-38Q,Netflix
3aaG-FtvA3A,Santa Clarita Diet
3aaG-FtvA3A,Season 3 Official Trailer [Hd]
3aaG-FtvA3A,Netflix
ZTeFU0NqIWo,Delhi Crime
ZTeFU0NqIWo,Official Trailer [Hd]
ZTeFU0NqIWo,Netflix
an5__4uEUCY,After Life
an5__4uEUCY,Main Trailer
an5__4uEUCY,Netflix
5jMNTFfvhoc,Leila
5jMNTFfvhoc,Announcement [Hd]
YcLbY-JkBtY,Someone Great
YcLbY-JkBtY,Official Trailer [Hd]
YcLbY-JkBtY,Netflix
4jgE6Yln774,Binge List For The Week
4jgE6Yln774,Netflix India
W7M2qBmA7rk,Isn'T It Romantic Trailer
W7M2qBmA7rk,Netflix India
K8fORa6emgM,The Oa
K8fORa6emgM,Part Ii Official Trailer [Hd]
K8fORa6emgM,Netflix
tIwmZp8scUg,The Irishman
tIwmZp8scUg,Announcement [Hd]
BqlAI2qu6Og,The Order: Season 1
BqlAI2qu6Og,Official Trailer [Hd]
BqlAI2qu6Og,Netflix
am35kon5jKk,Ajoobe
am35kon5jKk,7Bantaiz And The Umbrella Academy
RHoNXCYmLn4,Formula 1: Drive To Survive
RHoNXCYmLn4,Official Trailer
RHoNXCYmLn4,Netflix
hqJQf014paE,Cricket Fever - Mumbai Indians
hqJQf014paE,Official Trailer
vZtPzUSPuW0,Green Eggs And Ham - Season 1
vZtPzUSPuW0,Official Teaser [Hd]
vZtPzUSPuW0,Netflix
G8XD49VCYvE,Triple Frontier
G8XD49VCYvE,Official Trailer #2 [Hd]
G8XD49VCYvE,Netflix
xkiArQ0BWbk,Netflix Presents: The Valentine'S Day Special
q5khS2l8cZk,Who Is The Umbrella Academy?
vMvg6LtskNc,Firebrand
vMvg6LtskNc,Official Trailer [Hd]
vMvg6LtskNc,Netflix
UiKWlZzLFD4,The Breaker Upperers
UiKWlZzLFD4,Official Trailer [Hd]
UiKWlZzLFD4,Netflix
E-_pivW0ofk,The Breaker Upperers
E-_pivW0ofk,Official Trailer [Hd]
E-_pivW0ofk,Netflix
R3kdgMVPJd0,Sex Education
R3kdgMVPJd0,Season 2 Announcement
R3kdgMVPJd0,Netflix
hJmZNifQd-E,Get Ready To Binge
hJmZNifQd-E,Now Streaming
j64RY5yc8hI,Quicksand
j64RY5yc8hI,Season 1 Official Teaser [Hd]
j64RY5yc8hI,Netflix
nHlSBqlU0cI,Isnt It Romantic
nHlSBqlU0cI,Official Trailer [Hd]
nHlSBqlU0cI,Netflix
5OhGjzyvJ0Q,Fyre: The Greatest Party That Never Happened
5OhGjzyvJ0Q,Official Trailer [Hd]
5OhGjzyvJ0Q,Netflix
cBCo_8R8Ak0,Binge List For The Week
cBCo_8R8Ak0,Netflix India
Z0GhqamTFPw,New On Netflix
Z0GhqamTFPw,February 2019
YVmKxDQbouI,The Umbrella Academy
YVmKxDQbouI,Official Trailer [Hd]
YVmKxDQbouI,Netflix
D8keMZqLnpU,Every Day Is A Selection Day Ft. Sachin Tendulkar
D8keMZqLnpU,Netflix
S96_bOQnG-o,High Flying Bird
S96_bOQnG-o,Official Trailer [Hd]
S96_bOQnG-o,Netflix
aIFRWpwcaJU,The Cast Of Sex Education Answers Questions From India
aIFRWpwcaJU,Netflix
aIFRWpwcaJU,Sex Education
928gFVXgEPQ,Soni
928gFVXgEPQ,Official Trailer [Hd]
928gFVXgEPQ,Netflix
YcyGtqN2NfU,Dirty John
YcyGtqN2NfU,Season 1 Official Trailer [Hd]
YcyGtqN2NfU,Netflix
G4hd-tVkmsU,Io
G4hd-tVkmsU,Official Trailer [Hd]
G4hd-tVkmsU,Netflix
XuCXMckDeSo,Grace And Frankie
XuCXMckDeSo,Season 5 Official Trailer [Hd]
XuCXMckDeSo,Netflix
6oXWihkN7sY,Polar
6oXWihkN7sY,Official Trailer [Hd]
6oXWihkN7sY,Netflix
6zMSb7LgYPE,Tea20 With Andy Serkis
2B0kLj7AGLA,How To Be An Overbearing Parent
VSRf6HKnh2g,Carmen Sandiego
VSRf6HKnh2g,Official Trailer [Hd]
VSRf6HKnh2g,Netflix
PkuBo3rW1YE,Sex Education
PkuBo3rW1YE,Whos Who
PkuBo3rW1YE,Netflix
5gC0GOGvmM4,Close
5gC0GOGvmM4,Official Trailer [Hd]
5gC0GOGvmM4,Netflix
72Cr3wtgoLQ,Black Mirror: Bandersnatch
72Cr3wtgoLQ,Tech Featurette
72Cr3wtgoLQ,Netflix [Hd]
MMD35I9cWLk,Stranger Things 3
MMD35I9cWLk,Date Announce
MMD35I9cWLk,Netflix
XsAy3NMkKIk,Kingdom
XsAy3NMkKIk,Official Trailer 2 [Hd]
XsAy3NMkKIk,Netflix
0Lws4pg_7jQ,Netflix Indias Best Of 2018
tHBQ98BXUXo,Selection Day
tHBQ98BXUXo,Choose Who You Become
tHBQ98BXUXo,Netflix
ss93g4u6p1A,Titans
ss93g4u6p1A,Official Trailer #2 [Hd]
ss93g4u6p1A,Netflix
AbF3oASd9pg,Myroma Q&A With Writer/Director Alfonso Cuarn
AbF3oASd9pg,Singapore
dse5E0WjKZ4,Bird Box
dse5E0WjKZ4,5 Minute Sneak Peek [Hd]
dse5E0WjKZ4,Netflix
wh46XSOfQLI,Stranger Things
wh46XSOfQLI,Holidays Upside Down
wh46XSOfQLI,Netflix
U-bx5qbs11U,3Below: Tales Of Arcadia
U-bx5qbs11U,Official Trailer [Hd]
U-bx5qbs11U,Netflix
oZMELbtMAas,Christian Bale And Abhishek Bachchan Talk All Things Bagheera
35O6LYXtd8s,New On Netflix
35O6LYXtd8s,January 2019
N4q_UuePz38,Impossible Questions With Anil Kapoor
Ei3Yc5r_EOY,Impossible Questions With Jackie Shroff
d1svghPMjBI,Impossible Questions With Andy Serkis
nXfnC5YN0D8,Impossible Questions With Rohan Chand
U0gaPzI5osc,Bird Box
U0gaPzI5osc,Official Trailer [Hd]
U0gaPzI5osc,Netflix
8YbNN1drpZ4,Mowgli: Legend Of The Jungle
8YbNN1drpZ4,Capturing The Magic Of Mowgli
8YbNN1drpZ4,Netflix
53j9Nx92k4s,Titans
53j9Nx92k4s,Date Announcement [Hd]
53j9Nx92k4s,Netflix
Jd01-SESQZs,Ellen Degeneres: Relatable
Jd01-SESQZs,Official Trailer [Hd]
Jd01-SESQZs,Netflix
v3LrhyJU6Us,The Innocent Man
v3LrhyJU6Us,Official Trailer [Hd]
v3LrhyJU6Us,Netflix
qY81onFP3Y8,You
qY81onFP3Y8,Trailer #2 [Hd]
qY81onFP3Y8,Netflix
F48mmVhwBl4,Chilling Adventures Of Sabrina
F48mmVhwBl4,Part 2 Teaser [Hd]
F48mmVhwBl4,Netflix
3xRyMEyDtlY,New On Netflix
3xRyMEyDtlY,December 2018
QroVNAdMjm8,Fuller House - Season 4
QroVNAdMjm8,Official Trailer [Hd]
QroVNAdMjm8,Netflix
7Ny6o7tnBCc,Every Goa Plan Ever - Narcos: Mexico Edition
3gpVXBWEFfA,Mowgli: Legend Of The Jungle
3gpVXBWEFfA,Hindi Trailer
3gpVXBWEFfA,Netflix
MKQapwg9uTg,Perfume
MKQapwg9uTg,Official Trailer [Hd]
MKQapwg9uTg,Netflix
U5YaNb1S9o8,The Protector
U5YaNb1S9o8,Official Trailer
U5YaNb1S9o8,Netflix
2-ScsCrc0cA,The God And The Godfather
7KekzuLLsWs,New To Netflix In
7KekzuLLsWs,November
7KekzuLLsWs,Netflix
Dv4PatCYBt8,A Christmas Prince: The Royal Wedding
Dv4PatCYBt8,Official Trailer [Hd]
Dv4PatCYBt8,Netflix
eivXy0oiIRs,The Hook Up Plan
eivXy0oiIRs,Official Trailer [Hd]
eivXy0oiIRs,Netflix
0wkCfRiC4F0,Rajma Chawal
0wkCfRiC4F0,Official Trailer [Hd]
0wkCfRiC4F0,Netflix
fpWboqZQEMk,Selection Day
fpWboqZQEMk,Teaser [Hd]
fpWboqZQEMk,Netflix
xGJWTm1qlO8,Mowgli: Legend Of The Jungle
xGJWTm1qlO8,Official Trailer [Hd]
xGJWTm1qlO8,Netflix
5m8AasMMI3g,The Princess Switch
5m8AasMMI3g,Official Trailer [Hd]
5m8AasMMI3g,Netflix
bwZgyJnrY3s,Types Of Horror Watchers Feat. Kalki Koechlin
U6l0mlDLJT0,Money Heist 3
U6l0mlDLJT0,Now In Production
U6l0mlDLJT0,Netflix
fFTryJ3KQAU,Westside
fFTryJ3KQAU,Official Trailer [Hd]
fFTryJ3KQAU,Netflix
PRR4jNv0k9U,Bird Box
PRR4jNv0k9U,Official Trailer [Hd]
PRR4jNv0k9U,Netflix
Z3qaMF1LRZ8,Haunted
Z3qaMF1LRZ8,Now Streaming
Z3qaMF1LRZ8,Netflix
TWNR5CcN4ms,The Holiday Calendar
TWNR5CcN4ms,Official Trailer [Hd]
TWNR5CcN4ms,Netflix
rN8jPxxDc10,Tidelands: Season 1
rN8jPxxDc10,Teaser [Hd]
rN8jPxxDc10,Netflix
Pyi4h8yRWy4,Disenchantment
Pyi4h8yRWy4,New Episodes Coming Soon
f1aWWNpaiIQ,Bodyguard
f1aWWNpaiIQ,Official Trailer [Hd]
f1aWWNpaiIQ,Netflix
Ux0LMd6_yRg,How To Adult
4bsmjx7-eT8,The Final Table
4bsmjx7-eT8,Official Trailer [Hd]
4bsmjx7-eT8,Netflix
45tYiclXDeY,Medal Of Honor
45tYiclXDeY,Official Trailer [Hd]
45tYiclXDeY,Netflix
pAcV-7C_nOQ,The Haunting Of Hill House
pAcV-7C_nOQ,Meet The Crains
pAcV-7C_nOQ,Netflix
KDRI_OsD36w,Best. Worst. Weekend. Ever.
KDRI_OsD36w,Official Trailer [Hd]
KDRI_OsD36w,Netflix
JERpm6IHb5o,The Christmas Chronicles
JERpm6IHb5o,Official Teaser Trailer [Hd]
JERpm6IHb5o,Netflix
-3TB5yES6bU,Selection Day
-3TB5yES6bU,Official Date Announcement [Hd]
-3TB5yES6bU,Netflix
jfMaULB65NA,House Of Cards
jfMaULB65NA,Season 6 Official Trailer [Hd]
jfMaULB65NA,Netflix
XR6BkuKy29Q,Star Trek: Discovery - Trailer #2 [Hd]
XR6BkuKy29Q,Netflix
3ImtR_uZCQA,Marvels Daredevil: Season 3
3ImtR_uZCQA,Official Trailer [Hd]
3ImtR_uZCQA,Netflix
arLsZ4XQtas,Feminists: What Were They Thinking? I Official Trailer I Netflix
YBSu63sWVE4,The Boss Baby: Back In Business S2
YBSu63sWVE4,Official Trailer [Hd]
YBSu63sWVE4,Netflix
gVgUHJdRC6c,1983
gVgUHJdRC6c,Official Teaser [Hd]
gVgUHJdRC6c,Netflix
94tAQhQ-gV4,New On Netflix October 2018
94tAQhQ-gV4,India
MqNUKLsSLnU,Maniac
MqNUKLsSLnU,Inside The Series
MqNUKLsSLnU,Netflix
MCEW49z7alY,Titans
MCEW49z7alY,Official Trailer [Hd]
MCEW49z7alY,Netflix
zezexbKUUGk,House Of Cards
zezexbKUUGk,Teaser
zezexbKUUGk,Netflix [Hd]
BTR0YLgC_qY,Little Things
BTR0YLgC_qY,Official Trailer [Hd]
BTR0YLgC_qY,Netflix
85XBJ6vNpbY,Little Things
85XBJ6vNpbY,Pause By Prateek Kuhad
85XBJ6vNpbY,Netflix
5D44xtgZlv8,Ghoul: The Room
5D44xtgZlv8,Official [Vr]
5D44xtgZlv8,Netflix
lrhYGF_tzac,Operation Finale
lrhYGF_tzac,Official Trailer [Hd]
lrhYGF_tzac,Netflix
yG9V77XB6vg,Sacred Games
yG9V77XB6vg,Official Season 2 Announcement [Hd]
yG9V77XB6vg,Netflix
qUrOIMKYIMI,Little Things
qUrOIMKYIMI,Official Franchise Asset [Hd]
qUrOIMKYIMI,Netflix
uavLZTbWh5o,Hilda
uavLZTbWh5o,Official Trailer [Hd]
uavLZTbWh5o,Netflix
J1LrsNYL4YQ,Next Gen
J1LrsNYL4YQ,Now Streaming
J1LrsNYL4YQ,Netflix
6INM25BAz4g,Narcos: Mexico
6INM25BAz4g,Date Announcement
6INM25BAz4g,Netflix [Hd]
eYU6mduzkJ8,House Of Cards
eYU6mduzkJ8,Teaser: Grave
eYU6mduzkJ8,Netflix [Hd]
eHxObzRJKLM,Little Things
eHxObzRJKLM,Official Teaser [Hd]
cI7ssD2bgV0,Ghoul Behind The Scenes
cI7ssD2bgV0,Official Featurette [Hd]
cI7ssD2bgV0,Netflix
rC1L6vE6cnU,The Dragon Prince
rC1L6vE6cnU,Official Trailer [Hd]
rC1L6vE6cnU,Netflix
8EZnQ4EEjkk,Marvel'S Iron Fist - Season 2
8EZnQ4EEjkk,Building An Epic Fight Sequence
8EZnQ4EEjkk,Netflix
0LSgWzzaTD4,Omnipresent
b7r7Z2WbJSQ,Hold The Dark
b7r7Z2WbJSQ,Official Trailer [Hd]
b7r7Z2WbJSQ,Netflix
uIMjRlATqPM,Atypical
uIMjRlATqPM,Season 2 Official Trailer [Hd]
uIMjRlATqPM,Netflix
ixQ8DxuZzHE,Outlaw King
ixQ8DxuZzHE,Official Trailer [Hd]
ixQ8DxuZzHE,Netflix
SoUv_9_pPws,Ultimate Beastmaster: Survival Of The Fittest
SoUv_9_pPws,Official Trailer
SoUv_9_pPws,Netflix
ISuV-aC7pNI,Marvels Iron Fist
ISuV-aC7pNI,Season 2 Official Trailer [Hd]
ISuV-aC7pNI,Netflix
7yF2ydn-Tyk,Ghoul
7yF2ydn-Tyk,Official Trailer
7yF2ydn-Tyk,Netflix - Tamil
2zRk5j8Mz1g,Ghoul
2zRk5j8Mz1g,Official Trailer
2zRk5j8Mz1g,Netflix - Telugu
Fzmlsb--0bk,What Is Ghoul
Fzmlsb--0bk,Teaser Trailer [Hd]
Fzmlsb--0bk,Netflix
Kwqayc6tDPY,Ghoul - Silent Trailer I Netflix I Hd
okiUTMb8rSs,Marvels Iron Fist: Season 2
okiUTMb8rSs,Memories Teaser [Hd]
okiUTMb8rSs,Netflix
sH7HVHLxK8w,Bard Of Blood
sH7HVHLxK8w,Announcement
sH7HVHLxK8w,Netflix
UC6wjydwmjc,To All The Boys I'Ve Loved Before
UC6wjydwmjc,Main Trailer [Hd]
UC6wjydwmjc,Netflix
IO3tV1eTtO4,Profile Makeover
GlsqNBdYco8,Brij Mohan Amar Rahe
GlsqNBdYco8,Official Trailer [Hd]
GlsqNBdYco8,Netflix
_NTgCLxUIvc,Little Things Season 2
_NTgCLxUIvc,Announcement
_NTgCLxUIvc,Netflix
RJkFDeC1qFQ,I Feel Pretty
RJkFDeC1qFQ,Official Trailer [Hd]
RJkFDeC1qFQ,Netflix
5bel89xg_qY,Extinction - Official Trailer - Netflix
njXrARC9fxw,Ghoul
njXrARC9fxw,Official Trailer
njXrARC9fxw,Netflix
wwCSDqZkGiY,Aggretsuko
wwCSDqZkGiY,Teaser
wwCSDqZkGiY,Netflix
DZzFCGIyPH4,Disenchantment
DZzFCGIyPH4,Teaser [Hd]
DZzFCGIyPH4,Netflix
2oUPt5jw85I,The Guernsey Literary And Potato Peel Pie Society
2oUPt5jw85I,Official Trailer [Hd]
2oUPt5jw85I,Netflix
8clhDMXq0HM,The Legacy Of A Whitetail Deer Hunter
8clhDMXq0HM,Official Trailer [Hd]
8clhDMXq0HM,Netflix
zqx649JB_po,How It Ends
zqx649JB_po,Official Trailer [Hd]
zqx649JB_po,Netflix
ooY5AJ_zcrk,Ozark
ooY5AJ_zcrk,Season 2 Release Date
ooY5AJ_zcrk,Netflix
1lN3cpRMCbk,To All The Boys I'Ve Loved Before
1lN3cpRMCbk,Teaser [Hd]
1lN3cpRMCbk,Netflix
3wJx0Zvj8OE,Season Of Love On Netflix
qK3L3x2SUvo,Tau
qK3L3x2SUvo,Official Trailer
rYeK3GoRi3U,The Last Dance
rYeK3GoRi3U,Teaser [Hd]
rYeK3GoRi3U,Netflix
auaEQ1Wfm3c,Real Relationships With Lust Stories
tBk5W_apATw,Glow Season 2
tBk5W_apATw,Main Trailer [Hd]
tBk5W_apATw,Netflix
t0bfZxPwVNw,Sense8: The Series Finale
t0bfZxPwVNw,Spoiler Alert [Behind The Scenes]
t0bfZxPwVNw,Netflix
h0xh3tqFgT4,November 13 - Attack On Paris
h0xh3tqFgT4,Official Trailer [Hd]
h0xh3tqFgT4,Netflix
uDEDWhU7un0,Lust Stories
uDEDWhU7un0,Official Trailer
uDEDWhU7un0,Netflix
u0CvfCQKlh8,Trollhunters Part 3
u0CvfCQKlh8,Official Trailer [Hd]
u0CvfCQKlh8,Netflix
04rV4HUuevM,Lost In Space
04rV4HUuevM,Lost In Creativity [Hd]
04rV4HUuevM,Netflix
phWxgUmvjGU,The Rain
phWxgUmvjGU,Featurette [Hd]
phWxgUmvjGU,Netflix
BN3v4xSgwdU,Sacred Games
BN3v4xSgwdU,Teaser [Hd]
BN3v4xSgwdU,Netflix
6SLGTo3qM3c,Ibiza L Official Trailer [Hd]
9flMBZwixuM,It Gets Better
9flMBZwixuM,Netflix
9flMBZwixuM,13Ry
Qai7d0f-_NM,Lost In Space
Qai7d0f-_NM,Featurette: Lost In Possibility [Hd]
Qai7d0f-_NM,Netflix
8QkVoTL3UEc,The Alienist
8QkVoTL3UEc,Birth Of Psychology And Forensics Featurette
8QkVoTL3UEc,Netflix
2T_3qYLj8oU,Troy: Fall Of A City
2T_3qYLj8oU,Official Trailer [Hd]
2T_3qYLj8oU,Netflix
DUnfT2cQwv0,Cargo
DUnfT2cQwv0,Official Trailer [Hd]
DUnfT2cQwv0,Netflix
asxx8fnzjBQ,Heating Up
asxx8fnzjBQ,Netflix
fJ3cE6Hzg3Q,Ad Break
fJ3cE6Hzg3Q,Netflix
z8AA5xwRkb0,To-Dos
z8AA5xwRkb0,Netflix
kzbnx_errwE,A Series Of Unfortunate Events Season 2
kzbnx_errwE,Exclusive Vfd Clip
kzbnx_errwE,Netflix
dEHhUwWfxmI,Money Heist - Part 2
dEHhUwWfxmI,Official Trailer
dEHhUwWfxmI,Netflix
21o_Y8Mxheo,Sacred Games
21o_Y8Mxheo,Date Announcement
21o_Y8Mxheo,Netflix
udEltHztOVo,The Rain
udEltHztOVo,Date Announcement [Hd]
udEltHztOVo,Netflix
yB7dLZNW6Cg,Pastry
yB7dLZNW6Cg,Official Trailer [Hd]
yB7dLZNW6Cg,Netflix
HK5hlM9Zzao,Requiem I Main Trailer [Hd] I Netflix
n5GQ8wkn4T4,"Game Over, Man!"
n5GQ8wkn4T4,Official Trailer 2 [Hd]
n5GQ8wkn4T4,Netflix
wsxhknW4qto,Lost In Space
wsxhknW4qto,Official Trailer [Hd]
wsxhknW4qto,Netflix
ZITiLJ3HeKc,Annihilation
ZITiLJ3HeKc,Official Trailer
ZITiLJ3HeKc,Netflix
KFg1vpyK8Ac,Lost In Space
KFg1vpyK8Ac,Date Announcement [Hd]
KFg1vpyK8Ac,Netflix
p42eQD-1uDE,First Team: Juventus
p42eQD-1uDE,Main Trailer
p42eQD-1uDE,Netflix
pl-Y6FYU65A,First Time
pl-Y6FYU65A,Netflix
EKF49zJSRB4,Global
EKF49zJSRB4,Netflix
2I_eypETmKo,Love Per Square Foot
2I_eypETmKo,Netflix Original Film
2I_eypETmKo,Official Trailer
YrRJ4jvEiOs,Home Again
YrRJ4jvEiOs,Official Trailer
YrRJ4jvEiOs,Netflix
_71itRXeUi0,"Game Over, Man!"
_71itRXeUi0,Official Trailer [Hd]
_71itRXeUi0,Netflix
g-CFNJUhHaI,Stranger Things 2
g-CFNJUhHaI,Beyond Stranger Things - Sneak Peak
g-CFNJUhHaI,Netflix
Uq0soWMpkv8,Dynasty
Uq0soWMpkv8,Official Trailer [Hd]
Uq0soWMpkv8,Netflix
of_aEblt1r8,Gaga: Five Foot Two
of_aEblt1r8,Official Trailer [Hd]
of_aEblt1r8,Netflix
YUcIiKpF3CQ,Gerald'S Game
YUcIiKpF3CQ,Official Trailer [Hd]
YUcIiKpF3CQ,Netflix
LZw-56tYfTE,The Crown
LZw-56tYfTE,Season 2 Teaser [Hd]
LZw-56tYfTE,Netflix
kkfkAfxD6WU,First They Killed My Father
kkfkAfxD6WU,Official Trailer
kkfkAfxD6WU,Netflix [Hd]
P5SkacqkvkM,Star Trek: Discovery
P5SkacqkvkM,Official Trailer
P5SkacqkvkM,Netflix [Hd]
JaIXz4ULUCE,Naked
JaIXz4ULUCE,Official Trailer
JaIXz4ULUCE,Netflix
Ca9X3vUYWzs,Aditi Mittal: Things They Wouldn'T Let Me Say
Ca9X3vUYWzs,Official Trailer [Hd]
Ca9X3vUYWzs,Netflix
XuIVa_K59QE,Dangal
XuIVa_K59QE,Main Trailer
XuIVa_K59QE,Netflix
SiW9g5LtJ5Q,Death Note
SiW9g5LtJ5Q,Main Trailer
SiW9g5LtJ5Q,Netflix
-85yzvORUhI,Daughters Of Destiny
-85yzvORUhI,Official Trailer [Hd]
-85yzvORUhI,Netflix
Smg3L1mf_98,To The Bone
Smg3L1mf_98,Main Trailer
Smg3L1mf_98,Netflix
_xm50A3ohf0,Friends From College - Official Trailer - Netflix [Hd]
iMIVq2q8-_A,Orange Is The New Black Recap Feat. Behti Naak
hBuuioY5OFk,House Of Cards Feat. Boman Irani
hBuuioY5OFk,Netflix
KIpNbCrcRcI,Okja
KIpNbCrcRcI,Main Trailer
KIpNbCrcRcI,Netflix
4MG8KmQhtpA,House Of Cards Feat. Alok Nath And Biswa Kalyan Rath
4MG8KmQhtpA,Netflix
g8hn1LtR0t4,Gypsy
g8hn1LtR0t4,The Oath
g8hn1LtR0t4,Netflix
97u8XZ0BXqU,War Machine - Main Trailer - Only On Netflix
F2xBMgWLfJk,Dear Zindagi
F2xBMgWLfJk,Shah Rukh Khan
F2xBMgWLfJk,Netflix
ZET4mCw3qls,Vir Das: Abroad Understanding
ZET4mCw3qls,Official Trailer [Hd]
ZET4mCw3qls,Netflix
N55Ycg3qfAI,Get Me Roger Stone
N55Ycg3qfAI,Official Trailer [Hd]
N55Ycg3qfAI,Netflix
3ixD5mU1up0,13 Reasons Why - Featurette - Netflix
ScHg4RNoVWc,Marvel'S Iron Fist
ScHg4RNoVWc,Who'S Danny Rand
ScHg4RNoVWc,Netflix
lggBmgw3XFk,Marvel'S Iron Fist
lggBmgw3XFk,7 Days Of Iron Fist
lggBmgw3XFk,Netflix
0E9CpCElA8E,Marvel'S Iron Fist
0E9CpCElA8E,Colleen Wing
0E9CpCElA8E,Netflix
vCmuJTDAv3A,Marvel'S Iron Fist
vCmuJTDAv3A,The Final Defender Has Arrived
vCmuJTDAv3A,Netflix
t8hnydeUGNg,Five Came Back
t8hnydeUGNg,Official Trailer
t8hnydeUGNg,Netflix
OQ1r6DH24bI,Marvel'S Iron Fist
OQ1r6DH24bI,"""I Am Danny"" Featurette"
OQ1r6DH24bI,Netflix
PX8pDV4bg30,Love
PX8pDV4bg30,Official Trailer - Season 2 [Hd]
PX8pDV4bg30,Netflix
ioXXEm7_mmY,Serial Cheaters Feat Sumeet & Nidhi
ioXXEm7_mmY,Netflix
GFgOGkmvLvo,Girlboss
GFgOGkmvLvo,Teaser
GFgOGkmvLvo,Netflix
xmHW71_ZnRw,Marvel'S Iron Fist
xmHW71_ZnRw,Official Trailer
xmHW71_ZnRw,Netflix [Hd]
0rjB8ak8yqk,New Year'S Eve With Netflix
0rjB8ak8yqk,Try This At Home
Ef3zqPSo8yk,Netflix On The Go
cD9dNe7ghPs,Diwali With Netflix
cD9dNe7ghPs,Ad-Free And Uninterrupted
y_BZ3ZWPPuo,The Crown - Featurette: Churchill - Netflix
uFPlMiMoGHM,The Crown - Thematic: 2 Courts - Netflix
SiJnwkEmm_A,Diwali On Netflix Feat. Anurag Kashyap
VBK6ciLtd1I,Gilmore Girls: A Year In The Life
VBK6ciLtd1I,Main Trailer [Hd]
VBK6ciLtd1I,Netflix
KGu4BiDZMX0,The Ivory Game - Official Trailer - Netflix Documentary [Hd]
RG7AHnfAhwE,The Crown - Personal Relationships Trailer
13EkH-8mWlg,Gilmore Girls
13EkH-8mWlg,"""We'Re Back"" Featurette [Hd]"
13EkH-8mWlg,Netflix
MiYMAZCo7RI,Haters Back Off
MiYMAZCo7RI,Trailer [Hd]
MiYMAZCo7RI,Netflix
OWj7ehUpHuU,True Memoirs Of An International Assassin - Main Trailer - Only On Netflix
Vq4SH_af1rg,Haters Back Off - Meet Miranda Sings - Netflix [Hd]
STcP5RYOJOQ,Netflix
STcP5RYOJOQ,Hooked Feat. Tanmay Bhatt
hiBqBxl_9bQ,Narcos - Making Of Narcos - Only On Netflix
DzWxQr8miRk,Extremis
DzWxQr8miRk,Official Trailer [Hd]
DzWxQr8miRk,Netflix
nqCz2eQdKIg,Narcos - Season 3 - Only On Netflix 2017
JO93wUHo8w0,"Narcos - Clip: ""Pablo Escapes"" - Netflix"
RoWuudfyN28,Meet Pablo
RoWuudfyN28,Narcos Only On Netflix
B4R02hzbKiY,#Lifewithoutnetflix Feat. Abish Mathew
lwrIYUBOHLs,Project Mc - Season 2 Official Trailer- Netflix [Hd]
lmjdHC64S70,Pablo'S Key Tips For Startup Success
lmjdHC64S70,Only On Netflix
F36Mj5IAFqc,Beat Bugs - Behind The Scenes Featurette - Netflix
BRoAbfsFj2g,Beat Bugs - Official Trailer - Netflix
wVXwcc1BAfY,Brahman Naman Feat Abish Mathew
wVXwcc1BAfY,Interview
wVXwcc1BAfY,Only On Netflix
wYn1uoN2WYc,Stranger Things - The Vanishing Of Will Byers - Netflix [Hd]
0ZtBSRUaDiM,Brahman Naman - Official Premiere
jrQ2BMBDq_E,Planet Virgin - Chapter 3: To Do Or Not To Do - Brahman Naman
59Bn98DvO-0,Planet Virgin - Chapter 2: The Ergonomics Of Release - Brahman Naman
s0Q9m8DKp8I,Planet Virgin - Chapter 1: Courtship - Brahman Naman Only On Netflix
3qngpGAS6wE,Brahman Naman - Date Announcement - Only On Netflix
